country,code,region,year,gdp_per_capita,hdi,life_expectancy,literacy_rate,internet_usage_pct,co2_per_capita,fertility_rate,infant_mortality,education_spending_pct,health_spending_pct,gini_index,political_stability,urbanization_rate,unemployment_rate,renewable_energy_pct,access_to_water_pct,maternal_mortality,population
Afghanistan,AFG,Asia,2000,174.93,0.35,55.0,77.56,0.0,0.18,5.25,83.21,4.4,9.44,52.39,2.02,18.56,7.9,36.33,53.87,1372.0,30.86
Afghanistan,AFG,Asia,2001,138.71,0.35,55.51,78.61,0.0,0.17,5.36,83.57,4.61,9.44,52.52,1.72,18.74,7.97,41.29,54.61,1311.0,31.1
Afghanistan,AFG,Asia,2002,178.95,0.35,56.22,78.33,0.0,0.2,5.21,83.98,4.47,9.44,53.02,0.1,18.94,7.87,37.61,55.1,1263.0,32.78
Afghanistan,AFG,Asia,2003,198.87,0.36,57.17,80.28,0.09,0.18,5.25,82.57,4.97,8.94,52.18,0.49,19.16,7.84,38.62,54.31,1201.0,34.85
Afghanistan,AFG,Asia,2004,221.76,0.37,57.81,79.48,0.11,0.23,5.24,80.3,4.89,9.81,53.49,0.31,19.4,7.79,35.06,57.04,1166.0,36.12
Afghanistan,AFG,Asia,2005,254.18,0.36,58.25,80.65,1.22,0.22,5.06,80.02,5.18,9.95,47.76,1.35,19.71,7.88,39.14,55.97,1108.0,37.42
Afghanistan,AFG,Asia,2006,274.22,0.37,58.55,81.73,2.11,0.24,5.11,81.2,4.22,10.62,56.19,0.93,20.11,7.9,39.55,55.59,1069.0,38.98
Afghanistan,AFG,Asia,2007,376.22,0.37,58.96,81.08,1.9,0.23,5.18,79.8,3.48,9.9,56.86,0.45,20.59,7.84,45.22,59.78,1032.0,39.73
Afghanistan,AFG,Asia,2008,381.73,0.37,59.71,31.45,1.84,0.28,5.16,77.61,3.48,10.26,53.05,0.36,21.12,7.88,43.78,59.44,955.0,40.6
Afghanistan,AFG,Asia,2009,452.05,0.38,60.25,31.45,3.55,0.3,5.06,75.93,3.48,9.82,53.3,0.63,21.69,7.81,45.2,58.93,925.0,42.11
Afghanistan,AFG,Asia,2010,560.62,0.38,60.7,31.45,4.0,0.24,5.05,76.78,3.48,8.57,52.38,1.46,22.26,7.81,0.02,60.5,893.0,43.37
Afghanistan,AFG,Asia,2011,606.69,0.39,61.25,31.45,5.0,0.27,4.99,74.36,3.46,8.56,49.13,0.45,22.82,7.83,0.02,60.31,838.0,45.0
Afghanistan,AFG,Asia,2012,651.42,0.39,61.74,31.45,5.45,0.26,4.99,75.3,2.6,7.9,52.45,1.12,23.34,7.88,2.97,60.07,810.0,46.85
Afghanistan,AFG,Asia,2013,637.09,0.39,62.19,31.45,5.9,0.3,5.05,75.01,3.45,8.81,55.09,0.24,23.81,7.92,2.73,61.48,778.0,48.48
Afghanistan,AFG,Asia,2014,625.05,0.4,62.26,33.75,7.0,0.32,4.75,74.04,3.7,9.53,51.86,2.17,24.19,7.92,2.77,62.76,755.0,50.28
Afghanistan,AFG,Asia,2015,565.57,0.4,62.27,33.75,8.26,0.29,4.87,73.45,3.26,10.11,50.08,1.14,24.46,9.03,2.83,62.21,741.0,51.87
Afghanistan,AFG,Asia,2016,522.08,0.4,62.65,33.75,11.0,0.32,4.82,72.01,4.54,11.82,52.65,0.05,24.66,10.12,3.19,63.75,702.0,53.2
Afghanistan,AFG,Asia,2017,525.47,0.39,62.41,33.75,13.5,0.33,4.89,71.62,4.34,12.62,54.84,0.84,24.84,11.18,3.17,62.95,659.0,54.72
Afghanistan,AFG,Asia,2018,491.34,0.4,62.44,36.01,16.8,0.33,4.92,72.09,4.34,14.21,48.66,1.09,25.0,11.19,3.47,64.78,629.0,56.33
Afghanistan,AFG,Asia,2019,496.6,0.4,62.94,36.01,17.6,0.34,4.74,72.09,4.34,14.83,54.83,0.05,25.14,11.19,3.82,63.3,601.0,58.04
Afghanistan,AFG,Asia,2020,510.79,0.4,61.45,36.01,17.05,0.36,4.67,68.65,4.34,15.53,54.74,0.05,25.26,11.71,5.43,65.38,634.0,59.9
Afghanistan,AFG,Asia,2021,356.5,0.41,60.42,37.27,16.51,0.34,4.53,66.99,5.16,21.51,53.98,1.53,25.35,12.01,6.58,66.53,660.0,61.33
Afghanistan,AFG,Asia,2022,357.26,0.41,65.62,37.27,15.87,0.34,4.68,68.63,4.36,23.09,46.09,0.6,25.39,14.1,6.58,68.79,551.0,62.22
Afghanistan,AFG,Asia,2023,413.76,0.42,66.04,37.27,15.93,0.38,4.48,66.81,4.96,14.99,51.6,0.05,25.47,14.01,6.58,66.89,521.0,63.56
Albania,ALB,Europe,2000,1160.42,0.5,74.83,98.71,0.11,1.95,4.61,17.8,3.33,5.87,31.7,0.09,41.61,19.02,30.15,63.11,15.0,112.74
Albania,ALB,Europe,2001,1326.42,0.51,75.08,98.71,0.33,1.57,4.42,17.0,3.34,5.86,31.7,0.68,42.35,18.57,0.0,65.37,14.0,111.69
Albania,ALB,Europe,2002,1479.84,0.5,75.3,98.71,0.39,1.52,4.53,16.1,3.0,5.6,31.7,0.03,43.15,17.89,0.01,63.93,14.0,111.35
Albania,ALB,Europe,2003,1908.7,0.51,75.56,98.71,0.97,1.77,4.46,15.2,3.04,5.84,31.7,1.75,44.03,16.98,0.01,64.78,13.0,110.93
Albania,ALB,Europe,2004,2446.91,0.5,75.95,98.71,2.42,2.41,4.28,14.4,3.13,5.82,30.6,0.47,44.98,16.31,0.0,63.67,13.0,110.47
Albania,ALB,Europe,2005,2741.72,0.51,76.43,95.94,6.04,1.96,4.3,13.5,3.2,5.66,30.6,0.29,45.99,15.97,0.0,68.26,12.0,109.91
Albania,ALB,Europe,2006,3057.77,0.52,76.99,95.94,9.61,1.86,4.34,12.7,3.1,5.57,30.6,0.28,47.07,15.63,0.0,68.29,11.0,109.22
Albania,ALB,Europe,2007,3743.06,0.52,77.69,95.94,15.04,1.93,4.24,11.9,3.15,5.86,30.0,0.14,48.2,15.97,0.01,68.76,10.0,108.39
Albania,ALB,Europe,2008,4498.5,0.51,78.25,95.94,23.86,1.95,4.34,11.1,3.15,5.44,30.0,0.15,49.39,13.06,0.01,68.39,10.0,107.57
Albania,ALB,Europe,2009,4213.65,0.53,78.51,95.94,41.2,1.94,4.25,10.3,3.15,5.76,30.0,2.51,50.61,13.67,0.01,68.05,9.0,106.84
Albania,ALB,Europe,2010,4149.14,0.52,78.41,96.85,45.0,2.09,4.18,9.6,3.18,6.16,30.0,0.02,51.88,14.09,0.01,68.63,9.0,106.31
Albania,ALB,Europe,2011,4465.71,0.53,78.3,96.85,47.0,1.81,4.15,9.0,3.18,6.11,29.0,0.62,53.29,13.48,0.02,68.5,9.0,106.03
Albania,ALB,Europe,2012,4280.93,0.53,78.08,97.25,49.4,1.82,4.03,8.5,3.3,6.09,29.0,0.2,53.86,13.38,0.02,71.35,10.0,104.41
Albania,ALB,Europe,2013,4542.93,0.54,78.0,97.25,51.8,2.13,4.03,8.0,3.53,6.21,29.0,0.96,54.3,15.87,0.01,69.18,10.0,102.81
Albania,ALB,Europe,2014,4793.6,0.54,78.03,97.25,54.3,1.85,4.0,7.8,3.18,6.36,34.6,0.87,54.73,18.06,0.03,73.97,10.0,101.23
Albania,ALB,Europe,2015,4199.54,0.54,78.36,98.81,56.9,2.01,3.95,7.6,3.41,6.39,32.8,0.04,55.16,17.19,0.02,73.12,9.0,99.68
Albania,ALB,Europe,2016,4457.63,0.54,78.64,98.81,59.6,1.92,3.98,7.6,3.92,6.65,33.7,0.85,55.57,15.42,0.01,71.99,8.0,98.16
Albania,ALB,Europe,2017,5006.36,0.55,78.9,98.81,62.4,2.06,3.97,7.7,3.55,6.5,33.1,0.33,55.98,13.62,0.05,74.19,8.0,96.65
Albania,ALB,Europe,2018,5897.65,0.55,79.24,98.81,65.4,1.74,3.9,7.8,3.08,6.59,30.1,0.5,56.38,12.3,0.02,75.82,7.0,95.17
Albania,ALB,Europe,2019,6069.44,0.55,79.47,98.81,68.55,1.93,3.98,8.0,3.87,6.78,30.1,0.59,56.76,11.47,0.44,74.88,7.0,93.72
Albania,ALB,Europe,2020,6027.91,0.55,77.82,98.81,72.24,2.23,3.95,8.1,3.33,7.47,29.4,0.54,57.14,11.64,0.62,75.16,7.0,92.28
Albania,ALB,Europe,2021,7242.46,0.55,76.84,97.68,79.32,2.31,3.94,8.3,3.01,7.36,29.4,0.58,57.51,11.47,0.47,74.44,14.0,90.87
Albania,ALB,Europe,2022,7756.96,0.56,78.77,97.68,82.61,2.26,3.76,8.3,2.73,7.54,29.4,0.5,57.86,10.78,0.47,77.51,8.0,89.48
Albania,ALB,Europe,2023,9730.87,0.57,79.6,97.68,83.14,2.26,3.62,8.3,3.09,7.05,29.4,0.51,58.21,10.67,0.47,78.58,7.0,88.11
Algeria,DZA,Africa,2000,1772.93,0.46,70.58,69.87,0.49,1.19,4.7,34.8,4.71,3.21,50.61,0.39,59.85,29.77,38.38,59.31,123.0,12.98
Algeria,DZA,Africa,2001,1896.3,0.47,71.03,69.87,0.65,1.17,4.74,33.7,5.88,3.54,49.16,0.32,60.62,27.3,32.48,63.21,113.0,13.15
Algeria,DZA,Africa,2002,1937.46,0.47,71.64,69.87,1.59,1.22,4.72,32.5,5.8,3.44,53.57,0.34,61.38,25.9,0.0,63.52,102.0,13.33
Algeria,DZA,Africa,2003,2283.77,0.47,71.91,69.87,2.2,1.32,4.56,31.3,5.46,3.33,48.35,0.24,62.14,23.72,0.0,63.53,101.0,13.51
Algeria,DZA,Africa,2004,2816.99,0.47,72.54,69.87,4.63,1.42,4.67,30.1,5.51,3.29,51.6,0.03,62.9,17.65,0.0,64.54,91.0,13.7
Algeria,DZA,Africa,2005,3233.13,0.47,72.84,72.65,5.84,1.18,4.6,29.0,4.11,3.12,52.0,0.85,63.66,15.27,0.0,62.72,87.0,13.9
Algeria,DZA,Africa,2006,3660.66,0.48,73.12,72.65,7.38,1.08,4.41,27.9,4.11,3.19,48.41,0.35,64.42,12.27,3.89,65.61,84.0,14.12
Algeria,DZA,Africa,2007,4167.45,0.48,73.35,72.65,9.45,1.27,4.45,26.9,4.11,3.62,51.63,0.01,65.17,13.79,0.0,66.13,83.0,14.35
Algeria,DZA,Africa,2008,5180.92,0.48,73.62,75.14,10.18,1.25,4.38,25.9,4.11,3.98,27.6,0.48,65.9,11.33,30.22,65.38,83.0,14.62
Algeria,DZA,Africa,2009,4235.43,0.48,73.87,75.14,11.23,1.26,4.39,25.1,4.11,4.89,27.6,0.44,66.51,10.16,0.09,66.24,83.0,14.9
Algeria,DZA,Africa,2010,4912.79,0.49,74.14,75.14,12.5,1.18,4.53,24.4,8.69,4.64,27.6,0.15,67.12,9.96,12.29,67.62,82.0,15.19
Algeria,DZA,Africa,2011,5916.31,0.48,74.38,75.14,14.9,1.18,4.42,23.8,9.12,4.83,27.6,0.24,67.73,9.96,3.54,68.63,81.0,15.49
Algeria,DZA,Africa,2012,6033.65,0.49,74.61,87.41,18.2,1.14,4.22,23.2,7.03,5.64,27.6,0.01,68.34,10.97,6.14,67.39,81.0,15.81
Algeria,DZA,Africa,2013,5979.6,0.49,74.81,87.03,22.5,1.45,4.16,22.7,6.66,5.65,27.6,0.05,68.95,9.82,20.7,68.68,81.0,16.13
Algeria,DZA,Africa,2014,6094.69,0.5,74.99,89.22,29.5,1.17,4.33,22.3,6.55,6.01,27.6,0.17,69.55,10.21,0.21,67.58,80.0,16.46
Algeria,DZA,Africa,2015,4685.06,0.5,75.16,89.21,38.2,1.44,4.27,21.9,6.18,6.33,46.18,0.46,70.14,11.21,0.26,70.77,79.0,16.8
Algeria,DZA,Africa,2016,4424.99,0.5,75.31,88.59,42.95,1.17,4.23,21.6,6.5,6.0,48.7,0.16,70.74,10.2,0.3,69.77,79.0,17.15
Algeria,DZA,Africa,2017,4554.67,0.51,75.43,88.71,47.69,1.43,4.24,21.3,5.73,5.95,50.1,0.45,71.32,12.0,0.76,70.41,77.0,17.5
Algeria,DZA,Africa,2018,4577.21,0.51,75.56,88.69,49.04,1.47,4.02,21.0,5.81,5.93,48.69,0.35,71.91,12.11,0.87,72.09,75.0,17.85
Algeria,DZA,Africa,2019,4468.45,0.52,75.68,90.44,55.79,1.34,4.12,20.7,5.58,5.42,49.19,0.08,72.48,12.3,0.84,71.46,73.0,18.18
Algeria,DZA,Africa,2020,3743.54,0.51,73.26,91.29,63.47,1.34,4.15,20.4,6.19,5.64,48.18,0.27,73.05,14.08,1.0,72.47,97.0,18.49
Algeria,DZA,Africa,2021,4160.56,0.52,75.21,91.4,72.21,1.64,3.99,20.2,5.51,5.02,48.83,0.12,73.62,13.66,0.9,71.42,79.0,18.79
Algeria,DZA,Africa,2022,4960.3,0.52,76.13,93.08,74.78,1.33,4.13,20.0,4.75,3.63,48.06,0.11,74.18,12.38,0.9,74.36,64.0,19.09
Algeria,DZA,Africa,2023,5370.48,0.52,76.26,92.22,76.2,1.3,3.88,19.7,5.61,4.35,50.34,0.23,74.73,11.64,0.9,75.5,62.0,19.38
Angola,AGO,Africa,2000,563.73,0.41,46.5,67.41,0.11,0.76,4.96,108.3,2.61,1.69,51.9,0.05,50.51,16.65,9.64,56.04,659.0,12.99
Angola,AGO,Africa,2001,533.59,0.42,47.03,67.41,0.14,0.69,4.87,103.8,2.61,3.96,51.9,0.23,51.72,16.67,3.64,60.72,629.0,13.43
Angola,AGO,Africa,2002,999.07,0.43,47.87,67.41,0.27,0.74,5.01,98.4,2.61,2.94,51.9,0.52,52.89,16.43,0.27,61.5,602.0,13.9
Angola,AGO,Africa,2003,1133.66,0.43,50.22,67.41,0.37,0.84,4.8,92.5,2.12,3.11,51.9,0.06,54.0,16.44,10.9,59.86,538.0,14.39
Angola,AGO,Africa,2004,1451.47,0.43,51.12,67.41,0.46,0.7,4.86,85.8,2.12,3.46,47.05,0.27,55.04,16.31,20.32,58.29,499.0,14.92
Angola,AGO,Africa,2005,2145.89,0.44,52.13,83.09,1.14,0.7,4.71,78.9,2.12,2.55,42.7,0.44,56.0,16.3,0.97,61.63,462.0,15.47
Angola,AGO,Africa,2006,2930.44,0.43,52.96,82.74,1.5,0.77,4.82,72.2,2.28,2.4,42.7,0.18,56.89,16.12,7.19,64.57,437.0,16.05
Angola,AGO,Africa,2007,3515.06,0.45,54.2,85.04,1.7,0.79,4.65,66.0,2.28,2.66,42.7,0.11,57.76,16.07,12.11,61.81,401.0,16.67
Angola,AGO,Africa,2008,4578.16,0.44,55.28,84.59,1.9,0.87,4.61,60.3,2.28,2.98,42.7,0.23,58.59,16.15,0.87,61.65,372.0,17.31
Angola,AGO,Africa,2009,3645.15,0.45,56.22,84.49,2.3,0.78,4.62,55.4,3.42,3.31,42.7,0.37,59.38,16.38,1.36,62.69,348.0,17.98
Angola,AGO,Africa,2010,4101.64,0.44,57.24,85.41,2.8,0.7,4.59,51.1,3.42,2.36,42.7,0.39,60.13,16.6,15.36,64.43,321.0,18.69
Angola,AGO,Africa,2011,5184.15,0.45,58.09,66.03,4.7,0.8,4.58,47.6,3.42,2.36,42.7,0.33,60.84,16.77,0.64,65.72,301.0,19.43
Angola,AGO,Africa,2012,5702.45,0.45,58.92,66.03,7.7,0.74,4.73,44.6,3.08,2.14,50.02,0.33,61.51,16.54,14.25,64.8,278.0,20.2
Angola,AGO,Africa,2013,5688.58,0.46,59.7,66.03,13.0,0.76,4.41,42.2,4.44,2.43,56.82,0.04,62.13,16.46,1.54,66.34,267.0,20.99
Angola,AGO,Africa,2014,5649.69,0.46,60.4,66.03,21.36,0.71,4.48,40.3,4.44,2.16,48.73,0.52,62.72,16.37,0.9,67.44,262.0,21.79
Angola,AGO,Africa,2015,3641.73,0.46,61.04,66.24,22.0,0.73,4.5,38.8,3.49,2.3,51.3,0.14,63.52,16.47,24.97,67.76,249.0,22.59
Angola,AGO,Africa,2016,2051.81,0.46,61.62,66.24,23.2,0.8,4.26,37.6,2.75,2.39,51.3,0.4,64.3,16.57,0.73,68.77,236.0,23.41
Angola,AGO,Africa,2017,2790.72,0.47,62.12,66.24,26.0,0.74,4.48,36.7,2.47,2.44,51.3,0.17,65.09,16.62,12.96,68.79,220.0,24.25
Angola,AGO,Africa,2018,2860.09,0.47,62.62,66.24,29.0,0.84,4.39,36.0,2.18,2.3,51.3,0.06,65.87,16.6,8.79,69.09,208.0,25.1
Angola,AGO,Africa,2019,2493.68,0.48,63.05,89.84,32.13,0.88,4.36,35.5,2.07,2.2,51.3,0.14,66.66,16.5,13.42,69.88,202.0,25.97
Angola,AGO,Africa,2020,1759.36,0.48,63.12,68.18,33.32,0.9,4.28,34.9,2.67,2.82,51.3,0.36,67.46,16.7,9.69,70.9,195.0,26.83
Angola,AGO,Africa,2021,2303.91,0.47,62.96,68.18,34.56,0.88,4.43,34.4,2.3,2.74,51.3,0.46,68.25,15.8,18.9,69.86,211.0,27.7
Angola,AGO,Africa,2022,3682.11,0.49,64.25,68.18,35.84,0.85,4.17,33.7,2.39,2.6,44.69,0.22,69.05,14.12,18.9,71.64,185.0,28.58
Angola,AGO,Africa,2023,2916.14,0.48,64.62,68.18,37.89,0.85,4.23,33.0,2.51,2.55,47.52,0.38,69.85,14.05,18.9,71.31,183.0,29.48
Argentina,ARG,Americas,2000,7637.01,0.55,73.91,97.19,7.04,2.35,4.12,16.7,4.58,8.22,51.0,0.33,89.18,15.0,0.38,66.34,58.0,13.6
Argentina,ARG,Americas,2001,7141.48,0.55,74.15,97.19,9.78,2.5,4.12,16.2,4.83,8.27,53.3,0.62,89.37,17.32,5.77,70.12,60.0,13.75
Argentina,ARG,Americas,2002,2569.7,0.56,74.31,97.19,10.88,2.98,4.18,15.8,4.02,7.33,53.8,0.7,89.56,19.59,11.1,67.45,59.0,13.9
Argentina,ARG,Americas,2003,3320.48,0.56,74.31,97.19,11.91,2.98,4.05,15.3,3.54,6.93,51.0,0.93,89.75,15.36,10.34,69.01,61.0,14.04
Argentina,ARG,Americas,2004,4242.02,0.56,74.87,97.19,16.04,3.2,4.06,14.9,3.49,7.09,48.5,0.38,89.94,13.52,8.84,68.12,58.0,14.18
Argentina,ARG,Americas,2005,5067.65,0.56,75.23,86.52,17.72,2.66,3.98,14.4,3.86,7.73,47.8,0.37,90.12,11.51,5.28,70.46,57.0,14.33
Argentina,ARG,Americas,2006,5869.38,0.56,75.28,89.9,20.93,3.12,4.06,14.0,4.13,7.71,46.4,0.51,90.3,10.08,18.65,71.08,60.0,14.48
Argentina,ARG,Americas,2007,7185.25,0.56,74.78,88.61,25.95,3.13,3.81,13.6,4.46,7.86,46.3,0.54,90.48,8.47,11.05,70.79,62.0,14.62
Argentina,ARG,Americas,2008,8944.11,0.57,75.43,89.61,28.11,2.83,3.97,13.2,4.84,8.24,45.0,0.73,90.65,7.84,23.47,71.16,59.0,14.77
Argentina,ARG,Americas,2009,8150.24,0.57,75.58,88.61,34.0,2.83,3.89,12.8,5.53,9.57,43.8,0.52,90.82,8.64,0.5,72.13,62.0,14.93
Argentina,ARG,Americas,2010,10260.13,0.57,75.68,88.78,45.0,3.33,3.89,12.4,5.02,9.49,43.7,0.48,90.99,7.71,26.68,69.06,55.0,15.09
Argentina,ARG,Americas,2011,12704.28,0.57,76.1,90.57,51.0,3.16,3.97,11.9,5.29,9.51,42.7,0.24,91.11,7.18,20.62,72.66,48.0,15.25
Argentina,ARG,Americas,2012,12949.72,0.58,75.8,90.04,55.8,2.69,3.71,11.4,5.35,9.89,41.4,0.77,91.2,7.22,41.34,74.84,49.0,15.41
Argentina,ARG,Americas,2013,12963.68,0.59,75.83,91.12,59.9,2.79,3.84,10.9,5.44,9.92,41.1,0.65,91.3,7.1,18.62,73.3,47.0,15.56
Argentina,ARG,Americas,2014,12233.14,0.58,76.27,91.54,64.7,3.3,3.65,10.4,5.36,9.8,41.8,0.1,91.4,7.27,10.97,74.31,43.0,15.72
Argentina,ARG,Americas,2015,13679.63,0.59,76.6,91.09,68.04,2.6,3.7,10.0,5.78,10.27,41.8,0.77,91.49,7.58,8.0,76.77,39.0,15.89
Argentina,ARG,Americas,2016,12699.96,0.59,76.1,92.65,70.97,3.33,3.69,9.7,5.55,10.05,42.3,0.23,91.59,8.09,8.38,77.06,40.0,16.04
Argentina,ARG,Americas,2017,14532.5,0.59,76.54,99.14,74.29,3.64,3.63,9.4,5.45,10.26,41.4,0.51,91.68,8.35,2.35,77.55,38.0,16.18
Argentina,ARG,Americas,2018,11752.8,0.6,76.77,99.14,77.7,2.9,3.48,9.1,4.88,10.17,41.7,0.51,91.77,9.22,6.5,76.05,38.0,16.32
Argentina,ARG,Americas,2019,9955.97,0.6,76.85,99.14,79.95,2.98,3.53,8.9,4.77,10.12,43.3,0.63,91.86,9.84,1.5,77.8,36.0,16.43
Argentina,ARG,Americas,2020,8535.6,0.6,75.88,99.14,85.51,3.38,3.43,8.7,5.28,10.67,42.7,0.52,91.94,11.46,6.17,79.91,40.0,16.51
Argentina,ARG,Americas,2021,10738.02,0.61,73.95,99.14,87.15,2.94,3.36,8.5,4.65,11.01,42.4,0.66,92.03,8.74,9.06,80.1,76.0,16.56
Argentina,ARG,Americas,2022,13962.19,0.61,75.81,99.14,88.38,3.21,3.5,8.4,4.79,10.16,40.7,0.39,92.11,6.8,9.06,80.05,39.0,16.59
Argentina,ARG,Americas,2023,14261.85,0.61,77.4,99.14,89.23,3.19,3.49,8.2,5.0,10.27,42.4,0.93,92.19,6.14,9.06,80.78,33.0,16.64
Armenia,ARM,Asia,2000,593.45,0.48,72.88,99.4,1.3,1.68,4.71,27.8,2.77,4.2,36.2,0.28,64.96,11.11,0.0,64.09,40.0,113.14
Armenia,ARM,Asia,2001,659.59,0.48,72.98,99.4,1.63,1.61,4.49,26.3,2.47,4.65,35.4,0.61,64.82,11.01,23.07,63.54,38.0,112.81
Armenia,ARM,Asia,2002,742.65,0.49,72.83,99.4,1.96,1.44,4.58,25.0,2.14,7.61,34.8,0.28,64.74,10.89,12.73,64.56,36.0,112.39
Armenia,ARM,Asia,2003,882.03,0.48,72.83,99.4,4.58,1.6,4.57,23.6,2.15,7.18,33.0,0.2,64.67,10.77,8.48,63.32,35.0,111.78
Armenia,ARM,Asia,2004,1130.09,0.49,73.03,99.4,4.9,1.54,4.46,22.4,2.49,6.06,37.5,0.43,64.6,10.68,0.26,63.87,34.0,111.17
Armenia,ARM,Asia,2005,1557.48,0.49,73.08,85.24,5.25,1.71,4.58,21.2,2.71,5.86,36.0,0.15,64.53,10.58,3.4,65.48,32.0,110.52
Armenia,ARM,Asia,2006,2041.65,0.49,72.82,84.61,5.63,1.42,4.38,20.1,2.72,5.85,29.7,0.14,64.48,10.5,0.01,66.14,31.0,109.84
Armenia,ARM,Asia,2007,2962.7,0.5,72.87,86.79,6.02,1.39,4.29,19.1,3.02,5.5,31.2,0.27,64.43,10.39,0.04,66.61,30.0,109.15
Armenia,ARM,Asia,2008,3777.67,0.5,73.07,99.74,6.21,1.43,4.34,18.1,3.17,6.64,29.2,0.62,64.38,17.1,0.03,69.11,29.0,108.43
Armenia,ARM,Asia,2009,2820.59,0.5,73.07,99.74,15.3,1.44,4.24,17.2,3.84,8.44,28.0,0.01,64.35,19.3,0.08,68.02,29.0,107.69
Armenia,ARM,Asia,2010,3041.34,0.51,73.17,99.74,25.0,1.6,4.34,16.3,3.25,9.24,30.0,0.49,64.33,19.52,0.11,69.48,28.0,106.95
Armenia,ARM,Asia,2011,3349.55,0.51,73.82,99.74,32.0,1.59,4.11,15.5,3.14,9.38,29.4,0.29,64.32,18.88,0.07,69.83,27.0,106.35
Armenia,ARM,Asia,2012,3511.56,0.51,74.12,99.74,37.5,1.27,4.28,14.8,2.77,9.13,29.6,0.79,64.33,17.51,1.81,70.62,27.0,106.22
Armenia,ARM,Asia,2013,3680.17,0.52,74.62,99.74,41.9,1.91,4.06,14.1,2.65,10.32,30.6,0.12,64.36,16.58,0.05,68.96,26.0,106.15
Armenia,ARM,Asia,2014,3852.12,0.51,74.87,99.74,54.62,1.4,4.21,13.4,2.25,10.18,31.5,0.25,64.41,17.5,0.06,72.2,26.0,105.86
Armenia,ARM,Asia,2015,3512.39,0.51,74.87,99.74,59.1,1.47,4.18,12.8,2.81,10.12,32.4,0.54,64.49,18.26,0.04,70.72,25.0,105.54
Armenia,ARM,Asia,2016,3524.42,0.53,74.87,99.74,64.35,1.82,4.03,12.2,2.76,9.95,32.5,0.22,64.59,17.62,0.03,72.42,25.0,105.1
Armenia,ARM,Asia,2017,3869.05,0.53,75.22,99.74,64.74,1.54,4.06,11.7,2.71,10.36,33.6,0.09,64.71,17.7,0.03,71.83,24.0,104.65
Armenia,ARM,Asia,2018,4196.01,0.53,75.62,100.0,68.25,1.85,4.04,11.2,2.11,10.01,34.4,0.58,64.85,18.97,0.28,73.28,24.0,104.29
Armenia,ARM,Asia,2019,4597.23,0.54,76.22,100.0,66.54,1.5,3.96,10.7,2.16,11.38,30.0,0.02,65.0,18.3,0.36,74.23,23.0,104.06
Armenia,ARM,Asia,2020,4268.68,0.54,73.38,99.79,76.51,1.8,3.82,10.2,2.71,12.24,25.1,0.1,65.17,18.18,0.75,72.82,43.0,105.03
Armenia,ARM,Asia,2021,4685.18,0.53,72.28,99.79,78.61,1.52,3.76,9.7,2.77,12.32,27.9,0.5,65.36,15.47,2.1,75.14,57.0,105.06
Armenia,ARM,Asia,2022,6571.97,0.54,74.77,99.82,77.03,1.66,3.8,9.3,2.49,9.96,27.9,0.01,65.56,13.45,2.1,77.12,27.0,105.3
Armenia,ARM,Asia,2023,8159.09,0.54,77.47,99.84,80.0,1.56,3.95,8.9,2.44,9.32,27.2,0.52,65.7,12.4,2.1,78.5,19.0,105.12
Australia,AUS,Oceania,2000,21909.0,0.84,79.23,94.35,46.76,19.62,2.38,5.1,7.36,7.59,33.5,2.12,85.11,6.29,0.59,87.26,7.0,2.48
Australia,AUS,Oceania,2001,19733.65,0.84,79.63,93.81,52.69,15.35,2.53,5.0,7.49,7.67,33.5,1.78,85.15,6.75,0.71,87.35,6.0,2.51
Australia,AUS,Oceania,2002,20335.1,0.85,79.94,94.27,52.69,17.63,2.34,4.9,7.34,7.87,33.5,1.59,85.28,6.38,0.88,88.59,6.0,2.54
Australia,AUS,Oceania,2003,23757.59,0.85,80.24,94.28,52.69,21.14,2.26,4.9,7.71,7.88,33.5,1.18,85.41,5.93,1.06,89.19,5.0,2.57
Australia,AUS,Oceania,2004,30886.05,0.86,80.49,95.03,63.0,20.3,2.25,4.8,7.41,8.08,33.1,2.26,85.52,5.4,1.13,90.22,5.0,2.59
Australia,AUS,Oceania,2005,34535.21,0.87,80.84,93.02,63.0,17.82,2.3,4.8,8.06,7.96,33.1,1.66,85.62,5.04,2.1,90.41,5.0,2.63
Australia,AUS,Oceania,2006,36658.82,0.87,81.04,96.25,66.0,17.53,2.12,4.7,7.51,7.97,33.1,1.49,85.75,4.78,2.46,90.49,5.0,2.66
Australia,AUS,Oceania,2007,41128.25,0.87,81.29,95.86,69.45,17.96,2.22,4.5,7.83,8.05,35.4,1.76,85.9,4.38,2.74,92.68,5.0,2.71
Australia,AUS,Oceania,2008,49811.21,0.87,81.4,95.01,71.67,17.51,2.18,4.4,7.53,8.25,35.4,1.7,86.03,4.24,3.21,93.14,5.0,2.77
Australia,AUS,Oceania,2009,42954.85,0.87,81.54,98.15,74.25,15.76,2.1,4.2,7.41,8.54,35.4,2.16,86.13,5.56,2.74,93.13,5.0,2.82
Australia,AUS,Oceania,2010,52313.89,0.87,81.7,97.67,76.0,17.32,2.15,4.0,7.71,8.42,34.7,1.79,86.22,5.21,3.25,94.31,5.0,2.87
Australia,AUS,Oceania,2011,62799.39,0.87,81.9,98.72,79.49,16.64,1.97,3.8,7.45,8.53,34.7,1.69,86.33,5.08,3.77,93.58,6.0,2.91
Australia,AUS,Oceania,2012,68301.44,0.88,82.05,98.92,79.0,16.9,2.13,3.6,7.71,8.67,34.7,1.64,86.45,5.22,4.92,96.29,6.0,2.96
Australia,AUS,Oceania,2013,68476.68,0.88,82.15,99.47,83.45,16.43,1.96,3.5,7.43,8.75,34.4,2.1,86.57,5.66,5.85,94.81,6.0,3.01
Australia,AUS,Oceania,2014,62817.21,0.88,82.3,99.9,84.0,18.82,1.96,3.4,7.8,9.83,34.4,1.95,86.72,6.08,7.18,94.87,6.0,3.06
Australia,AUS,Oceania,2015,56970.36,0.88,82.4,99.85,84.56,14.67,1.93,3.3,7.59,10.14,34.4,1.84,86.88,6.06,7.98,95.09,6.0,3.1
Australia,AUS,Oceania,2016,50084.44,0.88,82.45,99.9,86.54,17.75,1.92,3.2,7.56,10.09,33.7,1.88,87.02,5.71,8.62,95.19,6.0,3.14
Australia,AUS,Oceania,2017,54117.55,0.89,82.5,98.75,86.55,19.46,1.88,3.2,5.39,10.11,33.7,1.61,87.13,5.59,9.37,97.19,6.0,3.2
Australia,AUS,Oceania,2018,57410.17,0.89,82.75,99.71,90.01,21.98,1.81,3.2,5.39,10.09,34.3,1.98,87.23,5.34,10.96,98.94,5.0,3.25
Australia,AUS,Oceania,2019,55194.76,0.9,82.9,99.9,93.61,19.94,1.74,3.2,5.39,10.25,34.3,1.87,87.3,5.14,13.66,99.9,5.0,3.29
Australia,AUS,Oceania,2020,51983.45,0.9,83.2,99.9,94.69,17.38,1.78,3.2,5.39,10.7,33.8,1.61,87.27,6.39,16.89,99.49,5.0,3.33
Australia,AUS,Oceania,2021,60758.9,0.9,83.3,99.9,96.97,17.64,1.72,3.2,5.34,10.52,33.8,1.89,87.24,5.02,20.94,99.62,4.0,3.34
Australia,AUS,Oceania,2022,65169.52,0.91,83.2,99.9,96.12,20.32,1.48,3.2,5.06,9.89,33.8,1.8,87.33,3.73,20.94,99.9,4.0,3.38
Australia,AUS,Oceania,2023,65058.38,0.91,83.05,99.9,96.12,20.01,1.44,3.1,5.06,10.4,33.8,1.94,87.49,3.67,20.94,99.9,2.0,3.47
Austria,AUT,Europe,2000,24487.3,0.83,78.13,92.59,33.73,18.45,2.46,4.6,5.62,9.39,29.0,1.75,66.77,4.69,2.61,85.66,7.0,97.09
Austria,AUT,Europe,2001,24430.5,0.83,78.58,95.2,39.19,14.52,2.37,4.5,5.6,9.45,29.0,1.68,66.84,4.01,2.85,85.54,6.0,97.46
Austria,AUT,Europe,2002,26334.86,0.83,78.68,94.51,36.56,19.94,2.56,4.4,5.56,9.59,29.5,1.84,66.89,4.85,2.67,86.29,6.0,97.94
Austria,AUT,Europe,2003,32110.12,0.83,78.63,94.8,42.7,16.45,2.3,4.3,5.39,9.7,29.5,1.92,66.93,4.78,3.49,87.76,6.0,98.42
Austria,AUT,Europe,2004,36614.25,0.84,79.18,93.88,54.28,15.46,2.47,4.2,5.34,9.82,29.8,2.01,66.96,5.97,4.69,89.52,6.0,99.03
Austria,AUT,Europe,2005,38157.37,0.84,79.33,95.54,58.0,15.68,2.36,4.1,5.29,9.72,28.7,1.91,66.98,5.68,5.67,90.31,6.0,99.71
Austria,AUT,Europe,2006,40382.21,0.84,79.88,96.65,63.6,14.81,2.28,4.0,5.26,9.64,29.6,2.0,67.0,5.32,7.75,88.79,6.0,100.2
Austria,AUT,Europe,2007,46622.96,0.85,80.18,96.13,69.37,19.09,2.37,3.9,5.18,9.6,30.6,1.38,67.02,4.91,9.41,89.99,6.0,100.53
Austria,AUT,Europe,2008,51581.4,0.85,80.43,97.21,72.87,18.33,2.18,3.8,5.3,9.83,30.4,1.94,67.04,4.2,9.28,89.73,6.0,100.84
Austria,AUT,Europe,2009,47857.44,0.85,80.33,97.38,73.45,15.46,2.31,3.7,5.77,10.31,31.5,1.93,67.07,5.37,9.09,92.17,6.0,101.11
Austria,AUT,Europe,2010,46611.14,0.85,80.58,95.41,75.17,15.63,2.2,3.6,5.74,10.32,30.3,2.28,67.1,4.88,9.33,94.7,6.0,101.35
Austria,AUT,Europe,2011,51116.9,0.86,80.98,97.98,78.74,20.94,2.26,3.5,5.63,10.14,30.8,1.52,67.15,4.64,10.14,90.73,6.0,101.69
Austria,AUT,Europe,2012,48250.41,0.86,80.94,98.9,80.03,17.16,2.08,3.4,5.52,10.3,30.5,1.91,67.21,4.91,10.3,96.24,6.0,102.16
Austria,AUT,Europe,2013,50305.35,0.86,81.14,99.9,80.62,16.3,2.09,3.3,5.59,10.41,30.8,1.6,67.3,5.37,12.4,91.56,6.0,102.76
Austria,AUT,Europe,2014,51314.97,0.87,81.49,97.75,81.0,17.34,2.07,3.2,5.5,10.51,30.5,2.21,67.42,5.67,14.03,94.09,7.0,103.57
Austria,AUT,Europe,2015,43915.23,0.87,81.19,99.12,83.94,12.24,2.19,3.1,5.49,10.52,30.5,2.27,67.56,5.8,15.97,95.14,7.0,104.73
Austria,AUT,Europe,2016,45061.5,0.86,81.64,99.78,84.32,16.7,1.94,3.0,5.51,10.52,30.8,1.05,67.72,6.06,16.27,94.1,6.0,105.87
Austria,AUT,Europe,2017,47163.74,0.88,81.64,99.9,87.94,18.68,1.93,3.0,5.4,10.57,29.7,1.86,67.91,5.56,17.89,96.76,6.0,106.61
Austria,AUT,Europe,2018,51194.07,0.87,81.69,99.9,87.48,17.87,1.95,2.9,5.25,10.52,30.8,1.22,68.1,4.93,18.09,97.16,7.0,107.13
Austria,AUT,Europe,2019,49885.99,0.88,81.9,99.45,87.75,19.86,2.03,2.9,5.24,10.63,30.2,2.05,68.32,4.56,18.6,97.76,7.0,107.61
Austria,AUT,Europe,2020,48716.41,0.89,81.19,99.9,87.53,16.62,1.78,2.9,5.58,11.41,29.8,1.88,68.54,5.2,18.5,98.27,6.0,108.06
Austria,AUT,Europe,2021,53648.64,0.89,81.19,99.9,92.53,18.95,1.81,2.8,5.48,12.19,30.7,1.8,68.77,6.46,19.79,97.14,6.0,108.53
Austria,AUT,Europe,2022,52336.77,0.89,81.3,99.9,93.61,16.08,1.78,2.8,5.28,11.23,30.9,2.28,69.0,4.99,19.79,99.9,7.0,109.57
Austria,AUT,Europe,2023,56579.5,0.89,81.79,99.9,95.33,20.84,1.73,2.8,5.28,11.15,31.2,1.54,69.23,5.26,19.79,99.66,6.0,110.66
Bangladesh,BGD,Asia,2000,396.67,0.41,62.05,47.49,0.07,0.81,4.94,59.8,2.13,1.81,33.4,0.56,23.31,3.27,3.94,58.62,523.0,1033.6
Bangladesh,BGD,Asia,2001,394.66,0.42,62.84,47.49,0.13,0.75,4.9,56.6,2.17,1.77,33.4,0.92,23.7,3.61,1.72,61.74,495.0,1050.98
Bangladesh,BGD,Asia,2002,393.89,0.43,63.59,47.49,0.14,0.74,4.96,53.6,2.02,1.93,33.4,2.21,24.11,3.97,2.46,59.86,465.0,1067.32
Bangladesh,BGD,Asia,2003,426.75,0.43,64.29,47.49,0.16,0.71,5.02,50.8,2.07,1.96,33.2,0.01,24.55,4.32,1.83,59.18,436.0,1082.97
Bangladesh,BGD,Asia,2004,455.61,0.43,64.91,47.49,0.2,0.65,4.76,48.3,1.94,2.0,33.2,0.71,25.01,4.32,1.22,61.44,406.0,1097.82
Bangladesh,BGD,Asia,2005,480.09,0.43,65.51,83.01,0.24,0.61,4.98,46.0,1.94,2.06,33.2,0.06,25.48,4.25,0.87,61.23,378.0,1111.74
Bangladesh,BGD,Asia,2006,490.39,0.43,66.05,83.09,1.0,0.68,4.83,43.8,2.13,2.11,33.2,0.89,25.95,3.59,0.63,61.21,352.0,1124.73
Bangladesh,BGD,Asia,2007,537.96,0.44,66.46,85.35,1.8,0.81,4.76,41.8,2.2,2.17,33.2,0.24,26.42,4.01,5.7,60.76,334.0,1136.89
Bangladesh,BGD,Asia,2008,613.06,0.44,67.05,58.77,2.5,0.62,4.63,40.0,2.05,2.12,32.1,0.08,26.87,4.49,14.63,63.38,310.0,1148.3
Bangladesh,BGD,Asia,2009,679.21,0.44,67.53,58.77,3.1,0.86,4.7,38.3,1.94,2.18,32.1,0.15,27.31,5.0,0.53,62.97,293.0,1159.05
Bangladesh,BGD,Asia,2010,757.39,0.44,68.01,58.77,3.7,0.67,4.52,36.8,1.94,2.29,32.1,0.65,27.73,3.38,0.31,63.32,275.0,1169.26
Bangladesh,BGD,Asia,2011,837.34,0.45,68.5,58.77,4.5,0.67,4.7,35.3,2.13,2.36,32.1,1.18,28.11,3.74,0.18,66.48,258.0,1179.93
Bangladesh,BGD,Asia,2012,859.68,0.45,68.99,57.86,5.0,0.86,4.48,33.9,2.18,2.35,32.1,0.32,28.48,4.07,0.45,65.53,244.0,1191.29
Bangladesh,BGD,Asia,2013,958.26,0.46,69.49,61.02,6.63,0.89,4.71,32.6,1.97,2.3,32.1,0.33,28.84,4.43,0.06,67.09,230.0,1202.52
Bangladesh,BGD,Asia,2014,1094.46,0.46,70.02,61.09,9.05,0.79,4.54,31.2,2.1,2.28,32.4,0.16,29.19,4.42,0.4,66.37,217.0,1213.53
Bangladesh,BGD,Asia,2015,1224.39,0.46,70.54,65.14,12.37,0.79,4.4,29.8,1.87,2.27,32.4,0.56,29.54,4.4,0.81,66.78,204.0,1224.42
Bangladesh,BGD,Asia,2016,1649.28,0.46,71.08,72.76,16.9,0.93,4.45,28.5,1.28,2.39,32.4,0.25,29.88,4.35,0.34,68.72,191.0,1235.4
Bangladesh,BGD,Asia,2017,1811.08,0.46,71.61,72.89,21.5,0.7,4.53,27.3,2.11,2.37,32.4,0.02,30.2,4.37,0.43,66.92,179.0,1245.96
Bangladesh,BGD,Asia,2018,1965.24,0.47,72.12,73.91,25.57,0.9,4.39,26.2,2.09,2.32,32.4,0.77,30.52,4.44,0.21,71.38,168.0,1256.23
Bangladesh,BGD,Asia,2019,2129.8,0.47,72.62,74.68,30.38,0.91,4.44,25.4,1.13,2.13,32.4,1.59,30.82,4.5,0.51,69.58,157.0,1266.91
Bangladesh,BGD,Asia,2020,2248.85,0.47,71.42,74.91,36.11,0.7,4.31,24.8,2.14,2.18,30.9,0.01,31.12,5.54,0.45,66.52,152.0,1277.54
Bangladesh,BGD,Asia,2021,2482.85,0.48,71.1,76.36,38.92,0.93,4.2,24.5,2.17,2.27,30.9,0.55,31.4,5.46,0.78,70.99,194.0,1288.0
Bangladesh,BGD,Asia,2022,2716.49,0.48,74.26,79.0,41.62,0.8,4.28,24.4,2.09,2.22,30.9,0.14,31.67,4.59,0.78,72.83,131.0,1300.36
Bangladesh,BGD,Asia,2023,2551.02,0.49,74.67,79.0,44.5,0.87,4.21,24.4,2.16,2.17,30.9,0.19,32.16,3.35,0.78,71.97,115.0,1319.18
Belgium,BEL,Europe,2000,23098.89,0.81,77.72,92.64,29.43,14.19,2.6,4.8,7.26,8.0,33.1,1.46,82.02,6.59,0.7,85.5,8.0,337.96
Belgium,BEL,Europe,2001,23015.07,0.82,77.97,92.31,31.29,15.9,2.58,4.7,7.06,8.15,33.1,1.55,82.34,6.18,0.79,87.77,8.0,339.12
Belgium,BEL,Europe,2002,25006.19,0.82,78.08,93.06,46.33,15.14,2.64,4.5,5.8,8.32,28.1,1.56,82.65,6.91,0.95,85.33,7.0,340.65
Belgium,BEL,Europe,2003,30655.21,0.82,78.13,93.24,49.97,14.91,2.65,4.4,5.8,9.19,28.1,1.57,82.96,7.68,1.12,88.18,7.0,342.07
Belgium,BEL,Europe,2004,35429.41,0.82,78.88,92.43,53.86,14.87,2.49,4.2,5.8,9.35,30.5,1.67,83.27,7.36,1.4,88.95,7.0,343.56
Belgium,BEL,Europe,2005,36809.7,0.83,78.98,93.61,55.82,15.33,2.35,4.1,5.8,9.25,29.3,2.14,83.56,8.44,2.12,87.46,7.0,345.45
Belgium,BEL,Europe,2006,38705.11,0.82,79.38,94.91,61.98,13.37,2.66,4.0,5.8,9.13,28.1,1.8,83.86,8.25,3.07,86.35,6.0,347.74
Belgium,BEL,Europe,2007,44319.17,0.83,79.78,95.58,66.76,16.92,2.18,3.9,6.33,9.14,29.2,1.85,84.15,7.46,3.52,91.34,7.0,350.3
Belgium,BEL,Europe,2008,48303.4,0.83,79.68,97.9,68.86,16.53,2.25,3.8,6.33,9.6,28.4,1.52,84.43,6.98,4.75,89.55,6.0,353.08
Belgium,BEL,Europe,2009,44923.34,0.84,80.03,96.39,74.54,16.41,2.5,3.8,6.43,10.54,28.6,1.72,84.7,7.91,5.61,89.4,6.0,355.93
Belgium,BEL,Europe,2010,44197.39,0.84,80.18,96.21,77.64,13.12,2.24,3.7,6.44,10.41,28.4,1.24,84.97,8.29,6.68,89.84,6.0,359.2
Belgium,BEL,Europe,2011,47760.83,0.85,80.59,98.39,81.61,14.91,2.21,3.6,6.38,10.41,28.1,1.88,85.23,7.14,8.98,93.76,6.0,363.9
Belgium,BEL,Europe,2012,44874.17,0.84,80.39,98.93,80.72,15.23,2.13,3.5,6.57,10.59,27.5,2.12,85.49,7.54,12.24,93.81,5.0,366.17
Belgium,BEL,Europe,2013,46964.59,0.85,80.59,99.07,82.17,14.95,2.26,3.5,6.6,10.64,27.7,1.91,85.74,8.43,13.6,93.49,6.0,367.9
Belgium,BEL,Europe,2014,47995.78,0.86,81.29,98.73,85.0,16.7,2.3,3.4,6.56,10.62,28.1,1.43,85.98,8.52,16.44,93.03,5.0,369.53
Belgium,BEL,Europe,2015,40893.8,0.86,80.99,99.18,85.05,15.23,2.26,3.4,6.47,10.88,27.7,1.26,86.22,8.48,20.29,95.38,5.0,371.68
Belgium,BEL,Europe,2016,41854.55,0.85,81.44,99.9,86.52,16.88,2.18,3.4,6.49,10.9,27.6,2.05,86.45,7.83,16.23,93.35,5.0,373.57
Belgium,BEL,Europe,2017,44035.32,0.86,81.49,99.9,87.68,14.79,2.04,3.3,6.45,10.94,27.4,1.94,86.67,7.09,17.94,94.31,5.0,375.01
Belgium,BEL,Europe,2018,47487.21,0.86,81.6,99.9,88.65,12.69,1.99,3.3,6.39,10.99,27.2,1.56,86.89,5.94,22.52,96.88,5.0,374.74
Belgium,BEL,Europe,2019,46716.62,0.87,82.0,99.9,90.28,18.11,1.94,3.3,6.32,10.86,27.2,1.95,87.1,5.36,20.48,95.48,4.0,376.76
Belgium,BEL,Europe,2020,45906.29,0.87,80.7,99.9,91.53,16.39,1.89,3.2,6.75,11.46,26.0,2.01,87.3,5.54,25.94,95.66,4.0,378.39
Belgium,BEL,Europe,2021,51658.24,0.87,81.79,99.9,92.79,18.32,1.94,3.2,6.38,11.29,26.6,1.43,87.43,6.25,22.2,96.67,7.0,379.95
Belgium,BEL,Europe,2022,50605.75,0.87,81.75,99.9,94.01,14.26,1.92,3.2,6.28,10.74,26.4,1.68,87.49,5.57,22.2,96.88,11.0,383.03
Belgium,BEL,Europe,2023,55291.48,0.88,82.4,99.9,94.63,17.31,1.82,3.2,6.28,10.8,26.8,1.79,87.55,5.55,22.2,99.19,4.0,386.3
Bolivia,BOL,Americas,2000,975.78,0.46,62.06,86.72,1.44,1.1,4.71,57.2,5.58,4.4,61.6,0.17,61.86,2.44,16.56,60.9,287.0,7.94
Bolivia,BOL,Americas,2001,930.17,0.46,62.54,86.72,2.12,1.02,4.79,54.0,5.18,4.83,57.4,1.17,62.34,2.62,0.78,62.06,276.0,8.08
Bolivia,BOL,Americas,2002,888.22,0.46,63.07,86.72,3.12,1.22,4.63,50.9,5.24,4.9,59.3,0.18,62.82,2.6,0.38,60.37,262.0,8.22
Bolivia,BOL,Americas,2003,893.01,0.46,63.46,86.72,3.51,1.33,4.62,48.0,6.43,5.2,59.3,1.35,63.29,2.65,0.37,64.42,256.0,8.35
Bolivia,BOL,Americas,2004,953.19,0.46,63.82,86.72,4.44,1.02,4.62,45.2,6.43,4.86,55.0,0.01,63.76,2.62,1.12,63.21,251.0,8.5
Bolivia,BOL,Americas,2005,1020.12,0.47,64.18,90.29,5.23,1.22,4.52,42.6,6.43,5.07,58.5,0.82,64.21,2.6,1.05,63.53,242.0,8.64
Bolivia,BOL,Americas,2006,1202.71,0.46,64.53,90.29,6.2,1.13,4.73,40.1,6.43,4.66,56.7,0.54,64.66,2.58,0.95,63.89,236.0,8.79
Bolivia,BOL,Americas,2007,1354.55,0.47,64.94,90.29,10.5,1.09,4.61,37.7,6.72,4.7,54.5,0.17,65.11,2.61,1.38,63.65,224.0,8.94
Bolivia,BOL,Americas,2008,1692.67,0.48,65.3,90.7,12.5,1.27,4.5,35.5,6.72,4.61,50.8,1.18,65.54,2.6,1.68,64.06,214.0,9.09
Bolivia,BOL,Americas,2009,1731.18,0.48,65.66,91.17,16.8,1.13,4.48,33.4,7.57,5.17,49.2,1.28,65.98,2.97,1.93,65.96,205.0,9.25
Bolivia,BOL,Americas,2010,1929.78,0.48,66.0,91.17,22.4,1.45,4.52,31.5,6.97,5.2,49.2,0.08,66.41,2.61,1.66,67.11,196.0,9.4
Bolivia,BOL,Americas,2011,2315.52,0.49,66.28,92.23,30.0,1.08,4.42,29.7,6.45,5.17,46.1,0.3,66.83,2.26,1.76,66.78,187.0,9.55
Bolivia,BOL,Americas,2012,2575.6,0.49,66.59,94.46,35.34,1.14,4.36,28.0,6.63,5.25,46.6,0.15,67.26,2.07,1.7,67.03,180.0,9.71
Bolivia,BOL,Americas,2013,2870.02,0.49,66.78,94.46,36.99,1.21,4.39,26.4,6.8,5.57,47.6,0.05,67.67,2.44,1.79,68.0,175.0,9.86
Bolivia,BOL,Americas,2014,3041.44,0.5,66.97,92.46,34.6,1.19,4.24,24.9,7.48,5.9,47.8,0.27,68.04,2.02,1.94,69.91,171.0,10.01
Bolivia,BOL,Americas,2015,2996.01,0.5,67.2,92.46,37.49,1.22,4.19,23.5,8.14,6.55,46.7,0.06,68.4,3.11,2.18,69.0,166.0,10.17
Bolivia,BOL,Americas,2016,3035.87,0.5,67.39,92.46,39.7,1.24,4.31,22.1,8.15,6.83,45.2,0.29,68.74,3.5,2.33,69.49,162.0,10.32
Bolivia,BOL,Americas,2017,4048.4,0.5,67.54,92.46,43.83,1.23,4.3,20.8,8.1,6.49,44.6,0.16,69.08,3.66,1.97,70.96,160.0,10.47
Bolivia,BOL,Americas,2018,4206.86,0.5,67.7,93.85,44.29,1.18,4.04,19.6,8.02,6.6,42.6,0.21,69.41,3.52,3.55,70.01,157.0,10.62
Bolivia,BOL,Americas,2019,4203.15,0.51,67.82,93.85,47.47,1.18,4.09,18.4,8.09,6.89,41.6,0.22,69.73,3.68,4.64,71.46,156.0,10.77
Bolivia,BOL,Americas,2020,3580.97,0.51,62.91,93.85,59.94,1.2,4.07,17.4,8.44,8.02,43.6,0.38,70.04,7.9,6.42,71.48,218.0,10.91
Bolivia,BOL,Americas,2021,4010.76,0.51,61.43,93.85,65.98,1.42,3.92,16.4,7.96,8.16,40.9,0.31,70.35,5.09,8.51,73.14,270.0,11.02
Bolivia,BOL,Americas,2022,4219.46,0.52,67.43,95.55,72.62,1.14,3.99,15.6,7.58,7.16,41.2,0.1,70.64,3.55,8.51,75.13,164.0,11.15
Bolivia,BOL,Americas,2023,4274.71,0.51,68.58,95.55,77.3,1.34,3.97,14.9,7.89,6.92,42.1,0.5,70.92,3.02,8.51,72.72,146.0,11.3
Brazil,BRA,Americas,2000,3766.55,0.53,69.58,86.37,2.87,2.29,4.43,29.1,3.95,8.33,59.0,0.14,81.15,10.89,2.25,64.82,69.0,20.82
Brazil,BRA,Americas,2001,3176.29,0.53,69.98,86.37,4.53,1.93,4.38,27.3,3.84,8.55,58.4,0.47,81.6,10.65,2.75,65.68,66.0,21.09
Brazil,BRA,Americas,2002,2855.94,0.54,70.4,86.37,9.15,2.4,4.23,25.6,3.75,8.7,58.1,0.53,81.99,10.64,2.98,68.0,66.0,21.36
Brazil,BRA,Americas,2003,3090.61,0.53,70.88,88.62,13.21,2.2,4.22,24.0,3.75,8.19,57.6,0.5,82.35,11.17,3.28,70.0,67.0,21.61
Brazil,BRA,Americas,2004,3663.82,0.53,71.36,88.62,19.07,2.46,4.09,22.4,3.97,8.12,56.5,0.23,82.68,10.07,3.24,67.94,70.0,21.86
Brazil,BRA,Americas,2005,4827.78,0.54,71.83,88.62,21.02,2.65,4.17,21.0,4.48,8.04,56.3,0.29,82.98,10.55,3.41,68.76,71.0,22.1
Brazil,BRA,Americas,2006,5934.15,0.55,72.3,89.62,28.18,2.5,4.07,19.7,4.87,8.25,55.6,0.7,83.27,9.69,3.6,70.21,72.0,22.33
Brazil,BRA,Americas,2007,7409.69,0.55,72.73,90.01,30.88,2.73,4.13,18.6,4.97,8.2,54.9,0.08,83.54,9.28,4.21,69.45,73.0,22.56
Brazil,BRA,Americas,2008,8908.33,0.54,73.11,90.04,33.83,2.31,3.97,17.6,5.27,8.01,54.0,0.32,83.8,8.27,4.53,69.64,71.0,22.78
Brazil,BRA,Americas,2009,8678.66,0.54,73.46,90.3,39.22,2.33,4.03,16.7,5.46,8.39,53.7,0.6,84.07,9.42,5.17,71.43,69.0,22.98
Brazil,BRA,Americas,2010,11403.28,0.55,73.78,90.38,40.65,2.22,4.01,16.0,5.65,7.95,53.7,0.14,84.34,8.42,6.62,70.17,66.0,23.18
Brazil,BRA,Americas,2011,13396.63,0.55,74.05,91.41,45.69,2.57,3.97,15.3,5.74,7.79,52.9,0.27,84.62,7.58,6.64,71.03,62.0,23.36
Brazil,BRA,Americas,2012,12521.72,0.55,74.33,91.34,48.56,2.38,3.93,14.8,5.86,7.74,53.4,0.06,84.9,7.25,7.39,73.37,60.0,23.56
Brazil,BRA,Americas,2013,12458.89,0.56,74.61,91.48,51.04,2.97,3.9,14.4,5.84,7.98,52.7,0.31,85.17,7.07,8.33,75.58,61.0,23.75
Brazil,BRA,Americas,2014,12274.99,0.57,74.82,91.73,54.55,2.35,3.83,14.0,5.95,8.4,52.1,0.39,85.43,6.76,9.95,74.89,63.0,23.94
Brazil,BRA,Americas,2015,8936.2,0.56,75.11,92.05,58.33,2.45,3.78,13.7,6.24,8.91,51.9,0.52,85.69,8.54,12.2,75.69,63.0,24.13
Brazil,BRA,Americas,2016,8836.29,0.57,75.08,92.81,60.87,2.68,3.76,14.6,6.31,9.17,53.4,0.66,85.95,11.58,14.53,76.19,64.0,24.31
Brazil,BRA,Americas,2017,10080.51,0.58,75.38,93.08,67.47,2.89,3.71,13.3,6.32,9.47,53.3,0.44,86.2,12.79,16.14,75.81,61.0,24.49
Brazil,BRA,Americas,2018,9300.66,0.58,75.63,93.23,70.43,2.51,3.65,13.1,6.09,9.46,53.9,0.69,86.44,12.33,17.51,76.46,62.0,24.66
Brazil,BRA,Americas,2019,9029.83,0.58,75.81,93.89,73.91,2.64,3.78,12.9,5.96,9.61,53.5,0.41,86.68,11.94,18.58,74.96,65.0,24.82
Brazil,BRA,Americas,2020,7074.19,0.58,74.51,94.74,81.34,2.86,3.59,12.8,5.77,9.62,48.8,0.28,86.91,13.7,20.13,76.67,85.0,24.96
Brazil,BRA,Americas,2021,7972.54,0.59,73.04,94.77,80.69,2.3,3.5,12.7,5.5,9.64,52.9,1.27,87.14,13.16,22.08,77.72,128.0,25.07
Brazil,BRA,Americas,2022,9281.33,0.59,74.87,94.38,80.53,2.34,3.62,12.6,5.62,9.39,51.9,0.84,87.35,9.23,22.08,77.9,104.0,25.16
Brazil,BRA,Americas,2023,10377.59,0.58,75.85,94.57,84.15,2.41,3.58,12.4,5.62,9.73,51.5,0.38,87.62,7.95,22.08,78.06,67.0,25.26
Bulgaria,BGR,Europe,2000,1621.26,0.56,71.66,98.2,5.37,3.68,4.12,14.3,3.38,5.83,32.7,0.47,68.26,16.22,26.6,68.28,19.0,73.85
Bulgaria,BGR,Europe,2001,1770.91,0.56,71.77,98.2,7.61,3.59,4.1,13.7,3.38,6.86,32.7,0.8,69.2,19.92,32.6,68.39,17.0,72.4
Bulgaria,BGR,Europe,2002,2092.98,0.57,71.87,98.2,9.08,3.47,4.06,13.2,3.39,7.08,32.7,0.36,69.49,18.11,34.7,69.35,15.0,72.03
Bulgaria,BGR,Europe,2003,2719.49,0.57,72.07,98.2,12.04,3.56,4.0,12.5,4.0,7.2,28.9,0.09,69.78,13.73,30.9,71.64,14.0,71.48
Bulgaria,BGR,Europe,2004,3389.69,0.57,72.56,98.2,18.13,3.04,3.79,11.8,4.25,6.89,28.9,0.65,69.92,12.04,0.0,71.11,14.0,70.95
Bulgaria,BGR,Europe,2005,3899.83,0.57,72.56,87.23,19.97,3.4,3.87,11.0,4.11,6.89,35.7,0.56,70.09,10.08,0.01,70.17,13.0,70.5
Bulgaria,BGR,Europe,2006,4523.15,0.57,72.61,89.44,27.09,3.82,3.94,10.4,3.9,6.53,35.7,0.34,70.51,8.95,0.04,71.1,12.0,69.97
Bulgaria,BGR,Europe,2007,5888.57,0.58,72.66,87.31,33.64,3.48,3.86,9.9,3.68,6.16,36.1,0.4,70.68,6.88,0.11,70.98,11.0,69.47
Bulgaria,BGR,Europe,2008,7271.3,0.58,72.96,98.35,39.67,4.06,3.96,9.5,4.22,6.28,33.6,0.33,70.9,5.61,0.31,71.97,10.0,68.99
Bulgaria,BGR,Europe,2009,6988.27,0.58,73.41,98.35,45.0,2.94,3.89,9.3,4.27,6.6,33.8,0.48,71.3,6.82,0.58,73.54,9.0,68.57
Bulgaria,BGR,Europe,2010,6853.95,0.59,73.51,98.35,46.23,3.57,3.79,9.1,3.86,7.09,35.7,1.02,71.51,10.28,1.57,72.89,9.0,68.12
Bulgaria,BGR,Europe,2011,7849.58,0.59,74.16,98.35,47.98,3.35,3.63,8.7,3.55,7.1,34.3,0.58,72.61,11.26,2.0,76.57,8.0,67.69
Bulgaria,BGR,Europe,2012,7431.96,0.59,74.31,98.35,51.9,3.16,3.66,8.3,3.48,7.54,36.0,0.55,72.77,12.27,4.37,74.55,7.0,67.3
Bulgaria,BGR,Europe,2013,7795.98,0.6,74.86,98.35,53.06,3.86,3.85,7.8,4.06,7.14,36.6,0.28,72.96,12.94,6.56,75.88,7.0,65.95
Bulgaria,BGR,Europe,2014,8069.6,0.6,74.47,98.35,55.49,3.49,3.48,7.3,4.19,7.68,37.4,0.51,73.08,11.42,5.87,76.67,7.0,65.16
Bulgaria,BGR,Europe,2015,7268.65,0.61,74.61,92.75,56.66,3.91,3.54,6.8,3.88,7.39,38.6,0.62,73.1,9.14,6.31,77.33,7.0,64.34
Bulgaria,BGR,Europe,2016,7822.5,0.6,74.81,91.94,59.83,3.34,3.5,6.4,3.81,7.46,40.6,0.57,73.18,7.58,6.99,76.74,7.0,63.51
Bulgaria,BGR,Europe,2017,8696.69,0.6,74.81,95.36,63.41,3.53,3.57,6.1,4.08,7.5,40.4,1.2,73.39,6.16,7.24,75.81,7.0,62.67
Bulgaria,BGR,Europe,2018,9849.38,0.61,74.96,92.69,64.78,3.54,3.49,5.8,4.05,7.34,41.3,1.18,73.6,5.21,9.04,79.1,7.0,61.82
Bulgaria,BGR,Europe,2019,10353.72,0.62,75.11,94.55,67.95,4.05,3.39,5.5,4.21,7.12,40.3,1.19,73.72,4.15,10.29,79.54,6.0,60.95
Bulgaria,BGR,Europe,2020,10760.21,0.62,73.36,94.04,70.16,3.91,3.45,5.3,4.48,8.44,40.5,0.99,73.32,5.04,11.4,77.06,9.0,60.34
Bulgaria,BGR,Europe,2021,12966.15,0.63,71.21,94.47,75.27,4.15,3.29,5.2,4.71,8.58,39.0,0.91,73.35,5.17,11.54,81.79,9.0,59.94
Bulgaria,BGR,Europe,2022,13999.19,0.62,74.16,95.6,79.13,4.52,3.33,5.0,4.5,7.64,38.2,0.84,73.48,4.15,11.54,78.01,10.0,59.55
Bulgaria,BGR,Europe,2023,15853.21,0.62,75.76,94.39,80.39,3.49,3.38,4.8,4.5,7.92,39.5,0.31,73.73,4.32,11.54,82.28,6.0,59.38
Burkina Faso,BFA,Africa,2000,248.91,0.37,50.81,21.82,0.08,0.22,5.19,92.4,4.56,4.02,49.9,0.38,18.0,2.69,0.07,57.33,524.0,43.59
Burkina Faso,BFA,Africa,2001,259.49,0.36,51.19,21.82,0.16,0.3,5.22,90.4,4.66,3.96,43.3,0.29,18.86,2.75,19.44,55.99,513.0,44.94
Burkina Faso,BFA,Africa,2002,285.65,0.37,51.45,21.82,0.2,0.27,5.17,88.2,3.94,4.18,43.3,0.26,19.73,2.86,13.18,55.0,508.0,46.35
Burkina Faso,BFA,Africa,2003,362.37,0.37,51.96,21.82,0.37,0.29,5.3,85.8,3.94,4.42,43.3,0.26,20.56,2.78,14.73,56.91,495.0,47.82
Burkina Faso,BFA,Africa,2004,403.81,0.39,52.6,21.82,0.4,0.36,5.19,83.1,3.94,5.23,43.3,0.37,21.34,3.48,5.55,56.43,481.0,49.34
Burkina Faso,BFA,Africa,2005,441.16,0.38,53.27,23.52,0.47,0.34,5.16,80.2,3.94,4.84,43.3,0.17,22.02,4.0,15.33,56.68,467.0,50.92
Burkina Faso,BFA,Africa,2006,455.51,0.38,53.78,22.47,0.63,0.28,5.04,77.1,3.98,5.17,43.3,0.06,22.55,3.67,0.12,58.29,463.0,52.54
Burkina Faso,BFA,Africa,2007,514.68,0.39,54.38,27.88,0.75,0.3,5.07,74.1,4.08,5.78,39.8,0.14,22.97,3.3,0.07,57.35,453.0,54.15
Burkina Faso,BFA,Africa,2008,619.44,0.39,55.2,27.88,0.92,0.31,5.18,71.2,4.08,4.97,39.8,0.44,23.36,3.5,22.46,60.65,429.0,55.77
Burkina Faso,BFA,Africa,2009,601.57,0.39,55.79,27.88,1.13,0.32,5.05,68.5,3.5,5.2,39.8,0.44,23.75,3.72,0.04,60.89,419.0,57.42
Burkina Faso,BFA,Africa,2010,624.96,0.39,56.34,27.88,2.4,0.32,4.97,66.0,3.5,5.29,39.8,0.2,24.12,3.72,12.95,60.31,404.0,59.12
Burkina Faso,BFA,Africa,2011,725.02,0.4,57.0,34.6,3.0,0.31,4.93,63.8,3.99,4.65,39.8,0.14,24.47,3.83,0.02,64.12,388.0,60.9
Burkina Faso,BFA,Africa,2012,731.47,0.4,57.46,34.6,3.72,0.31,4.88,61.7,3.6,4.6,35.3,0.45,24.8,3.85,0.07,59.96,376.0,62.76
Burkina Faso,BFA,Africa,2013,759.76,0.41,57.9,34.6,5.0,0.38,4.76,59.8,4.08,5.56,35.3,0.03,25.11,4.05,0.11,63.12,361.0,64.68
Burkina Faso,BFA,Africa,2014,764.86,0.41,58.33,34.6,6.0,0.34,4.76,58.0,4.05,5.0,35.3,0.48,25.38,4.26,0.21,61.15,344.0,66.63
Burkina Faso,BFA,Africa,2015,630.12,0.41,58.78,34.6,6.55,0.35,4.77,56.3,3.67,5.13,35.3,0.37,25.62,4.47,0.26,65.18,328.0,68.63
Burkina Faso,BFA,Africa,2016,663.74,0.42,59.17,34.6,7.14,0.35,4.72,54.7,3.67,5.95,35.3,0.34,25.82,4.6,0.32,62.9,313.0,70.67
Burkina Faso,BFA,Africa,2017,709.09,0.42,59.58,39.35,7.79,0.38,4.67,53.1,5.63,6.12,43.0,0.33,25.98,4.66,0.91,65.54,298.0,72.71
Burkina Faso,BFA,Africa,2018,777.47,0.42,59.97,39.35,8.5,0.4,4.75,51.7,5.49,4.94,43.0,0.07,26.08,4.7,4.64,66.57,286.0,74.7
Burkina Faso,BFA,Africa,2019,764.85,0.42,60.18,29.66,9.27,0.42,4.66,50.2,5.46,5.35,43.0,0.55,26.12,4.49,6.27,68.11,274.0,76.62
Burkina Faso,BFA,Africa,2020,825.24,0.42,60.45,29.66,12.97,0.41,4.55,48.7,5.21,6.89,37.4,0.18,26.36,4.59,6.14,66.67,334.0,78.5
Burkina Faso,BFA,Africa,2021,895.54,0.42,60.05,36.97,18.15,0.4,4.52,47.4,5.25,7.09,37.4,0.23,26.81,4.51,6.36,65.86,354.0,80.39
Burkina Faso,BFA,Africa,2022,827.33,0.42,60.7,40.92,25.4,0.43,4.52,46.1,5.29,7.41,37.4,0.17,27.28,3.83,6.36,70.1,316.0,82.27
Burkina Faso,BFA,Africa,2023,873.48,0.44,61.09,41.57,25.36,0.46,4.45,44.9,5.33,7.8,37.4,0.0,27.79,3.6,6.36,70.66,242.0,84.16
Cambodia,KHM,Asia,2000,296.43,0.4,59.49,67.34,0.05,0.54,5.1,85.8,1.65,6.48,49.2,0.48,18.62,0.74,0.03,54.76,476.0,70.6
Cambodia,KHM,Asia,2001,327.5,0.41,60.46,67.34,0.08,0.58,4.89,78.6,1.66,6.76,50.23,1.01,18.72,0.78,0.05,59.0,437.0,71.71
Cambodia,KHM,Asia,2002,350.15,0.41,61.4,73.61,0.23,0.66,4.88,71.0,1.63,6.92,53.38,0.46,18.8,0.86,0.08,56.45,399.0,72.83
Cambodia,KHM,Asia,2003,386.69,0.42,62.34,73.61,0.26,0.46,4.97,64.2,1.63,6.46,52.53,0.97,18.89,0.91,5.71,61.32,366.0,73.93
Cambodia,KHM,Asia,2004,444.2,0.41,63.26,73.61,0.3,0.5,5.1,58.6,1.56,6.49,48.84,0.1,18.98,1.0,0.12,58.4,344.0,75.03
Cambodia,KHM,Asia,2005,525.8,0.41,64.11,73.61,0.32,0.54,5.1,53.8,1.56,6.15,53.75,0.01,19.09,1.06,0.05,59.3,323.0,76.13
Cambodia,KHM,Asia,2006,612.25,0.42,64.89,73.61,0.47,0.5,4.79,49.8,1.36,5.36,50.71,0.32,19.23,1.16,0.19,59.52,303.0,77.27
Cambodia,KHM,Asia,2007,731.69,0.42,65.55,76.87,0.49,0.74,4.86,46.3,1.36,4.43,51.24,0.68,19.4,1.26,0.48,61.83,290.0,78.41
Cambodia,KHM,Asia,2008,866.28,0.43,66.15,76.87,0.51,0.65,4.84,43.1,1.36,5.61,52.89,0.86,19.66,0.82,0.51,62.86,272.0,79.61
Cambodia,KHM,Asia,2009,875.75,0.43,66.75,76.14,0.53,0.64,4.71,40.0,1.39,6.31,53.14,0.9,20.2,0.58,0.82,60.48,251.0,80.88
Cambodia,KHM,Asia,2010,952.27,0.44,67.31,76.14,1.26,0.62,4.63,37.2,1.25,5.63,52.9,0.73,21.12,0.77,0.79,63.09,234.0,82.15
Cambodia,KHM,Asia,2011,1088.98,0.43,67.87,76.14,3.1,0.66,4.76,34.5,1.21,6.0,51.72,1.45,22.38,0.58,1.54,65.57,214.0,83.4
Cambodia,KHM,Asia,2012,1192.8,0.44,68.37,79.65,4.94,0.71,4.64,32.1,1.23,5.78,47.22,0.47,23.94,0.5,0.33,63.81,197.0,84.67
Cambodia,KHM,Asia,2013,1305.66,0.44,68.76,79.65,6.0,0.7,4.38,29.8,1.58,5.01,52.82,1.25,25.76,0.44,6.85,63.91,182.0,85.94
Cambodia,KHM,Asia,2014,1431.56,0.44,69.12,78.06,14.0,0.64,4.48,27.8,1.45,4.41,50.55,0.06,27.82,0.69,3.88,66.34,172.0,87.22
Cambodia,KHM,Asia,2015,1547.32,0.45,69.4,80.53,6.43,0.6,4.54,25.8,1.45,4.54,47.46,0.74,30.07,0.39,4.33,66.05,166.0,88.51
Cambodia,KHM,Asia,2016,1675.2,0.44,69.64,80.53,32.4,0.61,4.69,24.1,1.45,4.49,50.43,0.87,32.48,0.72,12.41,66.0,159.0,89.81
Cambodia,KHM,Asia,2017,1826.35,0.45,69.84,80.53,32.9,0.66,4.51,22.5,1.6,4.27,50.23,0.58,35.01,0.14,0.7,67.07,155.0,91.06
Cambodia,KHM,Asia,2018,2036.67,0.46,69.99,87.66,65.0,0.64,4.38,21.2,1.6,4.5,49.63,1.08,37.64,0.13,2.39,66.28,151.0,92.2
Cambodia,KHM,Asia,2019,2225.88,0.45,70.13,87.66,52.31,0.63,4.53,20.1,2.13,5.06,52.43,0.18,39.58,0.12,0.31,68.43,149.0,93.37
Cambodia,KHM,Asia,2020,2081.74,0.47,70.06,82.55,56.38,0.75,4.34,19.2,2.25,5.13,52.0,0.09,39.83,0.17,2.42,68.73,164.0,94.75
Cambodia,KHM,Asia,2021,2167.4,0.46,69.3,71.93,60.76,0.78,4.42,18.4,1.96,6.34,51.41,0.51,40.11,0.4,4.97,69.29,189.0,96.16
Cambodia,KHM,Asia,2022,2325.03,0.46,70.53,71.93,65.49,0.68,4.32,17.7,1.96,4.47,50.49,0.53,40.37,0.24,4.97,72.7,159.0,97.45
Cambodia,KHM,Asia,2023,2429.75,0.47,70.67,71.93,68.93,0.74,4.1,17.0,2.18,4.62,50.48,2.31,40.63,0.26,4.97,72.02,137.0,98.71
Cameroon,CMR,Africa,2000,708.57,0.39,53.34,68.41,0.25,0.56,5.23,83.1,1.7,4.3,42.1,0.3,46.24,7.53,36.34,54.85,678.0,31.55
Cameroon,CMR,Africa,2001,715.47,0.4,53.6,68.41,0.28,0.49,4.98,81.2,2.3,4.17,42.1,0.28,46.76,7.46,31.36,57.58,672.0,32.39
Cameroon,CMR,Africa,2002,789.62,0.4,53.92,68.41,0.36,0.47,5.01,79.1,2.3,4.03,42.1,0.48,47.26,6.71,38.84,58.17,658.0,33.27
Cameroon,CMR,Africa,2003,988.24,0.42,54.25,68.41,0.59,0.65,4.86,77.2,2.82,3.9,42.1,0.12,47.73,5.91,0.0,58.93,645.0,34.19
Cameroon,CMR,Africa,2004,1133.39,0.41,54.58,70.68,0.98,0.43,4.95,75.2,2.8,3.73,42.1,0.15,48.18,5.09,0.0,58.62,633.0,35.14
Cameroon,CMR,Africa,2005,1142.62,0.42,54.9,70.68,1.4,0.55,4.85,73.5,2.66,3.77,42.8,0.05,48.58,4.4,0.0,59.39,629.0,36.12
Cameroon,CMR,Africa,2006,1191.45,0.41,55.3,70.68,2.03,0.56,5.08,71.6,2.54,3.74,42.8,0.44,49.2,3.73,0.0,61.19,615.0,37.13
Cameroon,CMR,Africa,2007,1325.67,0.42,55.71,70.68,2.93,0.64,4.82,69.9,2.88,3.79,42.8,0.32,49.7,3.06,0.01,61.57,605.0,38.18
Cameroon,CMR,Africa,2008,1492.14,0.42,56.12,70.68,3.4,0.62,4.8,68.0,2.5,3.66,42.8,0.08,50.09,3.39,0.0,63.09,592.0,39.29
Cameroon,CMR,Africa,2009,1461.39,0.42,56.49,71.19,3.84,0.7,4.82,66.3,2.91,3.5,42.8,0.02,50.47,3.74,0.01,62.2,579.0,40.43
Cameroon,CMR,Africa,2010,1398.59,0.43,56.96,71.19,4.3,0.59,4.95,63.9,2.85,3.58,42.8,0.37,50.85,4.11,0.02,63.53,562.0,41.61
Cameroon,CMR,Africa,2011,1513.96,0.43,57.48,71.19,5.0,0.59,4.74,61.8,2.65,3.85,46.6,0.0,51.22,3.99,20.91,63.38,541.0,42.8
Cameroon,CMR,Africa,2012,1449.1,0.43,58.17,71.19,7.5,0.6,4.7,59.6,2.6,3.93,46.6,0.08,51.59,3.84,0.07,66.81,500.0,44.02
Cameroon,CMR,Africa,2013,1575.93,0.43,58.73,71.19,10.0,0.62,4.57,57.3,2.66,3.63,46.6,0.09,51.95,3.69,0.07,62.87,469.0,45.28
Cameroon,CMR,Africa,2014,1649.44,0.44,59.13,86.66,16.21,0.53,4.66,55.3,2.58,4.34,46.6,0.11,52.3,3.53,0.11,62.1,440.0,46.67
Cameroon,CMR,Africa,2015,1415.0,0.45,59.69,72.55,18.3,0.63,4.46,53.3,2.66,4.13,46.6,0.26,52.64,3.52,0.3,67.38,417.0,48.16
Cameroon,CMR,Africa,2016,1441.72,0.44,60.29,72.55,20.6,0.6,4.47,51.4,2.56,4.02,46.6,0.38,52.98,3.53,23.44,64.89,393.0,49.62
Cameroon,CMR,Africa,2017,1496.09,0.44,60.82,72.55,23.2,0.64,4.5,49.6,3.06,3.79,46.6,0.19,53.31,3.57,0.21,68.61,372.0,51.04
Cameroon,CMR,Africa,2018,1610.7,0.45,61.19,72.55,29.7,0.62,4.45,48.0,3.03,3.62,42.2,0.08,53.63,3.61,1.01,67.03,354.0,52.48
Cameroon,CMR,Africa,2019,1555.23,0.45,61.7,72.55,36.54,0.63,4.55,46.9,3.05,3.65,42.2,0.02,53.95,3.63,36.45,69.98,336.0,53.96
Cameroon,CMR,Africa,2020,1555.6,0.45,61.67,72.55,37.7,0.62,4.51,45.5,3.1,4.25,42.2,0.23,54.26,3.88,1.9,68.41,316.0,55.45
Cameroon,CMR,Africa,2021,1672.33,0.46,61.15,72.55,38.89,0.65,4.28,44.1,2.85,4.34,42.2,0.0,54.55,3.98,18.59,69.66,342.0,56.94
Cameroon,CMR,Africa,2022,1604.88,0.46,62.44,89.91,40.13,0.76,4.4,42.7,2.66,4.49,42.2,0.53,54.85,3.65,10.54,68.5,276.0,58.46
Cameroon,CMR,Africa,2023,1720.48,0.46,63.7,89.49,42.24,0.74,4.13,41.3,2.84,4.55,42.2,0.29,55.13,3.61,6.52,69.4,258.0,60.02
Canada,CAN,Americas,2000,24271.0,0.8,79.17,92.87,51.3,14.05,2.65,5.3,5.42,8.25,33.4,0.96,78.63,6.83,1.48,85.61,9.0,3.42
Canada,CAN,Americas,2001,23822.1,0.81,79.4,92.93,60.2,16.34,2.65,5.3,4.95,8.62,33.6,1.53,78.84,7.22,1.59,86.25,10.0,3.46
Canada,CAN,Americas,2002,24256.02,0.81,79.53,93.49,61.59,12.74,2.61,5.3,4.99,8.86,33.6,1.26,79.1,7.66,1.64,85.09,10.0,3.5
Canada,CAN,Americas,2003,28301.86,0.81,79.72,94.44,64.2,15.28,2.76,5.3,4.99,9.01,33.8,1.49,79.39,7.57,1.74,87.31,10.0,3.53
Canada,CAN,Americas,2004,32145.54,0.81,79.99,94.41,65.96,16.96,2.67,5.3,4.77,9.07,33.8,1.62,79.69,7.18,1.68,85.72,10.0,3.56
Canada,CAN,Americas,2005,36383.66,0.82,80.11,94.57,71.66,16.48,2.63,5.2,4.77,9.04,33.6,2.07,79.98,6.76,1.58,87.18,11.0,3.6
Canada,CAN,Americas,2006,40504.04,0.82,80.54,95.55,72.4,14.71,2.41,5.2,4.77,9.33,34.1,1.32,80.22,6.48,1.74,89.55,11.0,3.63
Canada,CAN,Americas,2007,44660.08,0.82,80.54,94.73,73.2,16.33,2.54,5.2,4.77,9.43,33.8,1.74,80.44,6.16,1.73,89.83,11.0,3.67
Canada,CAN,Americas,2008,46710.25,0.83,80.72,95.61,76.7,15.04,2.41,5.1,4.63,9.59,33.9,1.99,80.66,6.28,1.74,89.63,12.0,3.71
Canada,CAN,Americas,2009,40874.88,0.83,81.07,96.98,80.3,16.94,2.32,5.0,4.84,10.7,34.0,1.57,80.86,8.46,2.41,89.37,12.0,3.75
Canada,CAN,Americas,2010,47560.67,0.83,81.32,95.66,80.3,12.68,2.39,5.0,5.36,10.7,33.6,1.64,81.01,8.18,3.0,89.84,11.0,3.79
Canada,CAN,Americas,2011,52223.86,0.83,81.48,97.69,83.0,18.84,2.4,4.9,5.26,10.41,32.7,1.59,81.1,7.64,3.16,91.86,11.0,3.83
Canada,CAN,Americas,2012,52670.34,0.83,81.66,96.86,83.0,14.52,2.28,4.8,5.26,10.54,33.5,1.56,81.15,7.39,3.51,92.57,11.0,3.87
Canada,CAN,Americas,2013,52638.12,0.84,81.74,98.02,85.8,14.63,2.02,4.8,4.59,10.44,33.8,1.93,81.18,7.14,4.53,92.49,11.0,3.91
Canada,CAN,Americas,2014,50960.84,0.83,81.78,99.39,87.12,16.63,2.27,4.7,4.84,10.28,33.2,1.42,81.21,7.02,5.15,92.37,12.0,3.95
Canada,CAN,Americas,2015,43594.19,0.85,81.83,97.42,90.0,16.42,2.17,4.6,4.74,10.76,33.7,1.65,81.25,6.94,6.06,95.95,11.0,3.98
Canada,CAN,Americas,2016,42314.06,0.85,81.94,98.72,91.16,14.36,2.11,4.6,4.82,11.06,32.7,2.0,81.3,7.04,7.04,94.79,12.0,4.03
Canada,CAN,Americas,2017,45129.63,0.84,81.81,99.9,92.7,15.48,2.22,4.5,4.96,10.92,33.3,2.04,81.4,6.43,7.05,92.65,12.0,4.08
Canada,CAN,Americas,2018,46539.18,0.86,81.8,99.2,94.64,14.52,2.15,4.5,4.89,10.92,32.5,1.6,81.55,5.84,7.37,95.51,13.0,4.13
Canada,CAN,Americas,2019,46352.87,0.86,82.16,99.9,91.91,15.69,2.03,4.5,4.77,11.05,31.8,1.57,81.74,5.69,7.37,94.61,12.0,4.2
Canada,CAN,Americas,2020,43537.84,0.86,81.53,99.9,92.3,15.88,1.71,4.5,4.89,13.02,29.9,1.79,81.95,9.66,7.76,95.2,17.0,4.24
Canada,CAN,Americas,2021,52886.66,0.86,81.45,99.9,93.94,15.9,2.04,4.6,4.75,12.38,31.1,1.72,82.18,7.53,7.92,96.77,14.0,4.35
Canada,CAN,Americas,2022,56256.8,0.86,81.09,99.9,94.0,12.66,2.09,4.6,4.84,11.08,31.5,1.76,82.35,5.28,7.92,99.29,15.0,4.43
Canada,CAN,Americas,2023,54220.33,0.87,81.63,99.9,94.15,14.66,1.96,4.7,4.84,11.19,31.5,1.7,82.53,5.42,7.92,96.53,12.0,4.56
Chile,CHL,Americas,2000,5052.99,0.6,77.13,95.72,16.6,4.97,3.97,9.2,3.76,7.0,52.8,0.88,86.27,10.49,3.25,70.69,33.0,20.85
Chile,CHL,Americas,2001,4563.6,0.61,77.58,95.72,19.1,5.25,3.9,8.7,3.76,7.1,52.8,0.57,86.49,10.39,5.64,73.51,32.0,21.09
Chile,CHL,Americas,2002,4430.85,0.61,77.84,95.72,22.1,4.66,3.7,8.3,4.05,7.21,51.5,0.84,86.61,10.17,5.29,71.65,30.0,21.33
Chile,CHL,Americas,2003,4773.4,0.61,77.88,95.72,25.47,5.04,3.72,8.0,3.92,7.25,51.5,0.26,86.68,9.76,5.28,71.6,29.0,21.55
Chile,CHL,Americas,2004,6120.59,0.62,78.28,95.72,28.18,5.06,3.64,7.8,3.54,6.91,51.5,0.99,86.73,10.16,5.16,76.31,28.0,21.77
Chile,CHL,Americas,2005,7480.32,0.61,78.46,95.72,31.18,4.25,3.69,7.7,3.28,6.62,47.7,0.71,86.78,9.34,4.58,72.84,27.0,21.99
Chile,CHL,Americas,2006,9318.66,0.61,78.53,87.65,34.5,5.03,3.76,7.7,3.04,6.07,47.7,0.92,86.81,9.02,3.67,74.96,27.0,22.2
Chile,CHL,Americas,2007,10346.41,0.62,78.65,89.78,35.9,5.0,3.62,7.6,3.23,6.21,47.7,0.62,86.84,8.43,5.54,75.84,26.0,22.42
Chile,CHL,Americas,2008,10683.22,0.62,78.75,96.7,37.3,4.68,3.54,7.6,3.79,6.74,47.4,0.48,86.88,9.28,6.03,76.26,24.0,22.65
Chile,CHL,Americas,2009,10098.8,0.62,78.89,96.7,41.56,4.18,3.65,7.5,4.25,7.25,47.4,1.5,86.91,11.31,8.07,75.35,24.0,22.88
Chile,CHL,Americas,2010,12632.87,0.63,79.1,96.7,45.0,3.97,3.62,7.5,4.19,6.82,47.4,0.64,86.96,8.55,4.83,76.59,22.0,23.11
Chile,CHL,Americas,2011,14487.39,0.63,79.24,96.7,52.25,4.77,3.48,7.4,4.06,6.8,46.9,0.69,87.01,7.49,7.76,77.13,20.0,23.34
Chile,CHL,Americas,2012,15241.91,0.64,79.22,96.7,55.05,4.98,3.33,7.3,4.06,7.02,46.9,0.39,87.08,6.79,7.83,78.86,18.0,23.56
Chile,CHL,Americas,2013,15683.55,0.63,79.55,96.27,58.0,4.94,3.41,7.1,4.55,7.48,46.8,0.34,87.18,6.36,8.89,79.62,17.0,23.79
Chile,CHL,Americas,2014,14529.68,0.65,79.71,96.27,61.11,4.42,3.32,6.9,4.75,7.84,46.8,1.18,87.31,6.76,10.47,79.76,16.0,24.09
Chile,CHL,Americas,2015,13433.92,0.64,80.01,96.87,76.63,4.73,3.52,6.8,4.9,8.35,45.3,0.89,87.47,6.6,11.98,81.71,14.0,24.33
Chile,CHL,Americas,2016,13649.85,0.64,80.3,96.87,83.56,4.55,3.36,6.7,5.37,8.56,45.3,0.99,87.63,6.93,14.13,81.23,13.0,24.61
Chile,CHL,Americas,2017,14879.91,0.65,80.61,96.4,82.33,5.76,3.39,6.5,5.43,9.09,45.3,0.64,87.8,7.26,17.27,78.85,12.0,25.0
Chile,CHL,Americas,2018,15659.48,0.66,80.56,96.4,84.9,5.48,3.14,6.3,5.47,9.15,45.3,0.94,87.96,7.62,17.94,81.95,11.0,25.45
Chile,CHL,Americas,2019,14495.72,0.65,80.32,96.4,85.02,4.6,3.22,6.0,5.63,9.31,47.0,0.87,88.13,7.49,18.81,79.93,11.0,25.84
Chile,CHL,Americas,2020,13114.82,0.66,79.35,96.4,87.46,4.84,3.02,5.8,5.63,9.7,47.0,1.29,88.3,10.93,22.74,83.59,12.0,26.08
Chile,CHL,Americas,2021,16206.83,0.66,78.88,95.16,90.23,4.76,3.11,5.8,5.0,9.72,47.0,1.0,88.47,9.28,26.1,82.8,14.0,26.19
Chile,CHL,Americas,2022,15405.62,0.67,79.18,96.28,92.32,3.92,2.96,5.9,4.91,10.01,43.2,0.99,88.64,8.25,26.1,84.27,12.0,26.32
Chile,CHL,Americas,2023,17067.04,0.67,81.17,96.76,94.46,4.7,3.12,5.9,4.91,10.17,43.2,0.66,88.82,9.01,26.1,83.93,10.0,26.46
China,CHN,Asia,2000,969.2,0.57,72.29,90.92,1.78,3.33,4.08,29.9,1.87,4.45,38.7,0.49,36.43,3.26,0.23,68.2,56.0,134.49
China,CHN,Asia,2001,1065.41,0.58,72.68,90.92,2.64,3.58,4.09,27.8,1.87,4.2,42.0,1.19,37.66,3.8,0.22,69.94,52.0,135.47
China,CHN,Asia,2002,1163.56,0.59,73.03,90.92,4.6,4.55,3.99,25.6,1.87,4.32,42.0,0.56,39.09,4.24,0.21,69.84,50.0,136.38
China,CHN,Asia,2003,1306.97,0.59,73.39,90.92,6.2,3.48,3.8,23.4,6.15,4.35,42.0,0.51,40.53,4.58,0.19,72.28,47.0,137.24
China,CHN,Asia,2004,1530.93,0.6,73.73,89.01,7.3,3.26,3.75,21.3,6.13,4.23,40.9,0.77,41.76,4.49,0.18,72.18,45.0,138.05
China,CHN,Asia,2005,1777.64,0.61,74.08,88.87,8.52,5.06,3.81,19.4,5.78,4.11,40.9,0.67,42.99,4.52,0.28,73.0,42.0,138.87
China,CHN,Asia,2006,2129.26,0.62,74.4,88.39,10.52,4.19,3.76,17.7,6.4,3.89,40.9,0.76,44.34,4.43,0.35,72.28,40.0,139.65
China,CHN,Asia,2007,2734.73,0.62,74.79,95.12,16.0,3.43,3.71,16.1,5.88,3.62,43.0,0.68,45.89,4.35,0.48,76.19,38.0,140.38
China,CHN,Asia,2008,3523.44,0.63,74.83,95.12,22.6,3.86,3.53,14.8,6.0,3.84,43.0,0.46,46.99,4.59,0.76,76.35,38.0,141.1
China,CHN,Asia,2009,3898.24,0.64,75.32,95.12,28.9,3.85,3.65,13.5,6.23,4.28,43.0,0.7,48.34,4.72,1.24,78.12,35.0,141.8
China,CHN,Asia,2010,4629.25,0.64,75.67,95.12,34.3,4.36,3.66,12.4,6.28,4.16,43.7,0.9,49.23,4.53,1.63,78.5,34.0,142.49
China,CHN,Asia,2011,5703.76,0.65,75.89,95.12,38.3,4.08,3.42,11.4,6.25,4.27,42.4,0.99,51.83,4.55,2.01,78.18,33.0,143.27
China,CHN,Asia,2012,6405.06,0.66,76.2,95.12,42.3,4.22,3.38,10.5,6.49,4.49,42.2,0.63,53.1,4.58,2.64,79.43,32.0,144.24
China,CHN,Asia,2013,7147.04,0.66,76.45,95.12,45.8,3.94,3.37,9.7,6.43,4.64,39.7,1.47,54.49,4.6,3.24,80.22,30.0,145.21
China,CHN,Asia,2014,7781.07,0.67,76.71,94.19,47.9,3.41,3.25,8.9,5.89,4.7,39.2,0.81,55.75,4.63,3.61,81.52,28.0,146.13
China,CHN,Asia,2015,8175.33,0.68,76.97,94.19,50.3,3.94,3.09,8.2,7.34,4.85,38.6,0.46,57.33,4.65,4.56,80.82,26.0,146.98
China,CHN,Asia,2016,8254.87,0.69,77.21,93.89,53.2,3.35,3.21,7.6,6.82,4.88,38.5,1.17,58.84,4.56,5.95,82.46,25.0,147.82
China,CHN,Asia,2017,8979.68,0.69,77.24,96.74,54.3,4.6,2.93,7.0,6.92,4.97,39.1,1.18,60.24,4.47,7.2,83.76,24.0,148.72
China,CHN,Asia,2018,10085.66,0.7,77.71,96.74,65.36,3.64,3.17,6.4,7.32,5.07,38.5,1.27,61.5,4.31,8.57,86.01,22.0,149.42
China,CHN,Asia,2019,10342.9,0.71,77.94,96.74,64.08,3.72,2.84,6.0,6.37,5.27,38.2,1.36,62.71,4.56,9.51,86.22,21.0,149.95
China,CHN,Asia,2020,10627.46,0.71,78.02,96.74,70.05,3.55,2.91,5.5,3.9,5.5,37.1,0.98,63.52,5.0,10.66,86.14,20.0,150.31
China,CHN,Asia,2021,12887.44,0.72,78.12,96.74,73.05,3.88,2.89,5.1,3.9,5.26,35.7,0.48,64.72,4.55,12.86,87.93,21.0,150.44
China,CHN,Asia,2022,12970.61,0.73,78.2,96.74,75.61,3.6,2.74,4.8,3.9,5.88,36.0,1.53,65.22,4.98,12.86,87.71,18.0,150.42
China,CHN,Asia,2023,12951.18,0.73,77.95,96.74,90.6,3.9,2.66,4.4,3.9,5.94,36.0,1.1,65.53,4.67,12.86,89.89,16.0,150.26
Colombia,COL,Americas,2000,2555.01,0.5,70.9,82.49,2.21,2.06,4.62,21.6,3.51,5.64,58.4,0.44,74.35,20.52,47.36,64.86,95.0,35.23
Colombia,COL,Americas,2001,2472.99,0.5,71.18,92.8,2.85,1.86,4.5,21.0,3.71,5.94,57.3,0.29,74.79,15.04,3.62,62.19,94.0,35.79
Colombia,COL,Americas,2002,2428.93,0.5,71.54,92.8,4.6,2.1,4.36,20.4,4.27,5.73,56.0,0.81,75.19,14.48,3.71,64.58,91.0,36.34
Colombia,COL,Americas,2003,2311.94,0.51,72.31,92.8,7.39,2.07,4.35,19.8,4.33,5.78,53.6,0.29,75.53,13.22,4.33,66.33,87.0,36.9
Colombia,COL,Americas,2004,2818.57,0.52,72.76,92.8,9.12,2.06,4.29,19.3,4.08,5.8,55.0,0.21,75.81,13.72,1.69,65.27,84.0,37.44
Colombia,COL,Americas,2005,3456.07,0.52,73.16,92.85,11.01,1.7,4.17,18.7,4.02,6.07,53.9,0.5,76.0,11.06,4.53,65.1,82.0,37.97
Colombia,COL,Americas,2006,3789.85,0.52,73.5,92.3,15.34,2.02,4.26,18.2,3.92,6.34,53.9,0.27,76.16,11.09,1.28,67.59,81.0,38.48
Colombia,COL,Americas,2007,4769.93,0.52,73.75,92.65,21.8,2.24,4.17,17.7,4.08,6.49,55.0,0.6,76.31,11.2,1.1,70.33,80.0,38.97
Colombia,COL,Americas,2008,5541.84,0.53,74.21,93.38,25.6,2.22,4.17,17.2,3.94,6.84,55.0,0.73,76.46,11.27,0.99,70.02,78.0,39.44
Colombia,COL,Americas,2009,5250.97,0.53,74.53,93.24,30.0,2.23,4.13,16.7,4.78,7.31,54.1,1.19,76.6,12.07,1.29,68.75,77.0,39.9
Colombia,COL,Americas,2010,6398.3,0.53,74.88,93.37,36.5,2.02,4.19,16.2,4.83,7.07,54.4,0.43,76.72,11.15,1.9,70.44,76.0,40.36
Colombia,COL,Americas,2011,7400.99,0.53,75.18,93.58,40.35,2.16,4.08,15.7,4.47,6.78,53.3,0.39,76.84,10.29,1.16,69.26,75.0,40.79
Colombia,COL,Americas,2012,8108.6,0.53,75.61,93.58,48.98,1.7,3.93,15.2,4.37,6.75,53.6,0.6,76.94,9.96,1.91,70.53,73.0,41.2
Colombia,COL,Americas,2013,8279.1,0.53,75.83,94.19,51.7,2.01,4.15,14.8,4.88,7.02,53.5,0.1,77.03,9.25,14.82,69.9,72.0,41.6
Colombia,COL,Americas,2014,8187.21,0.54,75.95,94.19,52.57,1.98,4.04,14.3,4.63,7.19,53.6,0.49,77.11,8.8,8.37,72.31,71.0,41.97
Colombia,COL,Americas,2015,6248.51,0.54,76.07,94.25,55.9,1.9,4.07,13.9,4.47,7.52,52.0,0.48,77.16,8.57,21.08,73.11,70.0,42.33
Colombia,COL,Americas,2016,5959.84,0.54,76.23,94.65,58.14,2.06,3.88,13.5,4.48,7.53,51.7,0.47,77.2,8.92,12.21,73.09,69.0,42.76
Colombia,COL,Americas,2017,6479.53,0.54,76.42,94.89,62.26,1.75,3.82,13.1,4.54,7.68,50.9,0.26,77.22,9.09,15.27,75.19,68.0,43.38
Colombia,COL,Americas,2018,6816.97,0.55,76.58,95.09,64.13,2.23,3.8,12.7,4.45,7.72,51.6,0.29,77.28,9.36,3.94,74.34,67.0,44.19
Colombia,COL,Americas,2019,6472.55,0.56,76.79,95.25,65.01,1.96,3.82,12.3,4.51,7.83,52.5,0.77,77.46,10.28,2.31,74.13,66.0,44.98
Colombia,COL,Americas,2020,5339.69,0.56,74.76,95.64,69.8,2.15,3.7,11.9,5.26,8.7,54.4,0.48,77.64,15.98,2.45,76.07,94.0,45.63
Colombia,COL,Americas,2021,6222.62,0.56,72.7,95.66,73.03,2.13,3.78,11.5,5.26,9.14,55.1,0.21,77.83,13.9,0.98,75.32,147.0,46.14
Colombia,COL,Americas,2022,6680.45,0.56,76.51,95.31,72.8,1.77,3.66,11.2,5.26,7.59,54.8,0.41,78.05,10.54,0.98,77.74,74.0,46.63
Colombia,COL,Americas,2023,7000.84,0.57,77.72,95.46,77.34,2.18,3.78,10.8,5.26,8.16,54.6,0.13,78.28,9.59,0.98,78.63,59.0,47.16
Congo DR,COD,Africa,2000,377.93,0.35,51.89,67.17,0.01,0.17,5.3,105.0,4.58,1.47,52.29,0.21,34.9,3.24,0.31,54.53,585.0,22.28
Congo DR,COD,Africa,2001,142.68,0.36,52.2,67.17,0.01,0.19,5.38,101.8,4.93,2.62,41.6,0.38,35.42,3.25,0.31,55.74,588.0,23.0
Congo DR,COD,Africa,2002,162.38,0.36,52.37,67.17,0.09,0.19,5.31,98.5,5.06,2.57,41.6,0.59,35.94,3.18,0.32,54.37,601.0,23.71
Congo DR,COD,Africa,2003,161.49,0.36,52.95,67.17,0.13,0.22,5.34,95.2,4.49,3.73,41.6,0.29,36.47,3.06,0.7,56.36,605.0,24.41
Congo DR,COD,Africa,2004,180.66,0.37,53.53,67.17,0.2,0.2,5.2,91.7,5.24,4.34,41.6,0.77,37.0,2.98,4.95,55.59,607.0,25.14
Congo DR,COD,Africa,2005,214.54,0.36,54.0,79.99,0.24,0.2,5.11,72.0,4.78,3.99,41.6,0.32,37.4,2.95,15.47,58.4,613.0,25.93
Congo DR,COD,Africa,2006,255.45,0.37,54.5,80.38,0.3,0.21,5.2,69.0,4.75,4.06,41.6,0.12,37.8,3.17,17.55,58.01,619.0,26.74
Congo DR,COD,Africa,2007,294.1,0.37,54.95,82.08,0.37,0.21,5.15,66.2,1.52,3.89,41.6,0.06,38.2,3.4,10.28,59.54,631.0,27.56
Congo DR,COD,Africa,2008,352.9,0.37,55.39,81.37,0.44,0.22,5.11,63.7,1.52,4.31,51.59,0.2,38.6,3.63,0.05,57.01,620.0,28.4
Congo DR,COD,Africa,2009,280.18,0.37,55.8,75.02,0.56,0.22,5.22,61.4,1.52,4.51,42.1,0.31,39.0,3.88,0.76,60.8,608.0,29.29
Congo DR,COD,Africa,2010,352.4,0.37,56.41,75.02,0.72,0.27,5.14,59.5,1.52,3.72,42.1,0.12,39.39,4.1,26.07,58.82,601.0,30.24
Congo DR,COD,Africa,2011,372.51,0.38,56.91,75.02,1.2,0.28,4.86,57.9,1.52,3.19,42.1,0.52,39.78,4.32,9.59,61.74,589.0,31.25
Congo DR,COD,Africa,2012,409.93,0.38,57.35,75.02,1.68,0.28,4.95,56.7,2.06,3.22,42.1,0.25,40.18,4.49,0.73,59.74,578.0,32.31
Congo DR,COD,Africa,2013,460.37,0.39,57.8,75.02,2.2,0.28,4.93,55.8,2.06,3.34,42.1,0.2,40.57,4.47,0.31,62.46,567.0,33.43
Congo DR,COD,Africa,2014,489.18,0.39,58.24,75.02,3.0,0.3,4.92,55.3,1.95,3.73,42.1,0.29,40.96,4.44,20.68,62.17,558.0,34.58
Congo DR,COD,Africa,2015,495.83,0.39,58.66,77.04,3.8,0.29,4.9,55.1,2.17,3.75,42.1,0.06,41.34,4.44,1.36,63.79,545.0,35.74
Congo DR,COD,Africa,2016,459.77,0.39,59.08,77.04,10.1,0.3,4.85,55.1,2.12,4.2,48.6,0.38,41.73,4.53,16.64,63.65,526.0,37.03
Congo DR,COD,Africa,2017,431.05,0.4,59.5,77.04,10.1,0.35,4.82,55.4,1.45,4.0,44.7,0.09,42.11,4.61,3.54,62.93,519.0,38.41
Congo DR,COD,Africa,2018,518.17,0.4,59.93,73.55,11.7,0.3,4.64,55.8,1.45,3.24,44.7,0.53,42.49,4.63,1.09,64.48,508.0,39.72
Congo DR,COD,Africa,2019,504.0,0.4,60.24,73.55,13.03,0.33,4.78,56.5,2.62,3.51,44.7,0.44,42.87,4.61,1.15,65.38,493.0,41.0
Congo DR,COD,Africa,2020,486.43,0.41,60.43,65.68,14.51,0.33,4.73,57.2,2.62,3.98,44.7,0.65,43.25,5.36,5.0,65.65,489.0,42.34
Congo DR,COD,Africa,2021,595.74,0.41,60.04,65.68,16.16,0.32,4.68,57.6,2.66,3.87,44.7,0.39,43.63,5.29,2.97,65.83,507.0,43.73
Congo DR,COD,Africa,2022,687.74,0.42,60.98,68.5,18.0,0.34,4.59,57.6,2.84,3.94,44.7,0.22,44.0,4.54,1.8,66.64,456.0,45.17
Congo DR,COD,Africa,2023,660.21,0.42,61.9,68.5,18.97,0.36,4.55,57.2,2.84,3.68,44.7,0.44,44.38,4.47,11.54,67.77,427.0,46.66
Croatia,HRV,Europe,2000,4953.65,0.61,72.81,98.15,6.64,5.42,3.77,7.2,3.82,7.65,31.3,0.85,55.68,16.06,0.01,72.22,8.0,79.92
Croatia,HRV,Europe,2001,5364.84,0.63,74.51,98.15,11.56,5.9,3.65,6.9,3.82,7.17,31.1,0.76,55.69,15.82,6.68,72.98,7.0,76.9
Croatia,HRV,Europe,2002,6219.58,0.62,74.72,98.15,17.76,4.42,3.8,6.6,3.82,6.14,31.1,0.27,55.67,15.05,0.0,73.54,7.0,76.95
Croatia,HRV,Europe,2003,8190.11,0.63,74.61,98.15,22.75,5.11,3.65,6.6,3.87,6.3,29.7,0.99,55.64,13.92,0.0,76.11,8.0,76.9
Croatia,HRV,Europe,2004,9718.97,0.63,75.52,98.15,30.91,5.82,3.57,6.1,3.82,6.51,29.7,0.77,55.59,13.66,0.04,74.45,7.0,76.92
Croatia,HRV,Europe,2005,10443.53,0.63,75.24,89.03,33.14,6.08,3.63,5.8,3.82,6.84,29.7,0.94,55.53,12.6,0.18,74.42,7.0,77.02
Croatia,HRV,Europe,2006,11501.21,0.64,75.84,90.33,37.98,5.62,3.43,5.5,3.97,6.9,29.7,0.66,55.47,11.13,0.23,75.46,6.0,77.03
Croatia,HRV,Europe,2007,13755.83,0.64,75.71,91.9,41.44,5.16,3.32,5.3,3.97,7.39,33.7,0.66,55.41,9.91,0.34,76.73,6.0,77.02
Croatia,HRV,Europe,2008,15888.06,0.65,75.91,90.94,44.24,5.38,3.5,5.0,4.28,7.64,33.7,0.99,55.35,8.53,0.47,79.29,6.0,77.01
Croatia,HRV,Europe,2009,14474.65,0.64,76.17,91.17,50.58,4.63,3.52,4.8,4.36,8.03,32.6,0.75,55.31,9.2,0.55,77.72,6.0,76.93
Croatia,HRV,Europe,2010,13729.77,0.65,76.48,92.19,56.55,5.82,3.45,4.7,4.21,7.95,32.4,0.99,55.28,11.62,1.16,77.46,6.0,76.75
Croatia,HRV,Europe,2011,14691.56,0.65,76.78,91.09,57.79,4.47,3.3,4.5,4.11,7.63,32.3,0.74,55.28,13.68,2.25,74.95,5.0,76.49
Croatia,HRV,Europe,2012,13507.78,0.65,77.17,93.28,61.94,5.11,3.45,4.4,4.11,7.63,32.5,0.89,55.3,16.05,3.95,80.19,5.0,76.13
Croatia,HRV,Europe,2013,14134.95,0.65,77.57,92.09,66.75,6.39,3.31,4.3,4.5,6.37,32.0,0.4,55.37,17.23,4.65,78.51,5.0,75.65
Croatia,HRV,Europe,2014,14186.73,0.66,77.72,93.5,68.57,4.79,3.4,4.2,4.5,6.57,32.1,0.8,55.46,17.21,6.86,80.86,4.0,75.08
Croatia,HRV,Europe,2015,12283.78,0.66,77.28,93.89,69.85,6.19,3.36,4.2,4.5,6.66,31.1,0.53,55.58,16.15,9.81,80.17,4.0,74.19
Croatia,HRV,Europe,2016,12820.17,0.66,77.92,94.76,72.7,5.08,3.3,4.1,3.87,6.69,30.9,1.04,55.73,13.02,11.78,81.42,4.0,73.38
Croatia,HRV,Europe,2017,13901.79,0.67,77.73,93.93,67.1,5.37,3.19,4.1,3.87,6.63,30.4,0.86,55.9,11.08,15.1,81.82,4.0,72.21
Croatia,HRV,Europe,2018,15460.37,0.67,77.92,96.17,75.29,5.2,3.14,4.1,3.92,6.71,29.7,1.36,56.09,8.32,15.27,81.36,3.0,71.27
Croatia,HRV,Europe,2019,15563.6,0.68,78.22,96.48,79.08,6.14,3.12,4.0,3.95,6.79,28.9,1.16,56.3,6.55,19.76,83.69,4.0,70.57
Croatia,HRV,Europe,2020,14807.56,0.67,77.52,95.33,78.32,5.77,3.14,4.0,4.41,7.68,29.5,0.95,56.53,7.39,21.58,82.31,5.0,69.95
Croatia,HRV,Europe,2021,17788.79,0.67,76.42,94.25,81.25,6.04,3.07,3.9,4.09,8.08,28.9,1.05,56.77,7.48,22.36,85.59,12.0,69.32
Croatia,HRV,Europe,2022,18465.54,0.68,77.58,98.2,82.07,5.17,3.01,3.9,4.09,7.3,30.0,1.21,57.0,6.81,22.36,87.19,6.0,68.9
Croatia,HRV,Europe,2023,22184.23,0.68,78.47,97.2,83.24,5.14,2.91,4.0,4.09,7.15,30.1,0.99,57.24,6.12,22.36,87.73,3.0,68.97
Czech Republic,CZE,Europe,2000,6062.92,0.68,74.97,88.46,9.78,8.47,3.5,4.5,3.62,5.67,26.6,0.98,74.0,8.76,0.72,76.73,7.0,132.72
Czech Republic,CZE,Europe,2001,6669.07,0.69,75.17,90.32,14.7,8.06,3.34,4.2,3.71,5.83,26.6,1.13,73.91,8.13,0.7,76.74,6.0,132.22
Czech Republic,CZE,Europe,2002,8101.26,0.69,75.22,90.16,23.93,8.09,3.38,4.0,3.94,6.15,26.6,1.3,73.84,7.28,0.66,75.68,6.0,131.96
Czech Republic,CZE,Europe,2003,9852.46,0.69,75.17,89.42,34.3,7.66,3.34,3.9,4.1,6.5,26.6,1.28,73.76,7.78,0.6,77.37,6.0,131.93
Czech Republic,CZE,Europe,2004,11782.55,0.7,75.72,92.72,35.5,7.75,3.29,3.7,3.98,6.33,27.5,0.86,73.7,8.3,0.86,78.94,5.0,131.98
Czech Republic,CZE,Europe,2005,13442.49,0.69,75.92,92.35,35.27,6.24,3.21,3.5,3.86,6.34,26.9,0.99,73.64,7.93,0.91,78.18,5.0,132.17
Czech Republic,CZE,Europe,2006,15259.08,0.69,76.52,90.4,47.93,6.62,3.28,3.3,4.2,6.16,26.7,0.7,73.58,7.14,1.15,80.4,5.0,132.54
Czech Republic,CZE,Europe,2007,18452.65,0.69,76.72,91.05,51.93,8.71,3.11,3.2,3.85,5.99,26.0,1.09,73.52,5.32,1.5,77.91,4.0,133.32
Czech Republic,CZE,Europe,2008,22774.7,0.7,76.98,91.01,62.97,8.4,3.08,3.0,3.73,6.34,26.3,1.08,73.47,4.39,2.04,80.34,4.0,134.45
Czech Republic,CZE,Europe,2009,19817.42,0.71,77.08,92.52,64.43,7.87,3.14,2.9,4.16,7.27,26.2,1.28,73.41,6.66,2.71,80.1,4.0,135.21
Czech Republic,CZE,Europe,2010,20160.44,0.7,77.42,93.22,68.82,7.92,3.03,2.7,3.99,7.48,26.6,1.09,73.35,7.28,3.62,81.01,4.0,135.63
Czech Republic,CZE,Europe,2011,22049.11,0.71,77.87,92.37,70.49,8.65,2.81,2.6,4.21,7.47,26.4,0.53,73.29,6.71,6.04,82.03,4.0,135.91
Czech Republic,CZE,Europe,2012,20014.04,0.71,78.08,94.39,73.43,8.22,3.01,2.6,4.19,7.54,26.1,0.91,73.22,6.98,6.79,82.5,4.0,136.1
Czech Republic,CZE,Europe,2013,20260.5,0.72,78.18,94.32,74.11,8.38,2.9,2.5,4.02,7.45,26.5,1.01,73.16,6.95,7.56,84.75,3.0,136.16
Czech Republic,CZE,Europe,2014,20038.42,0.72,78.82,96.2,74.23,8.76,2.97,2.5,3.94,7.54,25.9,1.29,73.1,6.11,8.43,83.46,3.0,136.3
Czech Republic,CZE,Europe,2015,17931.6,0.72,78.58,93.66,75.67,8.83,2.94,2.6,5.72,7.29,25.9,1.21,73.04,5.05,9.09,84.84,3.0,136.59
Czech Republic,CZE,Europe,2016,18753.97,0.72,79.03,96.48,76.48,7.28,2.86,2.6,5.5,7.32,25.4,1.36,72.97,3.95,8.86,84.86,3.0,136.85
Czech Republic,CZE,Europe,2017,20913.2,0.73,78.98,95.82,78.72,9.48,2.81,2.6,3.76,7.24,24.9,1.03,72.91,2.89,8.91,85.54,3.0,137.22
Czech Republic,CZE,Europe,2018,23705.93,0.72,79.03,96.26,80.69,7.3,2.84,2.5,4.22,7.37,25.0,1.32,72.85,2.25,8.86,85.28,3.0,137.68
Czech Republic,CZE,Europe,2019,24062.72,0.73,79.23,96.32,80.87,6.93,2.93,2.4,4.47,7.49,25.3,1.22,72.79,2.02,9.27,86.9,3.0,138.23
Czech Republic,CZE,Europe,2020,23472.89,0.74,78.23,97.53,81.34,7.92,2.66,2.4,4.63,8.97,26.2,0.66,72.73,2.55,10.12,89.31,3.0,138.58
Czech Republic,CZE,Europe,2021,27696.46,0.74,77.22,99.03,82.67,7.69,2.78,2.3,4.65,9.15,26.2,1.22,72.68,2.8,9.77,88.53,4.0,136.11
Czech Republic,CZE,Europe,2022,28282.22,0.74,78.93,98.36,84.54,8.37,2.73,2.2,4.3,8.47,25.9,1.5,72.7,2.22,9.77,89.02,3.0,138.29
Czech Republic,CZE,Europe,2023,31761.59,0.74,79.83,98.82,85.99,8.42,2.65,2.1,4.3,8.43,25.7,1.37,72.74,2.58,9.77,88.45,3.0,140.79
Denmark,DNK,Europe,2000,30722.03,0.88,76.59,93.55,39.17,24.05,2.32,4.7,8.09,8.11,23.8,1.95,85.1,4.48,15.37,91.88,9.0,133.49
Denmark,DNK,Europe,2001,30768.48,0.88,76.79,94.93,42.96,18.0,2.14,4.6,8.21,8.44,23.8,1.62,85.19,4.16,15.42,90.53,9.0,133.97
Denmark,DNK,Europe,2002,33257.16,0.89,76.9,95.15,64.25,20.6,2.0,4.5,8.21,8.7,25.6,1.86,85.3,4.27,17.2,89.71,9.0,134.4
Denmark,DNK,Europe,2003,40519.1,0.89,77.14,94.66,76.26,21.67,1.97,4.4,8.11,8.89,25.6,1.64,85.42,5.4,17.44,91.34,8.0,134.76
Denmark,DNK,Europe,2004,46625.05,0.88,77.49,95.82,80.93,20.89,2.16,4.2,8.19,8.99,24.9,1.68,85.71,5.2,23.48,92.86,8.0,135.11
Denmark,DNK,Europe,2005,48925.81,0.9,77.84,95.79,82.74,23.41,2.04,4.1,8.06,9.07,25.2,2.07,86.01,4.83,27.01,94.01,8.0,135.49
Denmark,DNK,Europe,2006,52119.18,0.89,78.1,97.02,86.65,19.14,2.26,3.9,7.72,9.15,25.9,2.15,86.25,3.9,20.12,92.83,7.0,135.93
Denmark,DNK,Europe,2007,58631.66,0.9,78.2,97.8,85.03,20.24,2.07,3.8,7.6,9.3,26.2,1.9,86.43,3.8,26.14,93.83,7.0,136.54
Denmark,DNK,Europe,2008,64616.67,0.91,78.45,97.83,85.02,22.29,1.9,3.7,7.44,9.47,25.2,2.1,86.58,3.68,27.5,96.33,7.0,137.34
Denmark,DNK,Europe,2009,58412.75,0.9,78.6,96.98,86.84,18.34,1.98,3.6,8.41,10.63,26.7,2.07,86.76,6.41,27.61,94.88,7.0,138.08
Denmark,DNK,Europe,2010,58104.54,0.9,79.1,98.05,88.72,19.69,2.01,3.5,8.55,10.6,27.2,2.36,86.87,7.75,31.93,96.33,7.0,138.69
Denmark,DNK,Europe,2011,61809.74,0.91,79.8,98.3,89.81,20.38,1.83,3.5,8.48,10.4,27.3,2.09,87.16,7.77,40.21,95.68,6.0,139.26
Denmark,DNK,Europe,2012,58443.77,0.91,80.05,99.9,92.26,22.99,1.74,3.5,7.25,10.53,27.8,1.83,87.23,7.8,48.28,97.32,6.0,139.79
Denmark,DNK,Europe,2013,61377.59,0.92,80.3,98.04,94.63,18.4,1.72,3.5,8.47,10.3,28.5,2.74,87.54,7.38,45.92,98.27,5.0,140.37
Denmark,DNK,Europe,2014,62520.45,0.92,80.7,98.17,95.99,18.18,1.78,3.5,7.64,10.31,28.4,2.44,87.68,6.92,55.83,98.98,5.0,141.09
Denmark,DNK,Europe,2015,53094.01,0.92,80.7,99.9,96.33,21.51,1.68,3.5,7.64,10.38,28.2,2.01,87.73,6.28,65.37,98.95,5.0,142.09
Denmark,DNK,Europe,2016,54500.93,0.91,80.85,99.9,96.97,24.21,1.88,3.5,7.72,10.28,28.2,1.56,87.7,5.99,60.16,96.8,5.0,143.2
Denmark,DNK,Europe,2017,57521.55,0.92,81.1,99.9,97.1,22.78,1.63,3.4,7.37,10.11,28.7,2.02,88.02,5.83,70.21,99.86,5.0,144.12
Denmark,DNK,Europe,2018,61324.77,0.93,80.95,99.9,97.32,20.34,1.6,3.4,7.33,10.14,28.2,2.05,88.11,5.13,68.31,99.9,5.0,144.84
Denmark,DNK,Europe,2019,59404.27,0.93,81.45,99.9,98.05,22.46,1.53,3.3,7.28,10.18,27.7,1.9,88.21,5.02,78.12,99.9,4.0,145.36
Denmark,DNK,Europe,2020,60985.49,0.93,81.6,99.9,96.55,20.77,1.55,3.3,7.39,10.69,27.5,1.84,88.24,5.64,81.56,99.9,4.0,145.79
Denmark,DNK,Europe,2021,69340.73,0.93,81.4,99.9,98.87,20.13,1.51,3.3,6.96,10.66,28.3,2.19,88.26,5.07,78.91,99.9,8.0,146.42
Denmark,DNK,Europe,2022,67781.09,0.94,81.3,99.9,97.86,19.78,1.4,3.3,6.36,9.47,29.3,1.9,88.39,4.43,78.91,99.9,6.0,147.58
Denmark,DNK,Europe,2023,68043.55,0.94,81.75,99.9,98.78,22.08,1.42,3.4,6.36,9.56,29.9,2.74,88.55,5.09,78.91,99.9,4.0,148.67
Ecuador,ECU,Americas,2000,1382.23,0.51,72.09,90.98,1.46,1.91,4.48,24.1,1.2,3.57,56.3,0.3,60.69,4.8,0.0,64.85,123.0,51.09
Ecuador,ECU,Americas,2001,1791.3,0.5,72.57,90.98,2.67,2.18,4.46,22.9,1.2,4.06,56.3,1.15,61.01,4.25,11.79,65.37,116.0,51.98
Ecuador,ECU,Americas,2002,2059.16,0.52,73.16,90.98,4.26,2.48,4.32,21.9,1.2,4.81,53.5,0.53,61.29,4.82,26.52,66.09,109.0,52.9
Ecuador,ECU,Americas,2003,2315.62,0.52,73.63,90.98,4.46,1.58,4.36,21.0,1.2,5.79,53.5,0.7,61.54,5.66,0.0,66.3,102.0,53.84
Ecuador,ECU,Americas,2004,2586.21,0.51,73.87,90.98,4.83,2.18,4.28,20.2,6.09,5.88,53.9,0.01,61.78,5.0,0.02,65.78,97.0,54.79
Ecuador,ECU,Americas,2005,2909.03,0.52,73.91,92.1,5.99,2.1,4.4,19.5,5.14,5.86,53.1,0.08,62.01,3.78,0.77,66.49,94.0,55.75
Ecuador,ECU,Americas,2006,3243.67,0.52,74.01,92.1,7.2,2.25,4.27,18.8,4.52,5.94,52.3,0.3,62.21,3.55,0.96,67.4,90.0,56.72
Ecuador,ECU,Americas,2007,3478.92,0.53,74.23,92.1,10.8,1.98,4.26,18.1,4.52,5.56,53.4,0.64,62.39,3.14,1.27,70.57,86.0,57.69
Ecuador,ECU,Americas,2008,4194.76,0.53,74.71,92.39,18.8,2.42,4.09,17.4,4.52,5.52,49.8,0.19,62.54,3.92,1.14,71.22,83.0,58.69
Ecuador,ECU,Americas,2009,4053.36,0.53,74.9,92.25,24.6,2.22,4.15,16.7,4.52,6.03,48.5,0.47,62.66,4.61,1.21,69.36,82.0,59.7
Ecuador,ECU,Americas,2010,4520.31,0.53,75.19,91.85,29.03,2.18,4.2,16.0,4.6,6.35,48.8,0.43,62.74,4.09,1.23,68.51,80.0,60.71
Ecuador,ECU,Americas,2011,5153.69,0.54,75.18,91.59,31.37,1.85,4.2,15.3,4.74,6.61,45.9,0.28,62.79,3.46,1.79,69.32,77.0,61.71
Ecuador,ECU,Americas,2012,5634.08,0.54,75.49,92.06,35.14,2.2,4.19,14.6,4.65,6.88,46.1,0.13,62.84,3.24,1.31,71.28,72.0,62.7
Ecuador,ECU,Americas,2013,6109.29,0.54,75.83,93.29,40.28,1.45,3.97,14.0,4.93,6.78,46.9,0.63,62.88,3.08,1.53,72.0,68.0,63.65
Ecuador,ECU,Americas,2014,6405.8,0.55,76.14,94.22,45.59,1.91,4.1,13.4,5.21,6.77,45.0,0.03,62.92,3.48,2.04,73.52,65.0,64.56
Ecuador,ECU,Americas,2015,5976.16,0.55,76.22,94.46,48.94,2.14,3.79,12.9,5.11,7.77,46.0,0.31,62.96,3.62,2.09,73.71,64.0,65.49
Ecuador,ECU,Americas,2016,5917.64,0.55,76.09,94.35,54.06,2.07,4.01,12.5,4.46,7.59,45.0,0.32,62.99,4.6,2.24,73.89,65.0,66.46
Ecuador,ECU,Americas,2017,6233.32,0.55,76.22,92.83,55.8,2.08,3.79,12.2,4.61,7.52,44.7,0.48,63.02,3.84,2.03,75.71,62.0,67.48
Ecuador,ECU,Americas,2018,6303.92,0.56,77.25,92.83,57.5,2.33,3.87,11.9,4.63,7.83,45.4,0.23,63.04,3.53,1.87,74.05,61.0,68.65
Ecuador,ECU,Americas,2019,6205.06,0.56,77.29,93.63,59.2,2.34,3.89,11.7,4.25,7.81,45.7,0.18,63.06,3.81,1.86,75.78,62.0,69.82
Ecuador,ECU,Americas,2020,5463.65,0.56,72.0,93.63,70.7,2.01,3.75,11.5,4.26,8.61,47.3,0.51,63.08,6.12,1.84,76.91,91.0,70.65
Ecuador,ECU,Americas,2021,6061.32,0.57,72.75,94.48,69.11,2.3,3.79,11.3,3.66,8.38,45.8,0.55,63.09,4.5,1.56,75.24,93.0,71.2
Ecuador,ECU,Americas,2022,6515.59,0.57,76.58,96.26,69.72,2.24,3.79,11.2,3.61,7.6,45.5,0.6,63.09,3.71,1.56,79.32,69.0,71.77
Ecuador,ECU,Americas,2023,6737.85,0.57,77.39,96.26,72.69,2.04,3.68,11.1,3.82,7.56,44.6,0.1,63.13,3.51,1.56,78.12,55.0,72.4
Egypt,EGY,Africa,2000,1366.09,0.46,67.33,81.99,0.64,1.36,4.82,40.1,4.95,4.92,30.8,0.11,42.73,8.98,0.52,61.25,53.0,73.42
Egypt,EGY,Africa,2001,1295.14,0.46,67.61,82.37,0.84,1.36,4.67,38.2,4.95,5.4,30.8,0.37,42.78,9.26,0.6,63.89,50.0,74.99
Egypt,EGY,Africa,2002,1116.83,0.47,67.85,67.33,2.72,1.29,4.7,36.5,4.95,5.51,31.8,0.34,42.83,10.01,0.61,62.34,48.0,76.59
Egypt,EGY,Africa,2003,1031.28,0.48,68.04,67.33,4.04,1.47,4.58,34.9,4.95,5.22,31.8,0.06,42.88,10.91,0.41,62.8,45.0,78.21
Egypt,EGY,Africa,2004,991.26,0.48,68.21,67.33,11.92,1.36,4.57,33.5,4.67,4.86,31.8,0.25,42.93,10.32,1.08,65.92,43.0,79.84
Egypt,EGY,Africa,2005,1105.54,0.47,68.36,67.33,12.75,1.24,4.65,32.3,4.79,4.92,31.8,0.01,42.96,11.05,0.8,64.53,41.0,81.47
Egypt,EGY,Africa,2006,1298.98,0.48,68.49,66.37,13.66,1.27,4.45,31.1,4.0,4.84,31.8,0.6,42.97,10.49,0.79,66.8,40.0,83.08
Egypt,EGY,Africa,2007,1547.74,0.49,68.63,66.37,16.03,1.15,4.33,30.1,3.68,4.44,31.1,0.35,42.97,8.8,17.88,67.0,38.0,84.66
Egypt,EGY,Africa,2008,1896.22,0.49,68.76,66.37,18.01,1.39,4.53,29.0,3.76,4.47,31.1,0.15,42.96,8.52,1.54,68.22,36.0,86.26
Egypt,EGY,Africa,2009,2161.64,0.48,68.92,72.05,20.0,1.18,4.44,28.1,3.76,4.38,31.1,0.07,42.94,9.09,2.23,65.91,34.0,87.9
Egypt,EGY,Africa,2010,2455.08,0.49,69.08,72.05,21.6,1.48,4.33,27.2,3.76,4.15,30.2,0.26,42.91,8.76,0.83,66.87,32.0,89.6
Egypt,EGY,Africa,2011,2590.64,0.5,69.23,72.05,25.6,1.12,4.3,26.4,3.76,4.36,30.2,0.23,42.86,11.85,1.39,67.89,31.0,91.51
Egypt,EGY,Africa,2012,2996.07,0.5,69.46,73.87,26.4,1.3,4.36,25.7,5.81,4.46,28.3,0.1,42.81,12.6,1.34,67.82,29.0,93.59
Egypt,EGY,Africa,2013,3025.53,0.5,69.63,72.44,29.4,1.36,4.24,25.1,5.44,4.67,28.3,0.13,42.75,13.15,0.82,68.13,27.0,95.77
Egypt,EGY,Africa,2014,3133.39,0.5,69.91,72.44,33.89,1.4,4.36,24.5,5.28,4.77,31.8,0.31,42.68,13.1,0.76,71.67,26.0,97.97
Egypt,EGY,Africa,2015,3306.98,0.51,70.14,72.44,37.82,1.43,4.07,24.1,4.85,5.06,31.8,0.69,42.61,13.05,1.13,71.67,24.0,100.05
Egypt,EGY,Africa,2016,3270.63,0.51,70.44,71.17,41.25,1.56,4.13,23.7,5.19,5.07,31.8,0.3,42.52,12.45,1.73,68.86,23.0,102.11
Egypt,EGY,Africa,2017,2395.1,0.51,70.71,71.17,44.95,1.49,4.27,23.4,5.83,5.35,31.5,0.51,42.45,11.77,1.65,70.3,21.0,104.17
Egypt,EGY,Africa,2018,2484.7,0.52,70.97,71.17,46.92,1.33,4.1,23.1,6.47,4.75,31.5,0.02,42.46,9.86,1.41,71.04,20.0,106.17
Egypt,EGY,Africa,2019,2962.99,0.52,71.21,71.17,57.28,1.34,4.04,22.9,5.55,4.6,31.9,0.03,42.48,7.85,1.49,74.51,19.0,108.04
Egypt,EGY,Africa,2020,3511.11,0.52,69.79,82.08,71.91,1.4,4.08,22.6,5.25,4.15,31.9,0.42,42.52,7.97,4.55,74.88,31.0,109.81
Egypt,EGY,Africa,2021,3827.35,0.52,68.98,82.08,72.06,1.5,3.87,22.2,5.44,4.61,28.5,0.4,42.57,7.44,5.13,73.73,42.0,111.46
Egypt,EGY,Africa,2022,4233.31,0.52,71.01,79.45,72.2,1.43,4.0,21.8,5.45,4.72,28.5,0.51,42.63,6.55,5.13,73.0,24.0,113.13
Egypt,EGY,Africa,2023,3456.79,0.53,71.63,79.45,74.01,1.25,3.92,21.3,5.5,4.88,28.5,0.34,42.71,6.75,5.13,75.95,17.0,115.06
Ethiopia,ETH,Africa,2000,122.27,0.37,50.88,79.33,0.02,0.31,5.23,92.3,3.89,4.37,30.0,0.41,14.92,3.5,4.47,56.75,870.0,67.41
Ethiopia,ETH,Africa,2001,118.46,0.38,51.43,35.9,0.04,0.26,5.23,88.9,3.7,4.72,30.0,0.3,15.12,3.16,3.48,55.41,856.0,69.49
Ethiopia,ETH,Africa,2002,109.59,0.39,52.08,35.9,0.07,0.3,5.12,85.3,3.63,4.71,29.8,0.14,15.33,3.05,2.69,56.59,826.0,71.64
Ethiopia,ETH,Africa,2003,116.8,0.39,52.88,35.9,0.11,0.29,5.26,81.7,3.63,4.9,29.8,0.2,15.54,3.01,2.37,59.19,797.0,73.83
Ethiopia,ETH,Africa,2004,133.17,0.4,53.74,35.9,0.16,0.33,4.99,78.0,3.63,4.31,29.8,0.05,15.76,2.78,2.09,58.04,764.0,67.41
Ethiopia,ETH,Africa,2005,158.24,0.41,54.36,35.9,0.22,0.34,5.04,74.4,5.49,4.1,29.8,0.34,15.98,2.5,2.01,57.87,754.0,69.44
Ethiopia,ETH,Africa,2006,189.35,0.41,55.4,39.0,0.31,0.37,4.94,70.9,5.49,4.46,29.8,0.93,16.21,2.34,1.83,60.62,729.0,71.51
Ethiopia,ETH,Africa,2007,237.15,0.42,56.57,39.0,0.37,0.34,4.82,67.7,5.45,5.0,29.8,0.39,16.09,2.34,1.2,61.34,704.0,73.63
Ethiopia,ETH,Africa,2008,316.41,0.43,57.73,39.0,0.45,0.34,4.67,64.7,5.41,4.28,33.2,0.36,16.79,2.33,0.4,63.69,678.0,75.8
Ethiopia,ETH,Africa,2009,368.57,0.43,58.72,39.0,0.54,0.32,4.74,61.8,4.42,4.65,33.2,0.24,17.15,2.33,0.5,65.78,649.0,77.98
Ethiopia,ETH,Africa,2010,330.62,0.44,59.71,39.0,0.75,0.36,4.48,59.2,4.5,5.47,33.2,0.08,17.49,2.3,0.54,64.82,619.0,80.22
Ethiopia,ETH,Africa,2011,343.02,0.45,60.6,48.35,1.1,0.39,4.51,56.8,5.49,4.47,33.2,0.78,17.86,2.27,1.04,65.82,588.0,82.54
Ethiopia,ETH,Africa,2012,452.1,0.46,61.44,48.35,2.9,0.38,4.58,54.4,5.57,4.54,33.2,0.0,18.21,2.25,2.84,66.73,545.0,84.88
Ethiopia,ETH,Africa,2013,484.04,0.46,62.16,48.35,4.6,0.4,4.6,52.2,4.5,4.08,35.0,0.29,18.62,2.25,4.52,68.46,494.0,87.22
Ethiopia,ETH,Africa,2014,549.99,0.47,62.93,48.35,7.7,0.39,4.49,50.0,4.6,4.03,35.0,0.28,19.03,2.36,0.27,68.61,444.0,89.6
Ethiopia,ETH,Africa,2015,597.91,0.48,63.59,47.49,13.86,0.41,4.35,47.9,4.74,3.82,35.0,0.35,19.45,2.44,29.47,69.73,401.0,92.04
Ethiopia,ETH,Africa,2016,641.65,0.48,64.16,47.49,15.37,0.43,4.23,45.9,5.06,3.6,35.0,0.33,19.88,2.56,28.21,71.16,364.0,94.56
Ethiopia,ETH,Africa,2017,696.35,0.49,64.77,47.49,15.62,0.4,4.1,44.0,5.5,3.45,35.0,0.42,20.31,2.66,11.81,69.6,327.0,97.17
Ethiopia,ETH,Africa,2018,739.7,0.5,65.26,55.05,15.89,0.41,4.2,42.3,5.22,3.3,35.0,0.1,20.78,2.81,0.73,72.04,297.0,99.83
Ethiopia,ETH,Africa,2019,793.47,0.5,65.74,55.05,15.98,0.39,4.01,40.8,4.48,3.24,31.1,0.22,21.25,2.93,1.0,71.42,269.0,102.55
Ethiopia,ETH,Africa,2020,829.79,0.51,65.97,55.05,16.07,0.44,4.03,39.4,4.09,3.48,31.1,0.11,21.63,4.0,0.82,74.67,244.0,105.37
Ethiopia,ETH,Africa,2021,893.01,0.52,65.33,54.89,16.7,0.47,4.18,49.9,4.07,3.21,31.1,0.47,22.11,3.94,6.04,73.62,250.0,108.23
Ethiopia,ETH,Africa,2022,982.1,0.53,66.9,60.46,17.98,0.44,3.89,48.3,3.74,2.85,31.1,0.32,22.74,3.39,6.04,74.87,207.0,111.11
Ethiopia,ETH,Africa,2023,1055.81,0.53,67.32,60.46,20.34,0.44,3.84,38.7,2.93,2.8,31.1,0.73,23.06,3.38,6.04,74.58,195.0,114.04
Finland,FIN,Europe,2000,24335.92,0.83,77.47,93.97,37.25,20.69,2.66,3.5,5.71,7.1,27.2,1.76,67.12,11.13,12.46,86.84,7.0,16.99
Finland,FIN,Europe,2001,24965.2,0.83,77.97,92.55,43.11,16.52,2.48,3.4,5.84,7.25,27.2,0.99,67.5,10.29,11.2,87.64,7.0,17.03
Finland,FIN,Europe,2002,26989.39,0.84,78.12,93.43,62.43,14.62,2.38,3.3,6.02,7.63,27.7,1.71,67.8,10.42,12.08,87.78,7.0,17.07
Finland,FIN,Europe,2003,32920.09,0.84,78.37,94.13,69.22,18.44,2.47,3.2,6.17,7.94,27.7,1.43,68.04,10.47,11.24,88.72,7.0,17.11
Finland,FIN,Europe,2004,37768.13,0.84,78.71,93.12,72.39,17.35,2.37,3.1,6.16,8.06,27.9,1.49,68.28,10.36,12.3,87.63,7.0,17.16
Finland,FIN,Europe,2005,39049.87,0.84,78.82,93.25,74.48,18.66,2.31,3.0,6.03,8.29,27.6,1.75,68.51,9.6,13.72,88.45,8.0,17.22
Finland,FIN,Europe,2006,41214.02,0.84,79.21,96.08,79.66,18.0,2.42,2.9,5.93,8.29,28.0,1.82,68.76,8.94,13.33,88.76,7.0,17.32
Finland,FIN,Europe,2007,48473.02,0.85,79.26,96.19,80.78,16.12,2.18,2.8,5.67,8.08,28.3,1.8,69.02,6.85,12.49,91.06,7.0,17.39
Finland,FIN,Europe,2008,53769.47,0.85,79.57,96.75,83.67,13.5,2.13,2.7,5.83,8.34,27.8,1.48,69.29,6.37,13.78,91.29,7.0,17.48
Finland,FIN,Europe,2009,47478.35,0.85,79.72,96.62,82.49,15.64,2.3,2.6,6.46,9.16,27.5,1.74,69.55,8.25,12.51,90.35,8.0,17.57
Finland,FIN,Europe,2010,46506.29,0.85,79.87,96.1,86.89,15.59,2.24,2.4,6.5,9.14,27.7,1.62,69.79,8.39,13.97,92.01,8.0,17.65
Finland,FIN,Europe,2011,51060.32,0.86,80.47,97.44,88.71,18.06,2.34,2.3,6.46,9.24,27.6,1.49,70.06,7.78,15.96,91.31,7.0,17.73
Finland,FIN,Europe,2012,47551.67,0.85,80.63,99.17,89.88,16.88,2.12,2.2,7.17,9.62,27.1,1.64,70.37,7.69,16.62,91.01,8.0,17.82
Finland,FIN,Europe,2013,49691.01,0.86,80.98,98.4,91.51,15.32,1.98,2.1,7.15,9.85,27.2,1.47,70.67,8.19,17.95,91.75,8.0,17.9
Finland,FIN,Europe,2014,50073.78,0.86,81.18,98.62,86.53,16.68,2.03,2.1,7.14,9.83,26.8,2.59,70.99,8.66,18.91,94.46,7.0,17.97
Finland,FIN,Europe,2015,42560.35,0.87,81.48,99.9,86.42,17.3,2.1,2.0,7.07,9.7,27.1,1.69,71.31,9.38,20.06,95.18,7.0,18.03
Finland,FIN,Europe,2016,43451.26,0.88,81.43,99.9,87.7,18.44,1.94,2.0,6.91,9.46,27.1,1.82,71.62,8.82,21.25,95.72,7.0,18.08
Finland,FIN,Europe,2017,46085.02,0.88,81.63,99.9,87.47,17.32,2.01,1.9,6.41,9.19,27.4,1.46,71.96,8.64,24.74,97.13,8.0,18.12
Finland,FIN,Europe,2018,49654.25,0.87,81.73,99.9,88.89,18.4,1.95,1.9,6.32,9.11,27.3,2.47,72.34,7.36,26.81,95.75,8.0,18.15
Finland,FIN,Europe,2019,48358.18,0.88,81.98,99.9,89.61,17.53,1.88,1.9,6.45,9.22,27.7,1.76,72.74,6.7,28.35,97.95,8.0,18.17
Finland,FIN,Europe,2020,48828.68,0.88,81.93,99.9,92.17,18.91,1.83,1.9,6.68,9.7,27.1,1.98,73.08,7.76,28.94,97.59,9.0,18.19
Finland,FIN,Europe,2021,53099.14,0.88,81.89,99.9,92.81,18.19,1.89,1.9,6.59,9.91,27.7,1.81,73.37,7.62,31.03,98.74,8.0,18.23
Finland,FIN,Europe,2022,50440.56,0.89,81.19,99.9,92.99,17.35,1.76,1.9,6.38,9.74,27.9,1.62,73.7,6.72,31.03,99.9,8.0,18.28
Finland,FIN,Europe,2023,52834.29,0.89,81.59,99.9,93.51,14.67,1.88,1.9,6.38,10.47,27.4,2.45,74.01,7.15,31.03,97.85,8.0,18.37
France,FRA,Europe,2000,22340.59,0.78,79.06,92.76,14.31,12.78,2.83,4.1,5.71,9.62,32.6,1.34,76.51,10.22,0.56,83.87,9.0,113.03
France,FRA,Europe,2001,22331.79,0.78,79.16,92.21,26.33,11.1,2.74,3.9,5.71,9.76,32.5,1.02,76.91,8.61,0.63,83.11,9.0,113.86
France,FRA,Europe,2002,24144.57,0.78,79.26,94.01,30.18,16.98,2.76,3.8,6.99,10.08,31.8,1.88,77.25,8.7,0.68,83.02,9.0,114.69
France,FRA,Europe,2003,29479.52,0.78,79.11,94.32,36.14,12.07,2.64,3.6,7.24,10.13,31.4,1.28,77.47,8.31,0.73,82.62,9.0,115.5
France,FRA,Europe,2004,33644.93,0.79,80.16,92.7,39.15,14.14,2.71,3.5,6.84,10.21,30.6,2.06,77.49,8.91,0.76,83.48,9.0,116.35
France,FRA,Europe,2005,34696.37,0.79,80.16,95.29,42.87,12.62,2.62,3.3,7.27,10.24,29.8,1.72,77.44,8.88,0.84,84.88,9.0,117.23
France,FRA,Europe,2006,36431.57,0.8,80.81,94.51,46.87,13.93,2.62,3.3,6.82,10.4,29.7,1.72,77.35,8.83,1.05,85.32,9.0,118.05
France,FRA,Europe,2007,41486.19,0.79,81.11,94.21,66.09,14.5,2.6,3.2,7.23,10.33,32.4,1.33,77.25,8.01,1.46,85.91,9.0,118.78
France,FRA,Europe,2008,45464.82,0.8,81.21,95.34,70.68,16.0,2.77,3.2,7.44,10.51,33.0,1.28,77.16,7.39,1.77,87.15,10.0,119.45
France,FRA,Europe,2009,41728.09,0.8,81.41,96.35,71.58,13.3,2.56,3.1,6.81,11.29,32.7,1.87,77.1,9.12,2.36,88.61,10.0,120.06
France,FRA,Europe,2010,40694.82,0.8,81.66,96.52,77.28,16.34,2.53,3.1,6.77,11.22,33.7,1.79,77.1,9.28,2.72,89.69,9.0,120.65
France,FRA,Europe,2011,43929.78,0.8,82.11,95.71,77.82,12.86,2.51,3.1,7.21,11.18,33.3,1.43,77.12,9.23,3.54,87.73,9.0,121.24
France,FRA,Europe,2012,40863.58,0.81,81.97,97.38,81.44,12.54,2.32,3.1,7.5,11.34,33.1,1.9,77.17,9.84,4.44,89.62,9.0,121.83
France,FRA,Europe,2013,42669.18,0.82,82.22,96.99,81.92,12.82,2.35,3.1,7.12,11.38,32.5,1.47,77.24,9.91,4.72,88.83,9.0,122.46
France,FRA,Europe,2014,43148.05,0.82,82.72,97.5,83.75,13.44,2.54,3.1,5.46,11.58,32.3,1.4,77.35,10.27,5.28,91.24,9.0,123.04
France,FRA,Europe,2015,36702.43,0.82,82.32,96.85,78.01,13.27,2.24,3.2,5.46,11.5,32.7,2.02,77.76,10.35,6.26,91.84,9.0,123.48
France,FRA,Europe,2016,37024.22,0.82,82.57,98.34,79.27,14.41,2.46,3.2,5.46,11.57,31.9,2.27,78.6,10.06,6.76,92.55,9.0,123.8
France,FRA,Europe,2017,38687.16,0.83,82.58,98.75,80.5,13.38,2.22,3.3,5.46,11.45,31.6,2.19,78.65,9.41,7.58,92.86,8.0,124.16
France,FRA,Europe,2018,41418.18,0.83,82.68,99.45,82.04,14.2,2.03,3.3,5.43,11.31,32.4,1.99,78.67,9.02,8.33,96.79,9.0,124.61
France,FRA,Europe,2019,40408.28,0.83,82.83,99.48,83.34,13.44,2.12,3.3,5.37,11.17,31.2,1.76,78.69,8.41,9.85,92.72,8.0,125.02
France,FRA,Europe,2020,39169.86,0.83,82.18,99.9,84.71,13.78,2.24,3.3,5.66,12.13,30.7,1.74,78.71,8.01,11.77,95.52,9.0,125.43
France,FRA,Europe,2021,43725.1,0.84,82.32,99.9,86.1,13.54,2.08,3.4,5.42,12.25,31.5,1.58,78.74,7.87,11.3,97.02,9.0,125.88
France,FRA,Europe,2022,40988.64,0.84,82.13,99.9,85.33,13.48,2.24,3.4,5.32,11.83,31.2,1.59,78.76,7.3,11.3,94.69,9.0,126.51
France,FRA,Europe,2023,44700.14,0.84,82.83,99.87,86.84,15.68,1.93,3.4,5.32,11.52,31.8,1.94,78.78,7.34,11.3,97.74,7.0,126.86
Germany,DEU,Europe,2000,23925.86,0.81,77.93,93.06,30.22,14.1,2.66,4.4,4.44,9.76,28.7,1.57,80.09,7.92,2.38,86.98,7.0,235.6
Germany,DEU,Europe,2001,23878.36,0.82,78.33,94.16,31.65,12.6,2.66,4.3,4.44,9.78,29.9,1.25,80.11,7.77,2.59,89.1,6.0,236.03
Germany,DEU,Europe,2002,25486.59,0.82,78.23,92.7,48.82,16.24,2.63,4.2,7.6,10.03,29.9,1.57,80.12,8.48,3.64,87.19,6.0,236.45
Germany,DEU,Europe,2003,30711.1,0.82,78.38,94.94,55.9,16.31,2.42,4.1,7.33,10.22,29.9,1.47,80.14,9.78,4.65,86.42,6.0,236.62
Germany,DEU,Europe,2004,34566.74,0.82,78.68,94.19,64.73,16.57,2.5,4.0,7.92,9.97,30.1,1.26,80.15,10.73,6.02,87.72,6.0,236.59
Germany,DEU,Europe,2005,35084.44,0.82,78.93,94.18,68.71,18.51,2.39,3.9,4.47,10.11,31.6,1.78,80.17,11.19,7.02,87.53,6.0,236.46
Germany,DEU,Europe,2006,36980.33,0.83,79.13,96.04,72.16,16.79,2.4,3.8,4.47,9.96,31.0,1.58,80.2,10.28,8.2,88.31,6.0,236.23
Germany,DEU,Europe,2007,42350.92,0.82,79.53,94.94,75.16,16.34,2.46,3.7,4.47,9.83,31.2,1.34,80.22,8.73,10.63,89.73,5.0,235.94
Germany,DEU,Europe,2008,46379.16,0.84,79.74,95.33,78.0,13.56,2.31,3.6,4.47,10.03,30.6,1.64,80.25,7.51,11.52,90.54,6.0,235.52
Germany,DEU,Europe,2009,42471.89,0.84,79.84,96.08,79.0,18.36,2.36,3.5,4.47,10.97,30.4,1.23,80.27,7.88,12.89,91.67,6.0,234.94
Germany,DEU,Europe,2010,42396.97,0.85,79.99,97.29,82.0,15.41,2.31,3.5,5.0,10.83,30.2,1.64,80.31,7.04,13.3,92.99,5.0,234.61
Germany,DEU,Europe,2011,47630.98,0.84,80.44,95.62,81.27,16.42,2.27,3.4,4.89,10.52,30.4,1.98,80.34,5.97,17.35,91.22,5.0,230.3
Germany,DEU,Europe,2012,44718.02,0.85,80.54,97.89,82.35,13.01,2.14,3.4,4.83,10.59,30.9,1.3,80.39,5.37,19.3,94.6,5.0,230.75
Germany,DEU,Europe,2013,47206.84,0.85,80.49,97.33,84.17,17.38,2.19,3.3,4.84,10.74,31.4,1.78,80.47,5.32,20.25,93.46,5.0,231.16
Germany,DEU,Europe,2014,48959.6,0.85,81.09,98.14,86.19,18.41,2.06,3.3,4.83,10.77,30.8,1.79,80.58,4.98,22.77,93.95,5.0,232.11
Germany,DEU,Europe,2015,41929.75,0.85,80.64,98.67,87.59,16.64,2.14,3.3,4.76,10.92,31.4,1.85,80.7,4.61,26.19,94.74,5.0,234.15
Germany,DEU,Europe,2016,42948.94,0.85,80.99,99.58,84.17,14.75,2.03,3.3,4.76,10.97,31.3,1.43,80.83,4.1,26.0,95.2,4.0,235.71
Germany,DEU,Europe,2017,45553.93,0.87,80.99,99.9,84.39,18.95,2.09,3.2,4.78,11.05,31.3,1.52,80.98,3.78,30.01,95.0,4.0,236.59
Germany,DEU,Europe,2018,48916.17,0.86,80.89,99.9,87.04,16.23,1.99,3.2,4.88,11.18,31.9,2.09,81.14,3.38,31.91,94.77,4.0,237.29
Germany,DEU,Europe,2019,47656.2,0.86,81.29,99.9,88.13,16.35,1.9,3.1,5.03,11.43,32.2,1.27,81.31,3.16,36.35,92.74,4.0,237.82
Germany,DEU,Europe,2020,47394.87,0.87,81.04,99.9,89.81,14.68,1.9,3.1,5.52,12.47,32.5,2.04,81.47,3.88,40.45,97.4,4.0,238.02
Germany,DEU,Europe,2021,52349.25,0.88,80.79,99.9,91.43,17.36,1.94,3.1,5.37,12.72,33.6,1.56,81.63,3.59,35.62,98.58,4.0,238.12
Germany,DEU,Europe,2022,50506.52,0.88,80.61,99.9,91.63,17.59,1.82,3.1,5.24,12.45,33.7,1.77,81.79,3.14,35.62,96.9,4.0,238.09
Germany,DEU,Europe,2023,54776.77,0.88,81.04,99.9,92.48,18.32,1.79,3.1,5.24,11.74,33.7,1.95,81.9,3.07,35.62,99.32,4.0,238.35
Ghana,GHA,Africa,2000,253.75,0.43,58.14,57.9,0.15,0.79,5.04,61.7,4.11,1.66,40.1,0.14,43.94,10.46,0.2,60.97,472.0,86.3
Ghana,GHA,Africa,2001,263.54,0.44,58.4,57.9,0.2,0.73,4.82,59.7,5.35,1.87,40.1,0.54,44.64,9.62,0.17,60.3,460.0,88.63
Ghana,GHA,Africa,2002,297.46,0.43,58.71,57.9,0.83,0.84,4.97,57.8,5.35,1.95,42.8,0.19,45.35,8.71,0.19,59.76,434.0,91.1
Ghana,GHA,Africa,2003,358.4,0.43,59.01,57.9,1.19,0.86,4.95,56.2,7.54,2.15,42.8,0.62,46.05,7.73,0.21,59.47,410.0,93.6
Ghana,GHA,Africa,2004,406.13,0.44,59.32,82.94,1.72,0.81,4.69,54.7,7.54,2.37,42.8,0.42,46.76,6.76,0.21,61.46,403.0,96.11
Ghana,GHA,Africa,2005,478.61,0.43,59.64,82.04,1.83,0.83,4.87,53.4,7.42,3.27,42.8,0.18,47.45,5.82,0.2,61.59,390.0,98.66
Ghana,GHA,Africa,2006,906.44,0.44,59.98,83.67,2.72,0.8,4.68,52.1,5.15,3.67,42.8,0.12,48.14,4.9,0.11,59.81,385.0,101.26
Ghana,GHA,Africa,2007,1050.12,0.45,60.28,71.5,3.85,0.87,4.73,50.7,5.52,3.71,42.8,0.01,48.81,5.1,0.14,63.83,377.0,103.9
Ghana,GHA,Africa,2008,1182.66,0.46,60.58,71.5,4.27,0.83,4.52,49.2,5.76,3.73,42.8,0.05,49.47,5.14,0.2,66.86,380.0,106.57
Ghana,GHA,Africa,2009,1047.7,0.46,60.93,71.5,5.44,0.8,4.38,47.5,5.32,4.18,42.4,0.39,50.11,5.36,0.18,66.32,369.0,109.27
Ghana,GHA,Africa,2010,1263.89,0.46,61.3,71.5,7.8,0.79,4.51,45.8,5.54,4.52,42.4,0.16,50.73,5.38,0.15,66.32,363.0,111.96
Ghana,GHA,Africa,2011,1507.44,0.46,61.62,71.5,9.0,0.81,4.53,44.0,8.14,4.46,42.4,0.1,51.33,4.21,0.14,64.85,356.0,114.68
Ghana,GHA,Africa,2012,1543.78,0.46,62.0,71.5,10.6,0.97,4.41,42.3,7.92,3.93,42.4,0.41,51.92,3.13,0.13,66.05,351.0,117.49
Ghana,GHA,Africa,2013,2294.8,0.46,62.4,60.2,15.0,0.93,4.51,40.7,4.58,4.59,42.4,0.55,52.5,2.17,0.15,62.69,338.0,120.36
Ghana,GHA,Africa,2014,1949.91,0.47,62.83,60.2,19.0,0.84,4.38,39.3,4.4,4.02,42.4,0.37,53.07,4.4,0.23,64.23,317.0,123.24
Ghana,GHA,Africa,2015,1722.77,0.48,63.18,60.2,23.0,0.98,4.45,37.9,4.43,4.54,43.5,0.11,53.62,6.81,0.3,69.29,310.0,126.11
Ghana,GHA,Africa,2016,1912.48,0.47,63.52,60.2,28.0,0.84,4.29,36.6,4.39,3.39,43.5,0.11,54.17,5.26,0.52,68.27,296.0,129.02
Ghana,GHA,Africa,2017,2012.29,0.48,63.83,64.49,37.88,0.82,4.22,35.4,3.53,2.69,43.5,0.09,54.7,3.37,0.46,69.52,287.0,131.88
Ghana,GHA,Africa,2018,2195.32,0.48,64.14,64.49,43.0,0.89,4.46,34.1,3.89,2.43,43.5,0.31,55.22,3.2,0.44,69.37,276.0,134.65
Ghana,GHA,Africa,2019,2186.66,0.48,64.46,64.49,22.07,0.86,4.31,32.9,3.15,3.25,43.5,0.63,55.72,3.07,0.53,70.8,260.0,137.38
Ghana,GHA,Africa,2020,2195.45,0.49,64.31,76.49,62.52,0.92,4.2,31.7,3.41,4.43,47.32,0.04,56.22,3.18,0.51,73.12,253.0,140.15
Ghana,GHA,Africa,2021,2445.19,0.48,64.29,76.49,68.6,0.87,4.32,30.5,3.4,3.86,46.06,0.04,56.7,3.2,0.77,71.9,264.0,142.92
Ghana,GHA,Africa,2022,2229.89,0.49,65.25,76.49,69.91,1.07,4.05,29.4,2.91,3.67,48.55,0.06,57.25,2.87,0.77,73.06,239.0,145.69
Ghana,GHA,Africa,2023,2383.9,0.49,65.5,76.49,70.67,0.9,4.15,28.4,2.91,2.95,52.82,0.28,57.81,2.83,0.77,72.85,234.0,148.5
Greece,GRC,Europe,2000,11638.2,0.63,77.89,95.99,9.14,5.06,3.65,5.5,3.35,7.51,34.4,0.2,72.67,11.34,0.84,72.22,4.0,83.83
Greece,GRC,Europe,2001,12156.96,0.64,78.39,95.99,10.94,5.99,3.58,5.1,3.47,8.25,34.4,0.48,72.85,10.76,1.56,73.92,3.0,84.27
Greece,GRC,Europe,2002,13782.2,0.64,78.64,95.99,14.67,5.75,3.64,4.8,3.52,8.47,35.5,1.55,73.1,10.35,1.42,75.27,3.0,84.58
Greece,GRC,Europe,2003,18020.61,0.65,78.84,95.99,17.8,7.0,3.38,4.4,3.52,8.68,32.8,0.78,73.43,9.84,1.93,76.06,3.0,84.78
Greece,GRC,Europe,2004,21449.26,0.65,79.04,95.99,21.42,5.27,3.36,4.1,3.76,8.3,33.6,0.89,73.83,10.63,2.1,75.73,3.0,84.99
Greece,GRC,Europe,2005,22054.13,0.65,79.24,91.06,24.0,6.55,3.47,3.9,4.05,8.76,34.6,1.06,74.26,10.07,2.32,74.97,3.0,85.24
Greece,GRC,Europe,2006,24416.02,0.65,79.44,93.91,32.25,6.44,3.4,3.7,4.05,8.4,35.1,0.74,74.72,8.91,2.99,77.84,3.0,85.5
Greece,GRC,Europe,2007,28440.76,0.66,79.44,93.91,35.88,7.55,3.4,3.5,4.05,8.52,34.0,1.12,75.18,8.35,3.16,77.13,3.0,85.71
Greece,GRC,Europe,2008,31695.83,0.66,79.94,93.91,38.2,6.59,3.4,3.4,4.05,8.95,33.6,0.67,75.62,7.66,3.83,78.68,3.0,85.94
Greece,GRC,Europe,2009,29425.46,0.66,80.19,93.91,42.4,6.03,3.47,3.3,6.26,9.54,33.6,0.9,76.02,9.55,4.58,80.66,3.0,86.17
Greece,GRC,Europe,2010,26653.05,0.67,80.39,93.91,44.4,5.69,3.18,3.3,6.06,9.62,34.1,0.85,76.36,12.72,5.33,79.58,4.0,86.28
Greece,GRC,Europe,2011,25504.79,0.66,80.73,93.91,51.65,4.45,3.3,3.4,5.57,9.19,34.8,0.98,76.64,17.97,6.95,78.49,4.0,86.15
Greece,GRC,Europe,2012,21624.35,0.68,80.63,93.91,55.07,6.07,3.3,3.4,3.68,9.04,36.3,1.13,76.87,24.73,9.43,81.62,4.0,85.69
Greece,GRC,Europe,2013,21573.34,0.67,81.29,93.89,59.87,5.7,3.12,3.5,3.68,8.52,36.1,1.33,77.1,27.69,14.0,82.86,4.0,85.07
Greece,GRC,Europe,2014,21474.73,0.68,81.39,94.7,63.21,6.42,3.3,3.6,3.68,7.94,35.8,1.25,77.31,26.71,15.26,83.11,4.0,84.5
Greece,GRC,Europe,2015,17980.73,0.68,81.04,93.99,66.83,6.42,3.02,3.6,3.68,8.27,36.0,0.74,77.52,24.98,16.87,80.43,5.0,83.95
Greece,GRC,Europe,2016,17919.24,0.68,81.39,93.98,69.09,5.86,3.09,3.6,3.68,8.45,35.0,1.26,77.71,23.51,17.18,82.09,5.0,83.6
Greece,GRC,Europe,2017,18631.99,0.69,81.29,95.51,69.89,6.04,2.98,3.6,3.47,8.11,34.4,0.88,77.89,21.41,17.8,83.71,5.0,83.43
Greece,GRC,Europe,2018,19873.4,0.69,81.79,95.48,72.24,6.66,3.12,3.6,3.58,8.07,32.9,1.04,78.05,19.18,19.54,83.32,5.0,83.27
Greece,GRC,Europe,2019,19335.36,0.69,81.64,96.67,75.67,5.8,3.09,3.5,3.55,8.12,33.1,1.08,78.19,17.05,24.88,83.24,5.0,83.18
Greece,GRC,Europe,2020,17886.73,0.7,81.29,97.91,78.12,6.25,3.05,3.4,3.55,9.38,33.6,1.14,78.31,15.9,29.45,84.37,7.0,83.0
Greece,GRC,Europe,2021,20654.7,0.69,80.08,96.77,78.49,6.82,2.92,3.4,3.38,9.03,32.9,1.11,78.39,14.66,29.67,85.62,9.0,82.0
Greece,GRC,Europe,2022,20886.52,0.7,80.79,96.54,83.17,5.26,3.03,3.3,3.38,8.45,33.4,0.87,78.55,12.43,29.67,85.96,10.0,80.97
Greece,GRC,Europe,2023,23343.71,0.7,81.74,99.09,85.01,5.95,2.78,3.3,3.38,8.39,33.4,1.42,78.77,11.02,29.67,85.4,5.0,80.74
Guatemala,GTM,Americas,2000,1648.97,0.48,67.1,69.1,0.71,1.43,4.66,40.7,4.96,5.4,54.2,0.12,43.24,2.14,17.04,63.85,166.0,109.16
Guatemala,GTM,Americas,2001,1537.69,0.48,67.44,69.1,1.74,1.6,4.59,39.2,6.05,6.07,54.2,0.68,44.68,2.25,11.88,61.41,162.0,111.7
Guatemala,GTM,Americas,2002,1669.34,0.49,67.83,69.1,3.39,1.33,4.64,37.8,5.98,6.01,54.2,0.62,45.78,2.25,10.61,61.94,153.0,114.29
Guatemala,GTM,Americas,2003,1722.55,0.48,68.2,69.1,4.55,1.42,4.41,36.4,3.03,6.15,54.2,0.08,46.59,2.81,15.11,63.5,150.0,116.89
Guatemala,GTM,Americas,2004,1840.91,0.49,68.24,69.1,5.1,1.68,4.39,35.1,3.03,6.26,54.5,0.17,47.33,2.97,25.24,65.78,148.0,119.52
Guatemala,GTM,Americas,2005,2046.47,0.49,68.17,69.1,5.7,1.33,4.46,33.9,3.03,6.15,54.5,0.41,48.06,3.06,22.79,64.08,153.0,122.13
Guatemala,GTM,Americas,2006,2225.12,0.5,68.79,85.04,6.5,1.44,4.36,32.7,3.03,6.36,54.5,0.88,48.77,2.96,14.14,66.52,142.0,124.74
Guatemala,GTM,Americas,2007,2458.82,0.5,69.3,86.44,7.3,1.72,4.34,31.5,3.09,6.19,54.5,0.29,49.46,2.85,15.9,67.44,135.0,127.4
Guatemala,GTM,Americas,2008,2763.06,0.5,69.49,87.07,8.3,1.59,4.22,30.3,3.24,6.08,54.5,0.24,50.12,2.9,12.55,67.0,133.0,130.04
Guatemala,GTM,Americas,2009,2611.65,0.5,69.68,78.26,9.3,1.69,4.39,29.2,3.24,6.34,54.5,0.3,50.74,3.22,12.68,67.31,130.0,132.66
Guatemala,GTM,Americas,2010,2805.26,0.5,69.89,78.26,10.5,1.63,4.23,28.0,2.85,6.12,49.88,0.3,51.33,3.5,20.21,68.5,127.0,135.31
Guatemala,GTM,Americas,2011,3168.98,0.5,70.32,78.26,12.3,1.49,4.36,27.0,2.97,5.96,48.3,0.52,51.87,3.17,14.46,68.41,120.0,138.04
Guatemala,GTM,Americas,2012,3286.62,0.51,70.72,78.26,16.0,1.53,4.26,26.0,3.01,6.07,48.3,0.23,52.35,2.76,17.35,68.9,115.0,140.81
Guatemala,GTM,Americas,2013,3444.16,0.51,70.88,77.04,19.7,1.65,4.3,24.9,2.89,5.77,48.3,0.4,52.78,3.02,20.21,69.0,111.0,143.59
Guatemala,GTM,Americas,2014,3689.15,0.51,70.94,81.29,23.4,1.62,4.25,24.0,2.99,5.89,48.3,0.25,53.15,2.72,21.23,71.82,111.0,146.34
Guatemala,GTM,Americas,2015,3893.51,0.52,70.92,80.2,28.81,1.55,4.08,23.1,3.03,6.01,48.3,0.32,53.44,2.51,26.95,72.34,112.0,149.05
Guatemala,GTM,Americas,2016,4060.14,0.52,71.22,80.2,34.51,1.62,4.14,22.3,2.94,6.07,48.3,0.22,53.66,2.58,28.11,71.25,110.0,151.82
Guatemala,GTM,Americas,2017,4325.0,0.53,71.58,80.81,37.9,1.54,4.04,21.6,2.95,6.14,48.3,0.53,53.8,2.46,21.3,72.65,107.0,154.6
Guatemala,GTM,Americas,2018,4352.95,0.54,71.5,80.81,41.5,1.75,4.09,20.8,3.13,6.11,43.39,0.32,53.85,2.28,25.6,74.51,107.0,157.2
Guatemala,GTM,Americas,2019,4512.0,0.54,71.64,80.81,44.4,1.61,4.06,20.2,3.19,6.17,47.34,0.67,54.19,2.19,30.47,72.38,106.0,159.61
Guatemala,GTM,Americas,2020,4477.62,0.54,69.97,80.81,47.51,1.62,3.89,19.5,3.29,6.46,45.2,0.39,54.55,2.96,25.12,74.41,102.0,161.98
Guatemala,GTM,Americas,2021,4912.62,0.53,67.86,83.03,50.84,1.69,3.99,18.9,3.09,7.36,45.2,0.36,54.9,2.17,17.63,75.72,125.0,164.23
Guatemala,GTM,Americas,2022,5358.7,0.54,71.21,83.03,54.4,1.6,3.77,18.3,3.21,7.17,45.2,0.3,55.26,3.05,17.63,74.85,97.0,166.55
Guatemala,GTM,Americas,2023,5758.33,0.54,72.6,83.02,56.73,1.53,3.87,17.7,3.11,6.8,45.2,0.21,55.61,2.34,17.63,75.77,94.0,169.14
Hungary,HUN,Europe,2000,4629.92,0.62,71.25,88.78,7.0,6.04,3.78,8.7,4.86,6.77,27.2,0.61,64.26,6.56,0.18,71.27,14.0,113.94
Hungary,HUN,Europe,2001,5280.95,0.63,72.25,88.86,14.53,5.55,3.79,8.1,4.93,6.82,26.9,0.61,64.65,5.67,0.19,74.99,13.0,113.68
Hungary,HUN,Europe,2002,6658.04,0.63,72.35,88.23,16.67,5.85,3.55,7.6,5.18,7.12,26.8,0.92,65.04,5.61,0.12,73.23,13.0,113.35
Hungary,HUN,Europe,2003,8410.09,0.64,72.3,87.02,21.63,4.38,3.69,7.2,5.8,8.13,30.9,1.09,64.85,5.79,0.48,74.3,13.0,113.03
Hungary,HUN,Europe,2004,10291.27,0.63,72.65,88.05,27.74,4.82,3.69,6.8,5.33,7.77,29.9,0.58,65.02,5.83,2.17,73.93,12.0,112.78
Hungary,HUN,Europe,2005,11212.2,0.64,72.65,89.25,38.97,5.07,3.58,6.4,5.33,7.99,34.7,0.9,66.13,7.19,4.67,74.93,13.0,112.57
Hungary,HUN,Europe,2006,11478.49,0.65,73.1,90.77,47.06,6.01,3.54,6.1,5.29,7.79,28.3,0.83,67.02,7.49,3.65,77.09,12.0,112.39
Hungary,HUN,Europe,2007,13934.61,0.65,73.15,89.71,53.3,5.05,3.48,5.8,5.14,7.21,27.9,0.59,67.0,7.41,4.19,77.59,13.0,112.22
Hungary,HUN,Europe,2008,15762.63,0.66,73.7,93.47,61.0,5.79,3.46,5.5,4.97,7.09,27.5,0.38,68.1,7.82,5.35,78.95,13.0,112.02
Hungary,HUN,Europe,2009,13051.18,0.66,73.9,91.88,62.0,5.08,3.22,5.3,4.96,7.24,27.0,0.99,68.46,10.03,7.43,79.43,13.0,110.71
Hungary,HUN,Europe,2010,13189.84,0.66,74.21,92.06,65.0,4.69,3.44,5.1,4.73,7.46,29.4,0.34,69.53,11.17,7.58,77.01,13.0,110.46
Hungary,HUN,Europe,2011,14211.46,0.66,74.86,92.19,68.02,5.71,3.32,5.0,4.57,7.49,29.2,1.5,69.48,11.03,6.9,79.78,14.0,110.15
Hungary,HUN,Europe,2012,12950.16,0.66,75.06,94.1,70.58,6.37,3.32,4.8,4.15,7.43,30.8,0.98,69.58,11.0,7.02,79.96,13.0,109.58
Hungary,HUN,Europe,2013,13739.46,0.67,75.57,93.64,72.64,5.94,3.37,4.7,4.19,7.24,31.5,0.94,69.93,10.18,8.5,79.07,13.0,109.05
Hungary,HUN,Europe,2014,14352.5,0.67,75.76,93.3,75.65,6.51,3.15,4.5,4.6,7.04,30.9,0.73,70.31,7.72,9.69,82.26,13.0,107.75
Hungary,HUN,Europe,2015,12782.94,0.66,75.57,94.26,72.83,6.04,3.2,4.2,4.49,6.85,30.4,0.86,70.48,6.81,9.87,80.09,13.0,107.36
Hungary,HUN,Europe,2016,13215.86,0.67,76.06,93.61,79.26,5.34,3.12,4.0,4.6,6.97,30.3,0.72,70.47,5.12,9.4,83.55,13.0,106.94
Hungary,HUN,Europe,2017,14736.17,0.68,75.82,95.72,76.75,5.49,3.18,3.7,4.64,6.73,30.6,0.85,70.45,4.16,9.9,83.85,14.0,106.58
Hungary,HUN,Europe,2018,16605.06,0.68,76.07,94.71,76.07,5.99,3.09,3.6,4.61,6.55,30.6,1.5,70.47,3.67,11.05,83.74,14.0,106.37
Hungary,HUN,Europe,2019,17012.86,0.68,76.32,96.15,80.37,4.75,2.97,3.4,4.2,6.25,30.6,1.0,70.46,3.41,13.04,85.05,13.0,106.23
Hungary,HUN,Europe,2020,16386.93,0.68,75.42,95.43,84.77,6.02,2.96,3.4,4.12,7.23,30.6,1.17,70.29,4.25,15.13,84.33,18.0,105.97
Hungary,HUN,Europe,2021,19030.63,0.68,74.07,97.23,88.64,6.56,2.95,3.3,4.65,7.34,45.64,0.94,70.21,4.02,18.56,84.03,30.0,105.53
Hungary,HUN,Europe,2022,18428.03,0.7,75.87,96.6,89.14,6.2,2.97,3.2,3.8,6.65,47.29,0.95,70.16,3.58,18.56,86.2,14.0,105.25
Hungary,HUN,Europe,2023,22230.63,0.7,76.57,97.54,91.45,6.27,3.02,3.2,3.8,6.37,46.6,0.61,70.29,4.1,18.56,86.88,12.0,105.11
India,IND,Asia,2000,442.75,0.42,62.75,61.01,0.53,0.79,4.87,66.3,4.32,4.11,49.45,1.23,27.65,7.59,0.77,58.57,362.0,355.82
India,IND,Asia,2001,450.36,0.42,63.16,61.01,0.66,0.7,4.83,64.3,4.32,4.34,27.7,0.18,27.9,7.61,0.91,58.9,349.0,362.54
India,IND,Asia,2002,469.15,0.43,63.65,61.01,1.54,0.72,5.04,62.4,3.61,4.31,27.7,0.28,28.18,7.68,1.28,59.48,330.0,369.17
India,IND,Asia,2003,544.14,0.43,64.09,61.01,1.69,0.81,4.94,60.4,3.61,4.08,27.7,0.64,28.47,7.63,16.31,58.1,313.0,375.62
India,IND,Asia,2004,624.26,0.43,64.48,62.75,1.98,0.52,4.84,58.5,3.35,4.03,27.7,0.64,28.77,7.6,1.67,60.6,296.0,382.08
India,IND,Asia,2005,710.49,0.43,64.94,62.75,2.39,0.78,4.83,56.5,3.19,3.86,27.7,1.31,29.09,7.55,6.08,63.7,277.0,388.36
India,IND,Asia,2006,801.67,0.43,65.37,62.75,2.81,0.68,4.91,54.5,3.14,3.67,27.7,0.14,29.43,7.55,0.25,64.31,258.0,394.49
India,IND,Asia,2007,1021.89,0.43,65.8,62.75,3.95,0.78,4.82,52.5,3.14,3.58,27.8,0.56,29.78,7.56,1.21,63.09,240.0,400.47
India,IND,Asia,2008,992.52,0.44,66.25,62.75,4.38,0.82,4.67,50.5,3.28,3.59,27.8,0.44,30.14,7.63,3.05,63.37,223.0,406.27
India,IND,Asia,2009,1094.95,0.44,66.7,68.33,5.12,0.85,4.7,48.4,3.28,3.55,27.8,1.85,30.52,7.64,2.91,62.82,205.0,412.19
India,IND,Asia,2010,1347.52,0.45,67.16,68.33,7.5,0.71,4.61,46.3,3.38,3.34,27.8,0.48,30.9,7.63,2.09,65.61,188.0,418.23
India,IND,Asia,2011,1445.46,0.45,67.62,69.3,10.07,0.64,4.53,44.2,3.8,3.25,28.8,0.02,31.27,7.61,1.88,64.64,173.0,424.2
India,IND,Asia,2012,1429.32,0.46,68.08,69.83,11.1,0.84,4.46,42.2,3.87,3.33,28.8,0.21,31.59,7.64,4.91,66.2,160.0,430.07
India,IND,Asia,2013,1432.84,0.45,68.5,69.83,12.3,0.89,4.36,40.1,3.84,3.75,28.8,0.09,31.91,7.68,2.75,66.41,148.0,435.84
India,IND,Asia,2014,1553.88,0.46,68.93,69.83,13.5,0.86,4.47,38.2,3.9,3.62,28.8,0.79,32.23,7.66,4.73,68.04,137.0,441.37
India,IND,Asia,2015,1584.0,0.46,69.33,69.83,14.9,0.86,4.46,36.3,4.11,3.6,48.0,0.44,32.55,7.63,4.84,67.8,129.0,446.67
India,IND,Asia,2016,1707.51,0.46,69.71,73.69,16.5,0.71,4.48,34.6,4.25,3.5,47.05,0.58,32.87,7.61,3.98,67.45,121.0,452.02
India,IND,Asia,2017,1950.1,0.47,70.07,73.69,18.2,0.87,4.47,32.9,4.31,2.94,51.38,0.03,33.18,7.63,4.77,70.5,113.0,457.31
India,IND,Asia,2018,1966.25,0.47,70.42,73.69,20.08,0.88,4.41,31.3,4.36,2.86,46.49,0.51,33.5,7.65,5.61,71.5,107.0,462.35
India,IND,Asia,2019,2041.43,0.48,70.75,74.89,29.52,0.72,4.3,29.8,3.9,2.95,25.5,0.58,33.81,6.51,6.35,72.2,101.0,467.19
India,IND,Asia,2020,1907.04,0.47,70.16,75.53,43.41,0.8,4.48,28.3,4.29,3.34,25.5,1.21,34.13,7.86,9.29,70.24,101.0,471.76
India,IND,Asia,2021,2239.61,0.48,67.28,76.06,49.26,0.76,4.33,27.0,4.63,3.35,25.5,0.21,34.44,6.38,9.2,71.01,155.0,475.65
India,IND,Asia,2022,2347.45,0.48,71.7,76.32,55.9,0.8,4.15,25.7,4.1,3.4,25.5,0.24,34.76,4.82,9.2,70.1,90.0,479.43
India,IND,Asia,2023,2530.12,0.48,72.0,81.7,60.25,0.86,4.23,24.5,4.1,3.34,25.5,0.52,35.07,4.17,9.2,72.16,80.0,483.68
Indonesia,IDN,Asia,2000,763.71,0.47,66.29,82.27,0.93,1.49,4.62,41.4,2.46,1.85,30.3,0.12,41.99,6.08,10.27,60.47,311.0,115.09
Indonesia,IDN,Asia,2001,732.31,0.47,66.58,90.38,2.02,1.3,4.73,39.6,2.46,2.12,31.2,0.96,42.9,6.08,10.42,61.84,300.0,116.7
Indonesia,IDN,Asia,2002,881.0,0.47,66.95,90.38,2.13,1.54,4.63,37.9,2.65,1.98,30.2,1.33,43.78,6.6,10.25,63.38,283.0,118.29
Indonesia,IDN,Asia,2003,1043.21,0.47,67.13,90.38,2.39,1.21,4.65,36.3,3.22,2.25,29.3,0.37,44.63,6.66,9.5,64.55,279.0,119.86
Indonesia,IDN,Asia,2004,1126.84,0.49,65.52,90.38,2.6,1.4,4.48,36.9,2.75,2.12,30.4,0.55,45.45,7.3,9.42,64.45,283.0,121.4
Indonesia,IDN,Asia,2005,1238.21,0.48,67.53,90.38,3.6,1.29,4.43,33.3,2.87,2.53,29.9,0.26,46.24,7.94,9.37,64.23,268.0,122.97
Indonesia,IDN,Asia,2006,1558.32,0.48,67.66,91.98,4.76,1.16,4.5,31.9,2.87,2.62,31.5,0.05,47.0,7.55,8.7,64.09,264.0,124.61
Indonesia,IDN,Asia,2007,1823.22,0.49,67.91,91.98,5.79,1.37,4.55,30.6,3.04,2.82,33.2,0.36,47.74,8.06,9.17,64.96,257.0,126.26
Indonesia,IDN,Asia,2008,2124.55,0.5,68.08,92.19,7.92,1.29,4.37,29.4,2.9,2.55,32.6,0.26,48.46,7.21,9.95,67.84,251.0,127.91
Indonesia,IDN,Asia,2009,2218.49,0.5,68.27,92.58,6.92,1.26,4.39,28.2,3.53,2.62,33.4,0.45,49.17,6.11,9.86,66.76,246.0,129.54
Indonesia,IDN,Asia,2010,3065.68,0.5,68.36,92.32,10.92,1.39,4.35,27.0,2.81,2.79,34.6,0.6,49.85,5.61,9.74,68.04,242.0,131.19
Indonesia,IDN,Asia,2011,3579.46,0.5,68.63,92.81,12.28,1.3,4.3,25.9,3.19,2.99,37.9,1.17,50.48,5.15,9.5,70.1,230.0,132.87
Indonesia,IDN,Asia,2012,3632.27,0.51,68.86,92.81,14.52,1.3,4.14,24.9,3.41,2.91,37.1,0.16,51.16,4.47,8.87,68.64,220.0,134.59
Indonesia,IDN,Asia,2013,3566.6,0.51,69.06,95.12,14.94,1.37,4.12,23.9,3.36,2.87,38.9,0.37,51.83,4.34,8.35,71.26,208.0,136.27
Indonesia,IDN,Asia,2014,3441.07,0.5,69.29,95.12,17.14,1.42,4.12,22.9,3.29,2.96,38.8,0.18,52.5,4.05,8.13,69.91,198.0,137.88
Indonesia,IDN,Asia,2015,3288.22,0.52,69.52,95.22,22.06,1.67,4.14,21.9,3.58,2.92,38.2,0.1,53.17,4.51,8.09,71.23,190.0,139.44
Indonesia,IDN,Asia,2016,3521.47,0.51,69.73,95.38,25.45,1.39,4.03,21.0,1.21,3.02,36.9,0.49,53.81,4.3,8.02,71.36,182.0,140.95
Indonesia,IDN,Asia,2017,3798.88,0.52,69.95,95.38,32.34,1.56,4.18,20.1,1.05,2.9,36.4,1.83,54.45,3.78,8.99,73.1,173.0,142.39
Indonesia,IDN,Asia,2018,3860.95,0.52,70.08,95.66,39.9,1.55,4.03,19.3,0.99,2.87,36.3,0.13,55.1,4.39,8.6,73.93,168.0,143.78
Indonesia,IDN,Asia,2019,4106.95,0.53,70.35,95.66,47.69,1.42,3.96,18.5,0.96,2.88,35.4,0.24,55.74,3.59,8.1,73.2,161.0,145.13
Indonesia,IDN,Asia,2020,3853.7,0.52,68.82,96.0,53.73,1.44,3.8,17.7,1.02,3.42,35.3,0.52,56.28,4.26,8.48,71.91,184.0,146.37
Indonesia,IDN,Asia,2021,4287.17,0.53,67.45,96.0,62.1,1.49,4.08,17.0,1.03,3.71,35.5,0.47,56.88,3.83,8.65,73.99,226.0,146.24
Indonesia,IDN,Asia,2022,4730.83,0.53,70.92,96.0,66.48,1.62,3.91,16.3,0.86,2.69,35.5,2.36,57.49,3.46,8.65,76.74,148.0,147.33
Indonesia,IDN,Asia,2023,4876.31,0.53,71.15,96.0,69.21,1.68,3.83,15.7,1.28,2.7,36.1,0.37,58.12,3.31,8.65,77.3,140.0,148.58
Iran,IRN,Asia,2000,1650.01,0.49,70.17,77.0,0.93,1.88,4.5,31.7,4.03,4.72,44.1,0.23,64.48,11.7,0.02,64.49,43.0,40.78
Iran,IRN,Asia,2001,1881.02,0.5,70.62,77.0,1.48,1.74,4.66,30.0,4.07,5.16,44.1,0.09,65.22,12.36,0.01,67.21,40.0,41.41
Iran,IRN,Asia,2002,1891.26,0.5,71.11,77.0,4.63,1.89,4.59,28.3,4.48,4.65,43.6,0.33,65.93,12.8,0.13,61.14,38.0,41.76
Iran,IRN,Asia,2003,2209.0,0.49,70.46,77.0,6.93,1.68,4.49,26.6,4.36,4.96,43.6,0.22,66.6,11.53,0.02,66.38,37.0,42.22
Iran,IRN,Asia,2004,2672.42,0.51,72.04,82.44,7.49,1.82,4.26,25.0,4.3,5.13,43.6,0.36,67.26,10.3,0.03,69.0,34.0,43.13
Iran,IRN,Asia,2005,3132.05,0.5,72.45,82.44,8.1,1.78,4.46,23.4,4.06,5.3,43.6,0.09,67.87,11.81,0.03,67.13,33.0,44.1
Iran,IRN,Asia,2006,3618.92,0.51,72.9,82.33,8.76,1.92,4.34,22.0,4.29,5.16,44.8,0.16,68.31,11.52,0.01,66.69,32.0,45.06
Iran,IRN,Asia,2007,4687.99,0.52,73.3,82.33,9.47,1.8,4.32,20.6,4.6,4.91,44.8,0.31,68.81,10.77,0.07,68.11,31.0,45.8
Iran,IRN,Asia,2008,5377.41,0.52,73.68,82.96,12.02,1.75,4.33,19.3,3.91,5.04,42.1,0.29,69.38,10.63,0.41,67.55,30.0,46.36
Iran,IRN,Asia,2009,5415.52,0.52,74.04,83.22,13.8,1.95,4.19,18.2,3.84,6.11,42.1,0.41,69.99,12.11,0.09,68.91,28.0,46.94
Iran,IRN,Asia,2010,6291.19,0.52,74.39,83.66,15.9,2.12,4.12,17.3,3.71,6.29,42.1,0.67,70.61,13.68,0.09,69.12,27.0,47.53
Iran,IRN,Asia,2011,8025.69,0.53,74.72,83.52,19.0,1.63,4.03,16.5,3.48,6.1,34.7,0.15,71.2,12.49,0.1,69.67,26.0,48.12
Iran,IRN,Asia,2012,8114.08,0.54,75.04,83.63,22.73,1.86,3.96,15.7,2.94,6.12,34.4,0.8,71.76,12.28,0.09,71.39,25.0,48.73
Iran,IRN,Asia,2013,6222.74,0.53,75.35,84.63,29.95,1.9,3.97,15.1,2.85,5.74,34.0,0.1,72.3,10.6,0.05,72.71,24.0,49.37
Iran,IRN,Asia,2014,5672.06,0.53,75.64,84.71,39.35,2.14,4.0,14.5,2.62,6.82,34.8,0.36,72.83,10.68,0.09,71.19,23.0,50.04
Iran,IRN,Asia,2015,4952.73,0.54,75.91,85.28,45.33,1.72,4.02,14.0,2.63,8.38,35.3,0.04,73.36,11.17,0.09,72.35,22.0,50.73
Iran,IRN,Asia,2016,5710.6,0.54,76.16,85.54,53.23,1.84,4.01,13.5,3.17,7.8,35.9,0.31,73.88,12.62,0.1,74.8,21.0,51.46
Iran,IRN,Asia,2017,6000.93,0.54,76.4,85.95,64.04,2.03,3.97,13.0,3.46,7.72,36.7,0.11,74.4,12.23,0.02,74.5,20.0,52.4
Iran,IRN,Asia,2018,4783.01,0.54,76.62,86.87,70.2,1.86,3.89,12.6,3.62,6.64,37.4,0.29,74.8,12.2,0.27,73.75,19.0,53.08
Iran,IRN,Asia,2019,3997.49,0.55,76.86,87.38,72.45,2.02,3.8,12.1,3.24,6.23,36.5,0.07,75.2,10.74,0.33,75.6,18.0,53.65
Iran,IRN,Asia,2020,3202.5,0.55,74.14,87.9,75.57,1.93,3.87,11.8,3.2,4.96,35.8,0.12,75.6,9.69,0.33,76.87,34.0,54.07
Iran,IRN,Asia,2021,4605.15,0.55,73.75,88.46,78.6,2.23,3.93,11.4,3.2,4.86,35.5,0.13,75.99,9.28,0.79,76.52,51.0,54.52
Iran,IRN,Asia,2022,4721.2,0.55,76.8,88.59,81.72,2.34,3.8,11.0,2.67,5.63,34.8,0.98,76.33,9.09,0.79,76.45,21.0,55.18
Iran,IRN,Asia,2023,5049.3,0.56,77.65,88.92,83.71,1.85,3.74,10.6,2.82,6.03,35.9,0.29,76.68,8.13,0.79,77.84,16.0,55.85
Iraq,IRQ,Asia,2000,1980.19,0.49,64.86,74.05,0.1,1.88,4.74,38.4,5.3,3.0,48.83,0.29,67.63,8.04,32.48,63.62,146.0,55.84
Iraq,IRQ,Asia,2001,1435.7,0.49,65.29,74.05,0.1,1.68,4.57,37.8,5.66,3.0,50.58,0.38,67.75,8.25,28.91,63.27,137.0,57.61
Iraq,IRQ,Asia,2002,1266.16,0.49,65.72,74.05,0.5,1.74,4.53,37.1,5.79,3.0,46.76,0.18,67.89,8.62,0.39,63.8,128.0,59.46
Iraq,IRQ,Asia,2003,817.89,0.49,64.83,74.05,0.6,1.69,4.58,36.4,5.08,3.0,28.6,0.34,68.05,8.96,38.43,64.65,125.0,61.28
Iraq,IRQ,Asia,2004,1328.37,0.49,64.63,85.0,0.9,1.65,4.5,35.7,5.49,3.9,28.6,0.28,68.22,8.72,36.27,65.59,122.0,63.05
Iraq,IRQ,Asia,2005,1762.39,0.5,64.9,84.76,0.9,1.56,4.47,35.0,5.74,3.02,28.6,0.03,68.39,8.57,11.52,65.51,118.0,64.95
Iraq,IRQ,Asia,2006,2276.55,0.5,64.03,85.46,0.95,1.6,4.35,34.3,5.89,2.49,28.6,0.32,68.56,8.41,6.06,67.11,120.0,65.43
Iraq,IRQ,Asia,2007,3128.99,0.5,64.43,84.69,0.93,1.39,4.36,33.5,5.21,3.21,28.6,0.13,68.72,8.65,1.6,66.93,117.0,64.91
Iraq,IRQ,Asia,2008,4542.97,0.51,66.46,86.14,1.0,1.96,4.18,32.7,5.7,3.07,28.6,0.18,68.86,8.47,42.58,68.09,109.0,66.24
Iraq,IRQ,Asia,2009,3714.71,0.51,67.83,77.2,1.06,1.9,4.26,31.8,5.01,3.77,28.6,0.03,68.97,8.41,0.01,68.44,107.0,69.21
Iraq,IRQ,Asia,2010,4461.75,0.52,68.09,77.2,2.5,1.7,4.29,30.9,5.94,3.24,29.5,2.13,69.06,8.27,0.0,68.87,107.0,71.48
Iraq,IRQ,Asia,2011,5775.54,0.51,68.44,77.2,5.0,1.62,4.14,30.0,5.37,2.8,29.5,0.05,69.13,8.19,1.38,70.11,105.0,74.05
Iraq,IRQ,Asia,2012,6477.6,0.52,68.83,77.2,7.1,1.51,4.12,29.2,5.72,2.69,29.5,0.22,69.22,7.96,0.01,70.09,100.0,77.49
Iraq,IRQ,Asia,2013,6650.35,0.52,69.05,77.2,9.2,1.66,4.2,28.3,5.58,2.81,29.5,0.06,69.44,9.22,0.08,71.91,96.0,81.27
Iraq,IRQ,Asia,2014,6249.39,0.52,69.68,82.2,11.65,1.76,4.16,27.5,5.73,2.79,29.5,0.45,69.67,10.59,0.09,70.13,90.0,84.19
Iraq,IRQ,Asia,2015,4440.14,0.53,69.98,82.2,15.21,1.61,4.13,26.6,5.84,3.16,29.5,0.23,69.92,10.86,0.09,72.1,86.0,86.52
Iraq,IRQ,Asia,2016,4334.42,0.52,68.68,83.3,19.88,1.79,4.09,25.9,5.66,4.57,48.5,0.83,69.91,10.82,0.07,73.93,87.0,88.61
Iraq,IRQ,Asia,2017,4759.28,0.53,69.79,85.6,25.97,1.52,4.15,25.1,5.66,4.09,47.3,0.26,69.89,13.02,0.07,73.25,81.0,90.61
Iraq,IRQ,Asia,2018,5646.69,0.53,71.12,85.6,33.93,1.95,4.03,24.3,5.31,4.08,45.28,0.57,69.88,13.46,0.39,73.36,76.0,92.75
Iraq,IRQ,Asia,2019,5671.86,0.54,71.24,85.6,44.33,1.51,3.96,23.5,5.87,4.21,46.68,0.07,69.87,14.1,0.33,75.61,74.0,94.88
Iraq,IRQ,Asia,2020,4295.19,0.54,69.65,84.06,53.68,1.72,4.05,22.8,5.42,5.73,29.8,0.36,69.87,15.77,0.32,73.53,63.0,97.01
Iraq,IRQ,Asia,2021,4868.49,0.54,70.7,84.06,65.0,1.54,3.89,22.1,6.14,5.14,29.8,0.03,69.87,16.17,1.0,73.45,77.0,99.21
Iraq,IRQ,Asia,2022,6520.73,0.55,72.04,84.06,78.72,1.6,3.77,21.4,6.3,4.33,29.8,0.35,69.87,15.41,1.0,77.56,59.0,101.51
Iraq,IRQ,Asia,2023,5965.32,0.55,72.32,84.06,81.81,1.68,3.91,20.7,6.03,5.53,29.8,0.67,69.87,15.24,1.0,74.83,66.0,103.83
Ireland,IRL,Europe,2000,26334.57,0.95,76.54,96.07,17.85,29.5,1.69,6.0,4.13,5.9,33.0,2.08,59.12,4.32,1.41,95.08,8.0,55.24
Ireland,IRL,Europe,2001,28282.41,0.95,77.13,95.2,23.14,24.47,1.72,5.8,4.09,6.39,33.0,2.55,59.38,3.68,1.73,95.66,7.0,56.12
Ireland,IRL,Europe,2002,32705.43,0.95,77.63,96.29,25.85,30.77,1.58,5.5,4.1,6.67,32.3,2.59,59.64,4.22,1.87,98.89,7.0,57.08
Ireland,IRL,Europe,2003,41203.53,0.95,78.14,96.7,34.31,32.34,1.78,5.1,4.2,7.01,32.9,2.13,59.91,4.48,2.14,96.16,6.0,58.01
Ireland,IRL,Europe,2004,47754.2,0.96,78.54,95.79,36.99,29.87,1.57,4.7,4.48,7.22,33.6,2.45,60.2,4.49,2.99,95.4,6.0,59.08
Ireland,IRL,Europe,2005,50933.02,0.96,78.94,96.94,41.61,25.39,1.82,4.4,4.52,7.64,33.8,2.12,60.49,4.24,4.78,99.14,6.0,60.38
Ireland,IRL,Europe,2006,54329.16,0.96,79.24,98.09,54.82,28.01,1.56,4.1,4.55,7.52,32.7,2.61,60.77,4.36,6.36,97.63,6.0,62.03
Ireland,IRL,Europe,2007,61396.42,0.97,79.64,98.6,61.16,23.75,1.47,3.9,4.72,7.81,31.9,2.26,61.06,4.98,7.43,97.0,6.0,63.85
Ireland,IRL,Europe,2008,61353.11,0.97,80.1,99.6,65.34,33.26,1.52,3.8,5.46,9.13,30.9,2.14,61.36,6.77,8.68,99.12,6.0,65.17
Ireland,IRL,Europe,2009,52133.09,0.96,80.19,99.72,67.38,24.46,1.44,3.7,6.16,10.52,32.7,2.06,61.64,12.61,11.34,97.93,6.0,65.84
Ireland,IRL,Europe,2010,48623.97,0.97,80.74,98.62,69.85,30.04,1.71,3.6,6.05,10.52,32.3,2.5,61.89,14.53,11.02,99.9,6.0,66.19
Ireland,IRL,Europe,2011,52613.85,0.97,80.75,99.38,74.89,30.24,1.48,3.5,5.77,10.49,32.9,2.55,62.09,15.35,17.32,99.9,6.0,66.48
Ireland,IRL,Europe,2012,49335.84,0.97,80.85,99.9,76.92,28.73,1.52,3.4,5.71,10.47,33.2,2.0,62.25,15.45,16.24,99.9,6.0,66.77
Ireland,IRL,Europe,2013,52537.61,0.99,80.95,99.9,78.25,31.63,1.35,3.3,5.23,10.03,33.5,2.08,62.4,13.74,19.34,99.9,5.0,67.12
Ireland,IRL,Europe,2014,57214.54,0.99,81.35,99.9,83.49,23.68,1.24,3.3,4.74,9.23,31.9,2.35,62.54,11.86,21.72,99.9,5.0,67.61
Ireland,IRL,Europe,2015,64250.14,0.99,81.45,99.9,83.49,27.08,1.17,3.2,3.62,7.08,31.8,2.02,62.64,9.91,24.76,99.9,5.0,68.25
Ireland,IRL,Europe,2016,64129.56,0.98,81.65,99.9,83.5,28.35,1.33,3.1,3.66,7.34,32.8,2.36,62.72,8.37,22.32,99.9,4.0,69.14
Ireland,IRL,Europe,2017,72161.4,0.99,82.16,99.9,84.11,29.54,1.17,3.0,3.38,6.92,31.4,2.62,62.9,6.71,26.43,99.9,4.0,70.07
Ireland,IRL,Europe,2018,80804.11,1.0,82.2,99.9,87.0,28.53,1.28,3.0,3.3,6.75,30.6,2.8,63.08,5.74,30.41,99.9,5.0,71.1
Ireland,IRL,Europe,2019,81827.67,1.0,82.7,99.9,87.0,23.84,1.17,3.0,3.23,6.62,30.3,2.14,63.27,4.95,35.07,99.9,4.0,72.24
Ireland,IRL,Europe,2020,86514.07,1.0,82.46,99.9,92.0,26.5,1.25,3.1,3.19,6.97,29.2,2.46,63.47,5.62,38.62,99.9,6.0,73.16
Ireland,IRL,Europe,2021,103783.45,1.0,82.25,99.9,93.51,29.43,1.17,3.2,2.9,6.44,29.4,2.57,63.68,6.36,33.92,99.9,6.0,74.18
Ireland,IRL,Europe,2022,105190.69,1.0,82.51,99.9,95.04,31.68,1.05,3.3,2.9,6.02,29.9,1.8,63.89,4.46,33.92,99.9,7.0,75.67
Ireland,IRL,Europe,2023,106818.92,1.0,82.81,99.9,96.87,28.63,1.07,3.4,2.9,6.58,29.0,2.56,64.12,4.24,33.92,99.9,4.0,77.1
Israel,ISR,Asia,2000,21706.52,0.81,78.95,91.33,20.87,17.8,2.6,5.6,5.93,6.59,38.9,1.92,91.28,11.1,18.93,85.66,9.0,290.62
Israel,ISR,Asia,2001,20966.31,0.81,79.41,92.28,17.38,17.29,2.52,5.4,6.18,7.0,38.9,1.6,91.37,11.81,0.02,84.65,7.0,297.55
Israel,ISR,Asia,2002,19076.46,0.81,79.45,93.29,17.76,16.26,2.68,5.1,6.25,6.91,39.6,1.54,91.44,12.89,0.02,85.78,7.0,303.6
Israel,ISR,Asia,2003,19643.47,0.81,79.65,93.46,19.59,15.39,2.5,4.9,6.13,6.85,40.7,1.64,91.52,13.5,0.03,85.8,5.0,309.14
Israel,ISR,Asia,2004,20568.07,0.81,80.15,94.49,22.77,14.35,2.57,4.7,5.75,6.8,41.5,1.34,91.58,13.03,0.02,88.61,5.0,314.65
Israel,ISR,Asia,2005,21286.84,0.82,80.15,94.18,25.19,16.17,2.36,4.5,5.56,6.88,42.3,1.89,91.64,11.34,0.03,88.75,4.0,320.24
Israel,ISR,Asia,2006,22527.26,0.83,80.55,95.37,27.88,15.15,2.49,4.3,5.58,6.7,41.6,1.29,91.68,10.71,0.02,89.64,4.0,325.96
Israel,ISR,Asia,2007,25721.26,0.82,80.5,96.61,48.13,12.31,2.49,4.1,5.33,6.67,41.1,1.39,91.71,9.38,0.02,86.87,4.0,331.8
Israel,ISR,Asia,2008,30269.22,0.83,80.95,96.04,59.39,14.56,2.58,3.9,5.41,6.81,41.6,1.94,91.73,7.7,0.04,91.05,4.0,337.74
Israel,ISR,Asia,2009,28508.49,0.82,81.4,94.2,63.12,15.08,2.48,3.8,5.34,6.87,42.6,1.39,91.73,9.53,0.11,88.06,4.0,345.91
Israel,ISR,Asia,2010,31439.09,0.83,81.6,97.27,67.5,15.27,2.42,3.7,5.4,6.85,42.6,1.7,91.73,8.48,0.28,90.05,3.0,352.29
Israel,ISR,Asia,2011,34522.52,0.84,81.66,96.31,68.87,16.84,2.25,3.5,5.43,6.81,41.5,1.98,91.73,7.14,0.63,91.07,3.0,358.86
Israel,ISR,Asia,2012,33321.43,0.84,81.7,97.76,70.8,16.48,2.22,3.4,5.56,6.94,41.3,1.22,91.73,6.76,0.77,91.16,3.0,365.55
Israel,ISR,Asia,2013,37034.32,0.83,82.06,97.84,70.25,16.12,2.38,3.3,5.77,6.94,39.9,1.99,91.72,6.14,0.88,92.28,3.0,372.44
Israel,ISR,Asia,2014,38343.3,0.84,82.15,98.49,75.02,16.96,2.24,3.2,5.69,7.03,39.8,1.92,91.72,5.79,1.57,93.7,3.0,379.65
Israel,ISR,Asia,2015,36213.1,0.85,82.05,97.39,77.35,14.82,2.25,3.1,5.8,7.02,39.7,1.66,91.7,5.18,2.02,93.64,3.0,387.25
Israel,ISR,Asia,2016,37671.54,0.85,82.41,98.9,79.65,12.87,2.05,3.1,5.8,7.1,39.0,1.82,91.69,4.72,2.63,93.67,3.0,394.92
Israel,ISR,Asia,2017,41138.47,0.85,82.55,98.95,81.58,15.24,2.07,3.0,6.0,7.17,38.2,1.85,91.67,4.14,2.88,96.02,3.0,402.65
Israel,ISR,Asia,2018,42362.67,0.86,82.8,99.9,83.73,14.5,2.1,2.9,6.07,7.24,38.6,1.67,91.65,3.92,3.1,95.66,3.0,410.48
Israel,ISR,Asia,2019,44250.63,0.85,82.8,99.9,86.79,16.55,2.02,2.9,6.07,7.21,38.3,1.61,91.62,3.73,4.72,96.38,3.0,418.39
Israel,ISR,Asia,2020,44575.57,0.86,82.65,99.9,90.13,14.92,1.96,2.8,6.52,7.75,37.8,1.98,91.58,4.17,6.2,97.03,3.0,425.84
Israel,ISR,Asia,2021,52270.9,0.87,82.5,99.9,90.3,14.22,1.98,2.8,6.17,7.84,37.9,1.85,91.54,4.81,7.63,99.9,3.0,433.06
Israel,ISR,Asia,2022,54949.62,0.87,82.7,99.9,91.85,13.24,1.78,2.7,5.93,7.12,38.3,2.2,91.5,3.7,7.63,99.04,3.0,441.66
Israel,ISR,Asia,2023,52003.72,0.87,83.2,99.9,87.04,18.22,1.84,2.7,5.93,7.1,38.3,1.63,91.51,3.37,7.63,98.76,2.0,455.13
Italy,ITA,Europe,2000,20190.0,0.74,79.78,98.42,23.11,10.52,3.0,4.7,4.28,7.55,35.2,1.1,67.19,10.83,2.41,80.51,11.0,192.56
Italy,ITA,Europe,2001,20570.44,0.74,80.13,98.42,27.22,9.49,3.07,4.5,4.63,7.71,35.2,1.67,67.28,9.6,2.7,80.75,10.0,192.67
Italy,ITA,Europe,2002,22451.4,0.74,80.23,98.42,28.04,11.99,3.02,4.3,4.42,7.84,34.7,1.48,67.35,9.21,3.08,79.94,10.0,193.05
Italy,ITA,Europe,2003,27577.57,0.74,79.98,98.42,29.04,12.96,2.97,4.1,4.53,7.81,34.9,1.06,67.43,8.87,3.47,81.92,8.0,194.1
Italy,ITA,Europe,2004,31348.19,0.75,80.78,98.42,33.24,13.34,2.9,3.9,4.37,8.14,34.3,0.63,67.51,7.87,3.8,80.62,8.0,195.55
Italy,ITA,Europe,2005,32062.72,0.75,80.78,92.99,35.0,11.1,2.79,3.8,4.22,8.31,33.8,1.14,67.59,7.73,4.07,83.26,8.0,196.7
Italy,ITA,Europe,2006,33537.13,0.75,81.28,93.07,37.99,10.98,2.94,3.7,4.5,8.4,33.7,1.15,67.68,6.78,4.34,84.99,7.0,197.48
Italy,ITA,Europe,2007,37826.18,0.76,81.43,94.13,40.79,9.33,2.86,3.6,4.09,8.1,32.9,1.02,67.79,6.08,4.75,85.51,7.0,198.69
Italy,ITA,Europe,2008,40828.58,0.76,81.49,98.85,44.53,10.84,2.75,3.5,4.37,8.5,33.8,1.35,67.91,6.72,5.18,82.78,7.0,200.23
Italy,ITA,Europe,2009,37099.61,0.76,81.64,98.85,48.83,12.46,2.89,3.4,4.5,8.91,33.8,1.46,68.05,7.75,6.87,85.52,8.0,201.39
Italy,ITA,Europe,2010,35856.86,0.77,82.04,98.85,53.68,9.76,2.66,3.4,4.32,8.88,34.7,0.87,68.22,8.36,8.56,86.22,8.0,202.29
Italy,ITA,Europe,2011,38432.37,0.77,82.19,98.85,54.39,12.05,2.72,3.3,4.09,8.73,35.1,1.6,68.4,8.36,12.28,85.67,8.0,202.99
Italy,ITA,Europe,2012,34854.39,0.77,82.24,98.85,55.83,9.43,2.64,3.2,4.03,8.8,35.2,1.27,68.76,10.66,16.83,90.89,8.0,203.54
Italy,ITA,Europe,2013,35701.67,0.78,82.69,98.85,58.46,11.22,2.6,3.1,4.12,8.79,34.9,1.17,69.31,12.15,20.44,88.28,8.0,203.95
Italy,ITA,Europe,2014,36028.35,0.77,83.09,98.85,55.64,10.19,2.74,3.1,4.04,8.86,34.7,1.18,69.58,12.68,22.21,87.39,8.0,203.98
Italy,ITA,Europe,2015,30639.88,0.77,82.54,96.54,58.14,11.08,2.54,3.0,4.05,8.85,35.4,1.24,69.61,11.9,22.4,89.96,8.0,203.67
Italy,ITA,Europe,2016,31391.57,0.78,83.24,99.35,61.32,12.17,2.57,2.9,3.8,8.72,35.2,1.01,69.6,11.69,22.64,87.96,8.0,203.29
Italy,ITA,Europe,2017,32844.12,0.8,82.95,99.35,63.08,10.35,2.36,2.8,4.03,8.69,35.9,2.01,69.52,11.21,22.89,89.79,8.0,202.9
Italy,ITA,Europe,2018,34904.11,0.78,83.35,99.35,74.39,12.05,2.46,2.7,4.24,8.65,35.2,1.09,69.48,10.54,22.66,90.35,7.0,203.4
Italy,ITA,Europe,2019,33812.79,0.8,83.5,99.35,67.85,13.47,2.28,2.6,4.08,8.62,34.6,1.2,69.51,9.88,23.67,91.82,7.0,201.98
Italy,ITA,Europe,2020,32091.49,0.8,82.2,99.35,70.48,11.38,2.4,2.5,4.42,9.56,35.2,1.72,69.52,9.19,24.73,93.82,8.0,201.0
Italy,ITA,Europe,2021,36852.54,0.8,82.65,99.35,74.86,11.18,2.39,2.5,4.17,9.28,34.8,1.66,69.48,9.5,24.55,90.63,7.0,199.97
Italy,ITA,Europe,2022,35653.9,0.8,82.7,99.35,85.06,9.23,2.29,2.4,4.07,8.85,33.7,1.33,69.48,8.07,24.55,92.71,10.0,199.56
Italy,ITA,Europe,2023,39277.08,0.8,83.35,99.9,87.03,12.03,2.35,2.3,4.07,8.41,34.3,1.81,69.54,7.63,24.55,92.96,6.0,199.46
Japan,JPN,Asia,2000,39169.36,0.79,81.08,92.42,29.99,14.76,2.75,3.3,3.46,7.03,40.56,1.45,78.61,4.75,1.21,82.85,9.0,347.99
Japan,JPN,Asia,2001,34406.18,0.79,81.42,93.08,38.53,13.28,2.71,3.1,3.4,7.24,45.26,1.83,79.16,5.02,1.23,85.77,8.0,348.83
Japan,JPN,Asia,2002,32820.79,0.79,81.69,93.75,46.59,13.22,2.72,3.0,3.41,7.35,43.33,1.25,80.55,5.39,1.26,85.75,8.0,349.64
Japan,JPN,Asia,2003,35387.04,0.79,81.76,92.23,48.44,12.88,2.81,2.9,3.47,7.49,45.48,1.6,82.42,5.25,1.39,85.06,8.0,350.39
Japan,JPN,Asia,2004,38298.98,0.8,82.03,93.21,62.39,16.46,2.63,2.8,3.43,7.54,41.69,1.0,84.37,4.73,1.44,85.18,7.0,350.51
Japan,JPN,Asia,2005,37812.9,0.81,81.96,93.27,66.92,15.74,2.61,2.7,3.31,7.66,34.6,1.73,85.96,4.45,1.79,86.24,7.0,350.54
Japan,JPN,Asia,2006,35991.55,0.81,82.32,95.36,68.69,13.6,2.62,2.7,3.28,7.69,34.6,1.8,87.15,4.19,1.84,88.4,7.0,350.77
Japan,JPN,Asia,2007,35779.02,0.81,82.51,94.77,74.3,15.78,2.5,2.6,3.28,7.78,34.6,1.88,88.27,3.89,1.9,89.49,6.0,351.17
Japan,JPN,Asia,2008,39876.3,0.81,82.59,96.35,75.4,17.0,2.43,2.5,3.27,8.09,34.6,1.81,89.29,4.0,1.93,88.47,6.0,351.34
Japan,JPN,Asia,2009,41309.0,0.81,82.93,95.2,78.0,17.43,2.61,2.5,3.27,8.96,33.0,0.95,90.11,5.07,1.98,88.5,6.0,351.29
Japan,JPN,Asia,2010,44968.16,0.81,82.84,96.77,78.21,14.31,2.47,2.4,3.6,9.06,31.5,1.51,90.62,5.1,1.93,92.0,6.0,351.36
Japan,JPN,Asia,2011,48760.08,0.81,82.59,95.4,79.05,14.32,2.51,2.3,3.61,10.49,33.0,1.83,90.86,4.55,2.24,91.02,6.0,350.71
Japan,JPN,Asia,2012,49145.28,0.82,83.1,95.92,79.5,12.13,2.47,2.2,3.42,10.67,32.5,1.54,91.03,4.36,2.46,92.07,6.0,350.15
Japan,JPN,Asia,2013,40898.65,0.82,83.33,96.97,88.22,16.27,2.33,2.2,3.41,10.67,31.5,1.75,91.15,4.04,3.17,89.31,5.0,349.64
Japan,JPN,Asia,2014,38475.4,0.83,83.59,97.81,89.11,13.97,2.25,2.1,3.42,10.73,31.3,1.63,91.25,3.59,4.28,89.3,5.0,349.18
Japan,JPN,Asia,2015,34960.64,0.82,83.79,97.78,91.06,13.4,2.29,2.0,3.31,10.75,30.7,1.85,91.35,3.38,5.56,92.27,5.0,348.81
Japan,JPN,Asia,2016,39375.47,0.83,83.98,98.76,93.18,14.66,2.16,2.0,3.15,10.66,31.8,1.73,91.45,3.13,6.7,92.1,5.0,348.63
Japan,JPN,Asia,2017,38834.05,0.84,84.1,99.87,91.73,13.16,2.1,1.9,3.13,10.66,31.8,2.06,91.55,2.82,7.77,92.81,5.0,348.35
Japan,JPN,Asia,2018,39751.13,0.84,84.21,98.4,88.75,16.33,2.25,1.9,3.08,10.74,32.9,1.69,91.64,2.47,8.78,94.99,5.0,347.9
Japan,JPN,Asia,2019,40415.96,0.84,84.36,98.88,92.73,13.96,2.0,1.8,3.16,10.97,33.0,1.49,91.72,2.35,10.14,94.78,5.0,347.42
Japan,JPN,Asia,2020,40028.73,0.85,84.56,98.56,90.22,17.6,2.02,1.8,3.31,11.45,32.3,1.48,91.78,2.81,11.68,96.54,4.0,346.4
Japan,JPN,Asia,2021,40094.56,0.84,84.45,99.9,82.91,15.01,2.23,1.8,3.34,12.08,32.3,1.74,91.87,2.81,12.64,97.0,4.0,344.81
Japan,JPN,Asia,2022,34065.64,0.86,84.0,99.9,84.92,14.24,1.99,1.8,3.34,12.32,32.3,1.44,91.98,2.61,12.64,96.56,5.0,343.28
Japan,JPN,Asia,2023,33836.18,0.85,84.04,99.9,85.01,12.42,1.93,1.8,3.34,10.74,32.3,2.12,92.08,2.6,12.64,98.18,3.0,341.54
Jordan,JOR,Asia,2000,1570.61,0.49,71.93,89.89,2.62,1.5,4.6,22.8,4.94,9.34,37.0,0.27,78.28,13.7,0.08,61.58,61.0,61.05
Jordan,JOR,Asia,2001,1632.29,0.49,72.14,89.89,4.71,1.24,4.48,22.1,4.94,9.57,37.0,0.21,78.29,14.7,0.11,64.07,60.0,62.32
Jordan,JOR,Asia,2002,1706.27,0.48,72.36,89.89,6.03,1.53,4.49,21.5,4.94,9.28,37.0,0.37,78.3,15.3,0.1,62.74,58.0,63.65
Jordan,JOR,Asia,2003,1775.68,0.48,72.58,89.89,8.47,1.57,4.6,20.8,5.24,8.79,37.0,0.24,78.31,14.5,0.11,62.6,56.0,65.07
Jordan,JOR,Asia,2004,1940.09,0.49,72.79,89.89,11.66,1.46,4.66,20.2,6.05,8.75,37.0,0.23,78.32,14.63,0.1,65.29,54.0,66.66
Jordan,JOR,Asia,2005,2087.87,0.5,72.98,91.13,12.93,1.59,4.44,19.6,6.06,8.49,33.9,0.11,78.41,14.8,0.08,66.55,53.0,68.33
Jordan,JOR,Asia,2006,2342.63,0.49,73.22,91.13,13.87,1.66,4.39,19.0,5.26,7.68,33.9,0.16,78.76,14.0,0.08,69.29,49.0,72.84
Jordan,JOR,Asia,2007,2506.21,0.5,73.41,92.2,20.0,1.45,4.32,18.5,3.17,7.91,33.9,0.34,79.34,13.1,0.1,66.75,50.0,77.37
Jordan,JOR,Asia,2008,3241.65,0.5,73.56,92.2,23.0,1.52,4.29,18.0,3.17,8.49,32.6,0.03,80.13,12.7,0.09,68.43,50.0,79.21
Jordan,JOR,Asia,2009,3435.83,0.51,73.71,92.55,26.0,1.42,4.42,17.5,3.17,9.22,32.6,0.39,81.11,12.9,0.07,69.18,49.0,80.44
Jordan,JOR,Asia,2010,3718.47,0.51,73.8,92.55,27.2,1.62,4.25,17.0,3.17,8.17,33.7,0.59,82.26,12.5,0.08,66.79,48.0,82.19
Jordan,JOR,Asia,2011,3946.86,0.51,73.93,95.9,34.9,1.57,4.36,16.6,3.6,8.15,33.7,1.39,83.55,12.9,0.08,68.22,47.0,84.26
Jordan,JOR,Asia,2012,4169.5,0.51,74.09,97.89,37.0,1.58,4.33,16.2,3.64,7.82,33.7,0.1,84.96,12.2,0.05,68.02,47.0,85.46
Jordan,JOR,Asia,2013,4311.22,0.51,74.28,97.89,41.4,1.57,4.21,15.8,3.78,7.17,33.7,0.13,86.46,12.6,0.05,69.49,44.0,90.02
Jordan,JOR,Asia,2014,4191.18,0.51,74.61,97.89,46.2,1.77,4.17,15.4,3.77,7.21,42.36,0.39,88.04,11.9,0.05,73.2,43.0,99.03
Jordan,JOR,Asia,2015,4042.76,0.52,75.06,97.89,54.22,1.54,4.19,15.0,3.71,7.46,48.33,0.19,89.89,13.08,0.94,69.74,41.0,107.51
Jordan,JOR,Asia,2016,3986.72,0.53,75.55,95.43,56.15,1.5,4.07,14.7,3.45,6.98,46.0,0.94,90.56,15.28,4.18,72.65,40.0,112.71
Jordan,JOR,Asia,2017,4065.62,0.53,76.07,95.43,64.5,1.71,3.81,14.3,3.21,7.11,42.59,0.56,90.88,18.12,6.5,71.62,38.0,115.28
Jordan,JOR,Asia,2018,4145.44,0.53,76.49,95.43,65.2,1.56,3.96,14.0,2.95,6.98,51.4,0.19,91.2,18.26,10.5,72.25,36.0,117.85
Jordan,JOR,Asia,2019,4170.11,0.53,76.86,95.43,70.08,1.55,3.86,13.7,2.99,7.07,51.44,0.28,91.52,16.8,14.54,74.51,35.0,120.19
Jordan,JOR,Asia,2020,4022.04,0.53,75.58,95.43,78.42,2.1,4.1,13.3,3.55,7.55,46.66,0.4,91.82,19.21,20.6,74.58,41.0,122.36
Jordan,JOR,Asia,2021,4183.5,0.54,74.2,94.85,86.0,1.65,3.9,13.0,3.14,7.7,46.84,0.27,92.12,19.84,24.83,75.09,79.0,124.63
Jordan,JOR,Asia,2022,4332.25,0.54,77.09,94.85,90.5,1.87,4.01,12.6,3.15,7.74,44.64,0.74,92.4,18.2,24.83,74.49,35.0,126.77
Jordan,JOR,Asia,2023,4466.08,0.55,77.81,94.85,92.53,1.72,3.93,12.3,3.51,7.66,50.92,0.61,92.68,16.62,24.83,76.14,31.0,128.83
Kazakhstan,KAZ,Asia,2000,1180.04,0.55,63.79,99.51,0.67,3.38,4.28,35.8,3.26,4.16,36.0,0.29,56.02,12.75,27.86,68.58,58.0,5.74
Kazakhstan,KAZ,Asia,2001,1422.27,0.55,64.11,99.51,1.01,3.17,4.1,33.6,3.26,3.47,36.0,0.46,55.78,10.43,31.41,67.53,53.0,5.77
Kazakhstan,KAZ,Asia,2002,1573.55,0.56,64.44,99.51,1.67,3.52,4.06,31.5,3.03,3.61,34.8,0.15,55.5,9.33,31.03,70.44,48.0,5.8
Kazakhstan,KAZ,Asia,2003,1958.02,0.56,64.75,85.45,2.0,2.89,4.1,29.6,3.03,3.72,33.7,0.35,55.21,8.78,14.25,69.46,45.0,5.83
Kazakhstan,KAZ,Asia,2004,2722.47,0.57,65.04,86.52,2.65,2.72,3.98,27.7,2.26,3.98,31.8,0.48,54.92,8.4,13.79,69.92,41.0,5.87
Kazakhstan,KAZ,Asia,2005,3577.36,0.57,65.36,88.4,2.96,3.68,3.93,25.9,2.26,3.9,39.8,0.48,54.65,8.13,0.06,68.57,38.0,5.91
Kazakhstan,KAZ,Asia,2006,5030.13,0.57,65.72,99.73,3.27,3.21,4.03,24.1,2.63,3.4,30.2,0.51,54.41,7.79,14.65,70.35,35.0,5.97
Kazakhstan,KAZ,Asia,2007,6449.44,0.57,66.18,99.73,4.02,3.22,4.03,22.3,2.83,2.7,30.1,0.28,54.23,7.26,0.04,71.21,32.0,6.02
Kazakhstan,KAZ,Asia,2008,8123.55,0.57,66.76,99.73,11.0,3.4,4.13,20.4,2.59,3.03,28.5,0.26,54.13,6.63,6.71,73.81,28.0,6.08
Kazakhstan,KAZ,Asia,2009,6938.01,0.58,67.46,99.73,18.2,2.99,3.8,18.5,3.06,3.47,28.2,0.8,54.12,6.55,8.54,73.05,25.0,6.16
Kazakhstan,KAZ,Asia,2010,8793.08,0.58,68.26,99.73,31.6,3.22,3.73,16.7,3.59,2.74,28.0,0.57,54.21,5.77,0.0,74.36,22.0,6.24
Kazakhstan,KAZ,Asia,2011,11287.15,0.59,69.11,99.73,50.6,3.51,3.73,14.9,3.61,2.6,28.0,0.4,54.4,5.39,0.02,76.69,19.0,6.32
Kazakhstan,KAZ,Asia,2012,12018.8,0.59,69.94,99.73,61.91,3.06,3.72,13.3,3.9,3.04,28.2,0.55,54.69,5.29,27.59,74.94,17.0,6.41
Kazakhstan,KAZ,Asia,2013,13478.46,0.59,70.72,91.61,63.3,2.96,3.82,11.7,3.45,2.66,27.1,0.78,55.08,5.2,0.01,74.85,15.0,6.5
Kazakhstan,KAZ,Asia,2014,12427.71,0.6,71.42,91.07,66.0,3.52,3.66,10.5,3.43,2.97,27.0,0.91,55.55,5.06,0.06,79.42,14.0,6.6
Kazakhstan,KAZ,Asia,2015,10196.12,0.59,72.02,92.57,70.83,3.49,3.61,9.5,2.79,3.04,26.8,0.81,56.11,4.93,0.24,77.71,13.0,6.7
Kazakhstan,KAZ,Asia,2016,7475.57,0.6,72.55,92.81,74.59,3.99,3.64,8.8,2.98,3.42,27.2,0.34,56.75,4.96,0.43,75.02,12.0,6.8
Kazakhstan,KAZ,Asia,2017,8943.08,0.6,73.0,93.67,76.43,3.32,3.54,8.4,2.75,3.05,27.5,0.26,57.46,4.9,0.47,76.98,12.0,6.91
Kazakhstan,KAZ,Asia,2018,9472.49,0.6,73.37,92.53,78.9,4.22,3.6,8.2,2.62,2.9,27.8,0.4,58.24,4.85,0.58,79.07,11.0,7.01
Kazakhstan,KAZ,Asia,2019,9457.13,0.6,73.66,94.59,81.88,2.82,3.72,8.1,2.86,2.87,28.0,0.89,59.08,4.8,1.23,78.33,11.0,7.12
Kazakhstan,KAZ,Asia,2020,8781.51,0.61,71.19,93.7,85.94,3.06,3.5,8.0,4.45,3.83,28.7,0.6,59.99,4.89,2.22,78.33,18.0,7.22
Kazakhstan,KAZ,Asia,2021,9983.6,0.61,70.13,95.14,90.92,3.72,3.41,7.9,4.39,3.99,29.2,0.37,61.03,5.57,3.0,81.02,23.0,7.31
Kazakhstan,KAZ,Asia,2022,11255.34,0.61,73.5,94.6,92.3,2.98,3.59,7.7,4.36,3.75,29.2,0.7,61.44,4.86,3.0,79.31,14.0,7.42
Kazakhstan,KAZ,Asia,2023,12879.43,0.61,74.4,94.1,92.88,2.7,3.53,7.6,4.86,3.77,29.2,0.5,61.76,4.84,3.0,79.29,10.0,7.53
Kenya,KEN,Africa,2000,414.63,0.41,56.08,82.23,0.32,0.64,4.99,63.7,5.19,3.62,45.0,0.72,19.46,2.88,26.06,59.46,206.0,53.84
Kenya,KEN,Africa,2001,410.7,0.42,56.5,82.23,0.62,0.6,4.85,61.2,5.21,3.74,47.07,0.35,20.44,2.88,14.89,58.23,188.0,55.56
Kenya,KEN,Africa,2002,402.94,0.42,56.76,82.23,1.21,0.7,4.99,58.3,6.17,3.82,46.4,0.43,21.86,2.92,3.57,60.83,182.0,57.33
Kenya,KEN,Africa,2003,442.9,0.42,57.37,82.23,2.94,0.52,4.81,55.5,6.49,4.03,46.4,0.39,23.56,2.87,8.59,61.17,177.0,59.13
Kenya,KEN,Africa,2004,463.66,0.42,57.95,83.38,3.02,0.64,4.87,52.6,6.8,4.21,46.4,0.65,25.41,2.84,16.84,60.46,177.0,60.99
Kenya,KEN,Africa,2005,523.46,0.42,58.51,82.78,3.1,0.76,4.96,49.5,7.34,4.22,46.4,0.1,27.27,2.74,18.09,59.96,178.0,62.9
Kenya,KEN,Africa,2006,699.8,0.43,59.06,83.4,3.6,0.57,4.76,47.0,7.05,5.01,46.4,0.62,28.98,2.67,21.15,63.31,188.0,64.84
Kenya,KEN,Africa,2007,840.2,0.43,59.41,83.86,4.4,0.69,4.78,45.0,7.05,5.12,46.4,0.08,30.42,2.64,15.24,63.53,198.0,66.83
Kenya,KEN,Africa,2008,915.54,0.44,59.96,84.45,5.2,0.61,4.78,42.6,7.05,5.19,46.4,0.07,31.42,2.75,17.78,62.48,197.0,68.89
Kenya,KEN,Africa,2009,1047.97,0.44,60.48,85.28,6.1,0.62,4.91,42.1,4.82,5.29,49.07,0.29,31.86,2.82,27.65,60.06,208.0,71.0
Kenya,KEN,Africa,2010,1091.52,0.44,60.92,86.73,7.2,0.78,4.66,41.5,4.82,5.39,49.5,0.12,31.87,2.79,17.7,63.28,210.0,73.09
Kenya,KEN,Africa,2011,1096.14,0.44,61.28,87.75,8.8,0.82,4.68,41.0,4.7,5.2,49.76,0.33,31.87,2.7,26.6,62.88,209.0,75.13
Kenya,KEN,Africa,2012,1285.01,0.45,61.54,86.03,10.5,0.74,4.64,41.1,4.93,5.02,40.8,0.32,31.86,2.68,22.77,66.26,214.0,77.11
Kenya,KEN,Africa,2013,1370.88,0.45,61.73,86.01,13.0,0.74,4.6,40.7,4.84,4.93,40.8,0.22,31.83,2.76,22.71,65.58,206.0,79.04
Kenya,KEN,Africa,2014,1482.82,0.45,61.99,86.07,16.5,0.82,4.57,40.0,4.72,4.91,40.8,0.22,31.79,2.77,40.08,64.89,203.0,80.91
Kenya,KEN,Africa,2015,1489.12,0.46,62.28,87.06,16.59,0.75,4.52,38.9,4.74,4.76,40.8,0.22,31.73,2.76,50.07,69.21,203.0,82.45
Kenya,KEN,Africa,2016,1554.13,0.46,62.53,87.78,16.6,0.86,4.37,38.4,4.9,4.75,40.8,0.12,31.65,2.76,44.96,69.86,196.0,84.01
Kenya,KEN,Africa,2017,1667.48,0.46,62.72,88.08,17.83,0.82,4.37,38.2,4.96,3.99,40.8,0.15,31.54,3.54,54.67,66.6,186.0,85.56
Kenya,KEN,Africa,2018,1836.45,0.47,62.82,88.51,19.5,0.77,4.46,37.5,5.11,4.1,36.2,0.48,31.39,4.28,44.1,69.32,183.0,87.02
Kenya,KEN,Africa,2019,1960.41,0.47,62.94,90.02,22.67,0.78,4.4,37.0,5.37,4.37,36.2,0.13,31.19,5.01,53.85,70.52,176.0,88.45
Kenya,KEN,Africa,2020,1927.66,0.48,61.6,91.18,24.72,0.77,4.27,36.5,5.05,4.49,36.2,0.0,31.21,5.61,46.94,71.87,184.0,89.89
Kenya,KEN,Africa,2021,2061.36,0.48,61.22,90.39,26.96,0.81,4.38,36.0,4.89,4.57,38.7,0.11,31.29,5.69,48.39,68.24,183.0,91.62
Kenya,KEN,Africa,2022,2109.56,0.47,63.55,89.54,29.41,0.83,4.26,35.5,4.51,4.32,38.5,0.19,31.43,5.56,48.39,69.51,155.0,93.4
Kenya,KEN,Africa,2023,1942.59,0.48,63.65,91.32,32.07,0.93,4.17,34.7,3.96,4.35,38.5,0.05,31.63,5.41,48.39,72.81,149.0,95.27
Kuwait,KWT,Asia,2000,19296.35,0.68,76.23,88.65,6.73,8.46,3.3,10.6,6.59,2.2,48.84,0.61,99.0,0.8,26.96,74.88,11.0,109.69
Kuwait,KWT,Asia,2001,17374.23,0.68,76.38,90.22,8.55,6.06,3.38,10.5,6.59,3.19,45.05,1.02,99.23,0.8,26.71,77.82,11.0,112.69
Kuwait,KWT,Asia,2002,18512.75,0.68,76.53,93.27,10.25,6.19,3.31,10.3,6.55,3.12,48.04,0.95,99.51,1.1,26.79,76.9,11.0,115.6
Kuwait,KWT,Asia,2003,22690.66,0.69,76.64,93.27,22.4,9.71,3.44,10.2,6.55,2.76,44.72,0.65,99.77,1.3,23.64,77.89,11.0,118.4
Kuwait,KWT,Asia,2004,27552.28,0.69,76.73,93.27,22.93,8.11,3.33,10.0,5.54,2.36,43.93,0.98,99.95,1.7,28.08,79.5,11.0,121.06
Kuwait,KWT,Asia,2005,36122.61,0.7,76.8,93.27,25.93,8.44,3.24,9.9,4.74,2.01,44.54,0.41,100.0,1.46,27.6,81.12,10.0,125.52
Kuwait,KWT,Asia,2006,42946.64,0.69,76.89,93.28,28.79,8.63,3.12,9.8,3.76,1.82,44.81,1.07,100.0,1.3,31.35,81.04,10.0,132.7
Kuwait,KWT,Asia,2007,45709.41,0.7,77.01,93.66,34.8,6.73,3.12,9.6,3.76,1.93,44.75,0.94,100.0,1.5,22.59,80.5,10.0,140.73
Kuwait,KWT,Asia,2008,55585.19,0.7,77.19,93.9,42.0,9.01,3.05,9.5,3.76,1.92,44.98,0.92,100.0,1.75,28.54,80.44,9.0,148.79
Kuwait,KWT,Asia,2009,37907.1,0.7,77.43,93.9,50.8,8.92,3.27,9.3,3.76,2.71,46.33,1.03,100.0,1.64,31.9,81.57,9.0,156.87
Kuwait,KWT,Asia,2010,39212.25,0.71,77.73,94.47,61.4,9.24,3.07,9.1,6.47,2.68,43.15,0.97,100.0,1.82,32.66,79.95,9.0,165.17
Kuwait,KWT,Asia,2011,49169.61,0.7,78.05,94.47,65.77,7.52,3.19,8.8,7.05,2.33,44.7,1.15,100.0,2.05,0.0,82.58,8.0,175.8
Kuwait,KWT,Asia,2012,52155.22,0.71,78.4,95.51,70.45,8.93,2.99,8.5,6.72,2.33,46.67,1.13,100.0,2.23,0.0,84.79,8.0,187.27
Kuwait,KWT,Asia,2013,49651.04,0.71,78.74,95.59,75.46,8.24,2.99,8.2,5.96,2.49,43.95,0.89,100.0,2.46,0.0,80.29,8.0,196.85
Kuwait,KWT,Asia,2014,44368.78,0.71,79.08,95.59,78.7,8.78,2.88,8.0,5.96,2.92,49.35,1.17,100.0,2.9,0.01,83.37,8.0,205.72
Kuwait,KWT,Asia,2015,29882.21,0.72,79.38,95.69,82.0,8.69,2.94,7.8,5.96,4.21,42.88,1.08,100.0,2.2,0.01,84.24,8.0,215.18
Kuwait,KWT,Asia,2016,27323.69,0.72,79.68,95.69,85.6,8.4,2.76,7.7,5.96,4.73,43.19,1.02,100.0,2.16,0.07,83.18,8.0,224.7
Kuwait,KWT,Asia,2017,29047.65,0.73,79.92,96.04,98.0,8.76,2.79,7.7,6.35,4.65,43.75,1.1,100.0,2.23,0.07,85.86,8.0,233.15
Kuwait,KWT,Asia,2018,32067.96,0.72,80.11,96.06,99.6,7.8,2.92,7.6,6.39,5.17,42.47,1.79,100.0,2.2,0.07,86.37,8.0,242.62
Kuwait,KWT,Asia,2019,31707.87,0.74,81.97,96.06,99.54,7.69,2.74,7.6,6.73,5.18,44.54,1.59,100.0,2.21,0.08,88.53,7.0,249.29
Kuwait,KWT,Asia,2020,25236.08,0.72,78.76,96.46,99.11,8.96,2.83,7.6,6.25,6.11,45.56,1.08,100.0,3.49,0.08,87.14,33.0,246.93
Kuwait,KWT,Asia,2021,34018.63,0.74,78.74,96.46,99.7,7.89,2.7,7.5,7.76,5.37,43.15,1.0,100.0,2.97,0.27,89.43,75.0,244.72
Kuwait,KWT,Asia,2022,39981.77,0.74,80.59,96.46,99.75,8.46,2.55,7.4,6.58,4.2,48.82,1.04,100.0,2.13,0.27,87.96,8.0,257.56
Kuwait,KWT,Asia,2023,34075.85,0.74,83.19,96.46,99.75,9.01,2.52,7.2,5.03,4.96,41.94,1.37,100.0,2.08,0.27,89.44,8.0,272.36
Latvia,LVA,Europe,2000,3278.18,0.63,70.31,99.75,6.32,5.35,3.7,11.6,5.41,5.57,33.3,0.99,68.05,14.21,0.11,69.56,34.0,38.05
Latvia,LVA,Europe,2001,3504.62,0.64,70.76,99.75,7.22,6.0,3.62,10.9,5.56,5.89,35.1,1.3,68.02,13.82,0.15,74.49,32.0,37.56
Latvia,LVA,Europe,2002,4003.61,0.64,70.96,99.75,21.94,5.76,3.77,10.3,5.79,5.95,35.1,0.65,67.98,13.83,0.52,73.97,29.0,37.12
Latvia,LVA,Europe,2003,4914.58,0.65,71.27,99.75,26.98,6.23,3.57,9.7,5.29,5.74,36.5,0.68,67.95,12.06,1.83,75.16,30.0,36.77
Latvia,LVA,Europe,2004,6109.73,0.64,72.03,89.92,38.58,5.64,3.6,9.1,5.05,6.48,36.4,0.59,67.92,11.71,1.87,75.69,28.0,36.37
Latvia,LVA,Europe,2005,7283.79,0.65,71.36,89.66,46.0,6.46,3.6,8.6,5.05,6.08,39.0,0.98,67.9,10.03,1.78,76.66,27.0,35.98
Latvia,LVA,Europe,2006,9211.74,0.65,70.87,89.61,53.63,5.78,3.49,8.1,4.94,6.02,35.6,1.09,67.87,7.03,1.81,78.42,28.0,35.65
Latvia,LVA,Europe,2007,13370.98,0.66,71.02,89.54,59.17,5.61,3.29,7.7,4.89,5.82,37.5,0.43,67.86,6.05,2.0,74.12,27.0,35.36
Latvia,LVA,Europe,2008,15677.61,0.66,72.42,99.9,63.41,6.18,3.42,7.3,5.64,5.87,37.2,1.3,67.84,7.74,1.96,79.69,25.0,34.99
Latvia,LVA,Europe,2009,11996.03,0.66,73.08,99.9,66.84,5.88,3.31,6.9,5.68,6.27,35.9,1.28,67.83,17.52,1.78,79.73,24.0,34.42
Latvia,LVA,Europe,2010,11188.42,0.66,73.48,99.9,68.42,6.69,3.26,6.4,5.14,6.22,35.0,1.17,67.83,19.48,1.74,79.64,22.0,33.71
Latvia,LVA,Europe,2011,12902.57,0.66,73.58,99.9,69.75,6.64,3.24,6.0,5.24,5.92,35.8,0.81,67.83,16.21,3.13,80.75,22.0,33.1
Latvia,LVA,Europe,2012,13329.35,0.67,73.78,99.9,73.12,5.63,3.29,5.5,6.84,5.62,35.2,1.34,67.83,15.05,6.54,79.97,20.0,32.69
Latvia,LVA,Europe,2013,14484.47,0.67,73.98,99.9,75.23,5.59,3.11,5.1,7.25,5.6,35.5,0.53,67.85,11.87,10.02,78.98,24.0,32.34
Latvia,LVA,Europe,2014,15185.81,0.67,74.12,99.9,75.83,5.27,3.18,4.7,5.47,5.66,35.1,1.25,67.87,10.85,15.75,80.83,22.0,32.04
Latvia,LVA,Europe,2015,13321.98,0.68,74.48,94.2,79.2,5.92,3.22,4.3,5.47,5.85,34.2,1.17,67.9,9.87,16.57,79.97,22.0,31.78
Latvia,LVA,Europe,2016,13838.53,0.68,74.58,96.3,79.84,6.87,3.16,4.0,4.82,6.35,34.3,0.83,67.93,9.64,14.82,81.29,23.0,31.49
Latvia,LVA,Europe,2017,15132.5,0.68,74.63,95.3,80.11,6.64,3.16,3.8,4.53,6.19,35.6,0.82,67.97,8.72,14.36,83.82,23.0,31.21
Latvia,LVA,Europe,2018,17252.17,0.69,74.78,97.21,83.58,5.12,3.03,3.6,4.39,6.41,35.1,0.69,68.02,7.41,15.88,83.06,23.0,30.97
Latvia,LVA,Europe,2019,17294.98,0.69,75.39,96.07,86.14,5.99,3.0,3.3,4.59,6.86,34.5,1.12,68.07,6.31,16.85,84.34,22.0,30.76
Latvia,LVA,Europe,2020,17564.23,0.69,75.19,95.54,88.9,6.2,3.04,3.1,5.0,7.51,35.7,1.69,68.12,8.1,18.28,86.78,21.0,30.54
Latvia,LVA,Europe,2021,20261.89,0.69,72.98,96.29,91.18,4.36,2.92,2.9,4.77,9.41,34.3,1.35,68.18,7.51,17.29,85.73,42.0,30.28
Latvia,LVA,Europe,2022,20221.1,0.69,74.28,95.39,91.03,7.13,2.91,2.6,4.32,8.1,33.7,0.97,68.26,6.82,17.29,85.72,29.0,30.2
Latvia,LVA,Europe,2023,22710.26,0.7,75.43,97.86,92.19,6.32,2.86,2.4,4.32,7.28,34.0,1.29,68.36,6.46,17.29,87.67,19.0,30.27
Lebanon,LBN,Asia,2000,3986.84,0.53,73.9,84.98,7.95,2.8,4.54,17.6,2.84,10.83,48.61,0.44,86.0,8.64,28.82,65.81,24.0,423.2
Lebanon,LBN,Asia,2001,4009.56,0.54,74.35,86.88,6.78,2.77,4.29,16.7,2.84,10.56,49.92,0.62,86.15,8.5,15.95,65.79,22.0,430.3
Lebanon,LBN,Asia,2002,4290.85,0.54,74.84,86.43,7.0,3.29,4.28,15.8,2.55,9.28,51.31,0.26,86.29,8.25,19.6,68.71,21.0,436.32
Lebanon,LBN,Asia,2003,4437.72,0.55,75.28,86.57,8.0,2.95,4.23,15.0,2.55,8.67,46.36,0.5,86.45,8.06,11.94,67.63,19.0,442.38
Lebanon,LBN,Asia,2004,4600.68,0.55,75.69,89.61,9.0,2.54,4.24,14.2,2.64,8.0,48.05,0.59,86.6,7.85,0.0,68.83,18.0,449.59
Lebanon,LBN,Asia,2005,4602.2,0.55,76.07,89.61,10.14,2.9,4.1,13.5,2.65,7.55,48.81,0.23,86.77,8.25,0.0,68.33,17.0,456.61
Lebanon,LBN,Asia,2006,4635.25,0.55,75.68,89.61,15.0,2.6,4.04,12.9,2.78,8.66,44.28,0.48,86.93,8.68,0.0,70.35,17.0,464.43
Lebanon,LBN,Asia,2007,5125.26,0.55,76.73,89.61,18.74,2.63,4.16,12.3,2.58,8.56,46.34,0.75,87.1,8.98,31.74,71.74,16.0,473.52
Lebanon,LBN,Asia,2008,5912.05,0.56,76.96,89.61,22.53,2.44,4.08,11.9,2.01,7.82,31.8,0.42,87.28,7.67,0.0,72.35,15.0,481.46
Lebanon,LBN,Asia,2009,7090.85,0.57,77.26,91.18,30.14,3.01,3.93,11.6,1.77,7.01,31.8,0.52,87.46,6.36,0.0,73.39,15.0,488.0
Lebanon,LBN,Asia,2010,7625.81,0.56,77.53,91.18,43.68,2.84,4.01,11.4,1.61,7.44,31.8,0.3,87.64,6.77,0.0,73.35,15.0,492.79
Lebanon,LBN,Asia,2011,7834.96,0.57,77.77,91.18,52.0,3.08,3.86,11.2,1.65,8.18,31.8,0.49,87.83,7.35,0.45,74.23,15.0,498.14
Lebanon,LBN,Asia,2012,8406.98,0.57,77.94,91.18,61.25,2.19,3.89,11.1,2.15,7.0,31.8,0.54,88.02,7.95,0.08,73.26,14.0,511.8
Lebanon,LBN,Asia,2013,8162.38,0.57,78.04,90.88,70.5,3.06,3.86,11.1,2.43,7.07,31.8,0.39,88.22,8.48,2.78,74.67,13.0,561.43
Lebanon,LBN,Asia,2014,7577.64,0.57,78.15,90.39,73.0,2.75,3.8,11.2,2.43,7.52,31.8,0.8,88.42,8.84,0.13,73.32,14.0,620.43
Lebanon,LBN,Asia,2015,7714.11,0.58,78.28,92.67,74.0,3.2,3.76,11.3,2.18,7.42,47.61,0.3,88.62,9.31,0.18,73.5,15.0,632.69
Lebanon,LBN,Asia,2016,8089.01,0.58,78.31,92.67,76.11,2.48,3.63,11.5,2.18,7.92,44.0,0.45,88.84,9.79,0.27,76.06,15.0,618.09
Lebanon,LBN,Asia,2017,8608.21,0.59,78.19,92.67,78.18,2.8,3.72,11.8,2.22,7.8,49.6,1.24,89.05,10.26,0.44,78.73,15.0,602.16
Lebanon,LBN,Asia,2018,9174.54,0.59,78.26,92.67,80.9,3.01,3.54,12.2,2.62,8.07,43.68,0.21,89.27,10.76,0.55,79.37,15.0,584.96
Lebanon,LBN,Asia,2019,8905.88,0.59,78.21,92.01,81.48,3.02,3.68,12.6,2.52,8.69,35.5,0.53,89.5,11.3,0.67,79.94,15.0,566.43
Lebanon,LBN,Asia,2020,5561.19,0.59,76.3,92.01,82.07,2.71,3.55,13.1,2.44,7.48,35.5,0.39,89.73,13.25,0.63,77.27,27.0,557.42
Lebanon,LBN,Asia,2021,4045.37,0.6,73.65,92.01,82.66,2.5,3.4,13.6,2.44,4.4,35.5,0.46,89.97,12.72,4.18,78.38,54.0,558.96
Lebanon,LBN,Asia,2022,3654.36,0.6,78.0,92.01,81.46,2.65,3.64,14.2,1.33,4.91,35.5,0.34,90.21,11.1,35.73,80.06,15.0,561.53
Lebanon,LBN,Asia,2023,3477.72,0.6,77.82,94.41,81.71,3.11,3.51,14.7,1.5,5.57,35.5,0.36,90.45,10.98,0.81,77.65,15.0,564.37
Lithuania,LTU,Europe,2000,3300.64,0.65,72.02,99.65,6.43,7.18,3.5,8.6,5.84,6.19,31.7,0.73,66.98,15.93,25.61,77.21,16.0,55.83
Lithuania,LTU,Europe,2001,3532.53,0.66,71.66,99.65,7.18,7.33,3.49,8.2,5.84,6.0,32.0,0.26,66.93,16.84,0.01,74.58,16.0,55.37
Lithuania,LTU,Europe,2002,4148.13,0.66,71.76,99.65,17.69,6.05,3.64,7.9,5.79,6.13,31.9,0.48,66.89,13.01,0.02,77.22,14.0,54.93
Lithuania,LTU,Europe,2003,5507.47,0.66,72.06,99.65,25.91,7.69,3.43,7.7,5.11,6.18,35.5,1.62,66.76,12.87,0.04,76.8,14.0,54.49
Lithuania,LTU,Europe,2004,6734.57,0.67,71.96,99.65,31.23,5.73,3.35,7.5,5.15,5.48,37.0,0.97,66.6,10.68,0.04,76.7,12.0,53.88
Lithuania,LTU,Europe,2005,7857.03,0.67,71.25,90.79,36.22,7.22,3.47,7.3,4.88,5.65,35.3,1.25,66.58,8.32,0.06,76.94,13.0,53.01
Lithuania,LTU,Europe,2006,9210.1,0.68,71.06,90.88,43.9,7.58,3.39,6.9,4.84,5.86,34.4,1.05,66.64,5.78,0.3,77.88,14.0,52.17
Lithuania,LTU,Europe,2007,12295.12,0.67,70.9,90.21,49.9,5.83,3.4,6.5,4.59,5.76,34.8,0.78,66.72,4.25,1.14,80.32,14.0,51.55
Lithuania,LTU,Europe,2008,14955.53,0.68,71.81,99.82,55.22,7.43,3.33,6.0,4.84,6.29,35.7,0.85,66.75,5.83,1.44,78.52,13.0,51.03
Lithuania,LTU,Europe,2009,11854.37,0.68,72.91,99.82,59.76,6.66,3.21,5.4,5.57,7.34,37.2,0.86,66.78,13.78,1.69,79.71,11.0,50.47
Lithuania,LTU,Europe,2010,11829.12,0.69,73.27,99.82,62.12,7.12,3.1,4.9,5.37,6.91,33.6,0.86,66.77,17.81,6.45,78.97,10.0,49.42
Lithuania,LTU,Europe,2011,14261.84,0.68,73.56,99.82,63.64,6.68,3.19,4.6,5.15,6.54,32.5,1.47,66.75,15.39,13.11,81.73,10.0,48.32
Lithuania,LTU,Europe,2012,14288.19,0.69,73.86,99.82,67.23,5.93,3.28,4.3,4.78,6.31,35.1,1.35,66.85,13.36,15.07,82.44,10.0,47.69
Lithuania,LTU,Europe,2013,15636.53,0.69,73.91,99.82,68.45,7.45,3.0,4.2,4.62,6.16,35.3,0.98,67.01,11.77,21.1,83.88,10.0,47.25
Lithuania,LTU,Europe,2014,16446.16,0.7,74.52,99.82,72.13,7.52,3.03,4.2,4.51,6.22,37.7,1.25,67.15,10.7,25.29,82.23,9.0,46.88
Lithuania,LTU,Europe,2015,14269.8,0.69,74.32,95.61,71.38,6.6,3.03,4.1,4.22,6.47,37.4,1.48,67.23,9.12,26.94,82.04,10.0,46.47
Lithuania,LTU,Europe,2016,14934.27,0.7,74.67,96.59,74.38,7.38,2.97,4.0,4.01,6.65,38.4,0.99,67.19,7.86,38.47,85.13,9.0,45.93
Lithuania,LTU,Europe,2017,16800.15,0.7,75.48,96.05,77.62,5.75,3.02,3.7,3.81,6.44,37.3,0.41,67.1,7.07,46.23,83.2,10.0,45.38
Lithuania,LTU,Europe,2018,19247.23,0.71,75.68,94.61,79.72,7.08,2.92,3.5,3.86,6.47,35.7,0.8,67.15,6.15,50.53,85.32,9.0,45.01
Lithuania,LTU,Europe,2019,19608.79,0.71,76.28,96.35,81.58,5.68,2.76,3.3,3.94,6.94,35.3,0.6,67.25,6.26,53.5,84.79,9.0,44.89
Lithuania,LTU,Europe,2020,20428.65,0.71,75.03,96.73,83.06,7.27,2.9,3.1,4.47,7.42,36.0,0.95,67.43,8.49,41.23,85.62,8.0,44.88
Lithuania,LTU,Europe,2021,23870.46,0.71,74.04,97.56,86.93,6.98,2.79,3.0,4.24,7.73,36.7,1.01,68.19,7.11,44.09,85.92,9.0,44.86
Lithuania,LTU,Europe,2022,25085.78,0.72,75.64,97.86,87.72,7.03,2.69,2.9,4.25,7.24,36.6,0.67,68.29,5.96,44.09,89.59,9.0,45.23
Lithuania,LTU,Europe,2023,27786.01,0.71,77.29,98.97,88.5,7.16,2.78,2.9,4.25,7.32,36.0,1.27,68.58,6.84,44.09,87.56,8.0,45.87
Madagascar,MDG,Africa,2000,280.28,0.35,57.97,70.69,0.2,0.2,5.29,65.4,2.44,3.99,38.6,0.11,25.01,5.8,0.24,52.87,638.0,28.4
Madagascar,MDG,Africa,2001,319.28,0.35,58.67,70.69,0.22,0.18,5.44,62.9,2.71,4.12,47.4,0.27,25.31,5.35,0.26,53.98,611.0,29.29
Madagascar,MDG,Africa,2002,304.94,0.36,59.17,70.69,0.34,0.22,5.44,60.5,2.23,4.93,47.4,0.21,25.6,5.52,0.33,55.18,593.0,30.18
Madagascar,MDG,Africa,2003,352.62,0.35,59.69,70.69,0.42,0.24,5.32,58.3,2.61,5.0,47.4,0.33,25.9,5.01,0.24,55.84,571.0,31.08
Madagascar,MDG,Africa,2004,272.2,0.36,60.17,80.36,0.53,0.2,5.18,56.2,2.81,5.25,39.9,0.17,26.19,3.95,0.22,55.54,555.0,32.0
Madagascar,MDG,Africa,2005,305.81,0.36,60.66,79.15,0.57,0.22,5.24,54.1,3.31,5.22,39.9,0.33,26.47,2.62,0.21,56.25,540.0,32.95
Madagascar,MDG,Africa,2006,324.15,0.37,61.14,79.39,0.61,0.22,5.04,52.2,2.83,5.07,39.9,0.28,26.76,2.94,0.24,56.87,528.0,33.93
Madagascar,MDG,Africa,2007,419.55,0.37,61.53,82.23,0.65,0.25,5.02,50.3,2.9,4.61,39.9,0.48,27.04,3.2,0.28,57.82,522.0,34.94
Madagascar,MDG,Africa,2008,512.58,0.38,61.99,82.2,1.65,0.26,5.07,48.7,2.55,4.08,42.4,0.4,27.32,3.43,0.3,58.87,510.0,35.98
Madagascar,MDG,Africa,2009,446.32,0.38,62.3,71.57,1.63,0.28,5.09,47.3,2.83,4.38,42.4,0.19,27.59,3.88,0.58,58.62,507.0,37.05
Madagascar,MDG,Africa,2010,450.01,0.39,62.6,71.57,1.7,0.28,4.88,46.2,2.29,4.7,42.4,0.75,27.87,4.28,1.91,59.61,500.0,38.15
Madagascar,MDG,Africa,2011,506.16,0.38,62.86,71.57,1.9,0.26,5.06,45.2,2.38,4.52,42.4,0.12,28.13,2.52,1.79,59.16,492.0,39.23
Madagascar,MDG,Africa,2012,493.51,0.39,63.01,71.57,2.3,0.32,5.0,44.5,2.34,3.91,42.6,0.23,28.4,0.6,1.48,62.7,487.0,40.33
Madagascar,MDG,Africa,2013,515.3,0.39,63.16,71.57,3.0,0.28,5.18,44.1,1.78,3.75,42.6,0.57,28.66,1.0,17.85,60.42,481.0,41.44
Madagascar,MDG,Africa,2014,505.68,0.39,63.26,71.57,3.7,0.3,5.03,43.8,2.38,4.46,42.6,0.07,28.92,1.38,25.11,64.4,477.0,42.57
Madagascar,MDG,Africa,2015,445.32,0.4,63.36,71.57,4.17,0.3,4.81,43.6,2.21,5.01,42.6,0.02,29.17,1.78,2.18,62.49,474.0,43.7
Madagascar,MDG,Africa,2016,453.97,0.4,63.43,76.68,4.71,0.31,4.95,43.6,2.69,5.33,50.14,0.18,29.42,1.95,15.77,63.92,470.0,44.86
Madagascar,MDG,Africa,2017,491.87,0.4,63.43,76.68,6.41,0.33,4.82,43.7,2.7,4.8,54.26,0.04,29.67,2.12,2.22,65.45,469.0,46.04
Madagascar,MDG,Africa,2018,500.46,0.4,63.49,76.68,7.75,0.34,4.8,43.9,2.84,4.22,36.8,0.42,29.92,2.3,3.63,68.79,466.0,47.26
Madagascar,MDG,Africa,2019,499.82,0.41,63.5,76.68,9.38,0.36,4.68,44.1,3.01,3.1,36.8,0.7,30.3,2.48,3.55,65.89,462.0,48.5
Madagascar,MDG,Africa,2020,450.77,0.41,62.71,74.69,11.35,0.36,4.58,44.3,3.25,3.72,36.8,0.24,30.7,3.29,4.2,64.25,447.0,49.77
Madagascar,MDG,Africa,2021,483.47,0.41,62.52,74.69,13.75,0.35,4.58,44.4,3.2,3.55,36.8,0.06,31.11,3.5,3.56,66.62,467.0,51.03
Madagascar,MDG,Africa,2022,503.51,0.42,63.07,74.69,17.81,0.34,4.68,44.1,3.07,3.15,36.8,0.45,31.54,3.19,3.56,67.74,439.0,52.32
Madagascar,MDG,Africa,2023,508.72,0.42,63.63,74.69,18.24,0.34,4.53,43.7,3.05,3.43,36.8,0.17,31.98,3.04,3.56,66.22,445.0,53.62
Malaysia,MYS,Asia,2000,4083.53,0.57,72.73,88.69,21.38,3.45,4.11,7.5,5.97,2.51,49.1,0.33,61.97,3.0,0.86,69.38,37.0,69.91
Malaysia,MYS,Asia,2001,3943.8,0.58,73.08,88.69,26.7,4.53,4.02,7.1,7.48,2.68,46.4,0.65,63.02,3.53,13.15,68.04,36.0,71.61
Malaysia,MYS,Asia,2002,4184.03,0.57,73.47,88.69,32.34,3.44,4.18,6.8,7.66,2.67,46.4,0.23,64.06,3.48,0.92,70.51,34.0,73.36
Malaysia,MYS,Asia,2003,4465.32,0.58,73.73,88.69,34.97,3.54,4.1,6.6,7.5,2.92,46.4,0.64,65.08,3.61,0.78,70.48,34.0,75.12
Malaysia,MYS,Asia,2004,4939.25,0.59,74.03,88.5,42.25,3.99,3.84,6.5,5.92,2.86,46.4,1.15,66.06,3.54,0.39,70.95,33.0,76.87
Malaysia,MYS,Asia,2005,5555.58,0.58,74.37,87.8,48.63,3.39,4.1,6.5,5.92,2.79,44.8,0.51,67.02,3.53,1.72,73.62,31.0,78.64
Malaysia,MYS,Asia,2006,6158.41,0.58,74.7,87.3,51.64,3.64,3.87,6.5,4.49,3.11,44.8,1.3,67.92,3.32,0.66,73.67,30.0,80.41
Malaysia,MYS,Asia,2007,7168.93,0.59,74.96,93.12,55.7,3.68,3.87,6.5,4.37,3.07,44.8,1.04,68.76,3.31,0.36,72.77,30.0,82.17
Malaysia,MYS,Asia,2008,8371.82,0.6,75.15,93.12,55.8,3.38,3.72,6.5,3.96,3.01,45.5,0.52,69.54,3.34,1.29,72.55,29.0,83.91
Malaysia,MYS,Asia,2009,7191.43,0.6,75.27,93.12,55.9,4.12,3.81,6.5,5.97,3.26,45.5,1.06,70.25,3.62,0.87,74.99,29.0,85.6
Malaysia,MYS,Asia,2010,8899.35,0.6,75.38,93.12,56.3,3.94,3.69,6.5,4.97,3.16,43.6,0.5,70.86,3.32,1.0,75.97,29.0,87.22
Malaysia,MYS,Asia,2011,10217.11,0.6,75.49,93.12,61.0,3.64,3.59,6.5,5.76,3.31,43.6,0.74,71.42,3.05,0.83,74.35,29.0,88.76
Malaysia,MYS,Asia,2012,10600.57,0.6,75.55,93.12,65.8,3.66,3.5,6.5,5.74,3.46,43.6,0.62,71.97,3.04,1.33,76.58,29.0,90.28
Malaysia,MYS,Asia,2013,10713.64,0.62,75.46,93.12,57.06,3.74,3.51,6.5,5.48,3.51,41.3,0.53,72.49,3.14,1.83,77.1,29.0,91.84
Malaysia,MYS,Asia,2014,11013.31,0.61,75.34,94.88,63.67,4.41,3.47,6.6,5.21,3.71,41.3,1.28,72.98,2.88,0.78,78.32,30.0,93.43
Malaysia,MYS,Asia,2015,9648.68,0.62,75.29,94.88,71.06,3.24,3.58,6.7,4.89,3.82,41.1,0.35,73.44,3.1,1.87,77.25,30.0,95.06
Malaysia,MYS,Asia,2016,9476.53,0.61,75.37,94.88,78.79,3.48,3.57,6.7,4.75,3.7,41.1,0.41,73.86,3.44,0.89,79.32,30.0,96.76
Malaysia,MYS,Asia,2017,9862.55,0.62,75.54,95.08,80.14,3.81,3.44,6.7,4.68,3.71,41.2,0.59,74.24,3.41,0.89,78.51,29.0,98.48
Malaysia,MYS,Asia,2018,10901.8,0.62,75.73,94.85,81.2,4.05,3.44,6.8,4.48,3.76,41.2,0.31,74.56,3.3,1.27,80.3,29.0,100.17
Malaysia,MYS,Asia,2019,10920.19,0.62,75.9,94.97,84.19,3.52,3.47,6.8,4.16,3.84,41.2,0.69,74.84,3.33,1.51,79.8,28.0,101.78
Malaysia,MYS,Asia,2020,9957.53,0.63,76.06,94.97,89.56,3.54,3.28,6.8,3.91,4.08,40.7,0.95,75.05,4.54,1.9,81.02,29.0,103.15
Malaysia,MYS,Asia,2021,10903.1,0.63,73.92,95.77,96.75,3.3,3.38,6.8,4.26,4.37,40.7,0.96,75.51,4.64,20.82,81.02,52.0,104.34
Malaysia,MYS,Asia,2022,11754.57,0.64,75.44,95.77,97.4,4.06,3.15,6.9,3.5,3.9,40.7,0.35,75.97,3.93,1.07,81.66,38.0,105.6
Malaysia,MYS,Asia,2023,11386.04,0.64,76.66,95.77,97.69,3.62,3.29,6.9,3.51,3.96,40.7,0.54,76.44,3.86,6.75,81.73,26.0,106.91
Mali,MLI,Africa,2000,304.65,0.37,50.6,19.04,0.14,0.3,5.3,103.1,2.97,5.47,39.9,0.03,18.98,1.41,0.82,52.3,741.0,9.47
Mali,MLI,Africa,2001,346.22,0.37,51.3,24.0,0.19,0.28,5.1,99.9,2.66,4.52,39.9,0.19,19.32,1.33,1.99,56.16,694.0,9.76
Mali,MLI,Africa,2002,378.19,0.38,52.0,24.0,0.23,0.27,5.07,96.8,2.9,5.0,39.9,0.57,19.68,1.36,1.49,54.6,649.0,10.07
Mali,MLI,Africa,2003,441.91,0.38,52.63,24.0,0.31,0.27,5.18,93.8,3.81,5.05,39.9,0.38,20.06,1.27,1.34,57.35,616.0,10.4
Mali,MLI,Africa,2004,495.01,0.38,53.25,24.0,0.43,0.33,5.21,91.0,2.96,5.22,38.9,0.29,20.46,1.41,1.45,57.95,592.0,10.74
Mali,MLI,Africa,2005,548.73,0.39,53.79,26.18,0.51,0.36,5.05,88.3,2.75,5.2,38.9,1.08,20.87,1.37,1.99,59.21,577.0,11.1
Mali,MLI,Africa,2006,586.99,0.39,54.3,26.18,0.73,0.3,4.96,85.8,2.75,5.46,38.9,0.05,21.3,1.4,1.9,60.08,568.0,11.47
Mali,MLI,Africa,2007,670.85,0.39,54.76,26.18,0.81,0.36,4.91,83.4,2.73,5.25,38.9,0.27,21.74,1.37,1.86,61.82,574.0,11.85
Mali,MLI,Africa,2008,767.19,0.39,55.19,26.18,1.57,0.39,4.87,81.1,2.73,5.03,33.0,0.48,22.19,1.38,2.69,60.32,573.0,12.24
Mali,MLI,Africa,2009,787.48,0.39,55.59,31.1,1.8,0.4,5.03,78.9,3.14,5.21,33.0,0.45,22.66,1.41,3.43,61.16,565.0,12.65
Mali,MLI,Africa,2010,797.15,0.39,55.99,31.1,2.0,0.4,5.01,76.7,2.71,4.68,33.0,0.82,23.14,1.38,4.38,60.29,558.0,13.07
Mali,MLI,Africa,2011,938.29,0.41,56.37,30.62,2.2,0.35,4.85,74.5,3.15,4.01,33.0,0.13,23.64,1.4,4.19,61.01,553.0,13.5
Mali,MLI,Africa,2012,872.51,0.4,56.7,30.62,2.8,0.35,4.81,72.4,2.91,3.75,33.0,0.33,24.16,1.46,4.24,62.45,549.0,13.9
Mali,MLI,Africa,2013,901.92,0.41,57.05,30.62,3.5,0.4,4.69,70.3,2.76,3.96,52.46,0.27,24.7,1.52,4.02,64.13,525.0,14.31
Mali,MLI,Africa,2014,947.92,0.41,57.48,33.07,7.0,0.41,4.7,68.2,3.09,4.48,48.28,0.13,25.27,1.48,3.67,62.05,507.0,14.77
Mali,MLI,Africa,2015,838.12,0.41,57.85,33.07,10.33,0.43,4.79,66.1,3.2,4.11,36.0,0.39,25.85,1.4,3.56,63.5,490.0,15.24
Mali,MLI,Africa,2016,872.47,0.42,58.29,33.07,14.0,0.43,4.82,64.0,2.59,3.77,36.0,0.49,26.45,1.37,3.26,65.48,472.0,15.73
Mali,MLI,Africa,2017,924.06,0.42,58.56,35.47,18.9,0.45,4.71,61.9,3.18,3.67,36.0,0.02,27.06,1.5,3.14,65.15,453.0,16.24
Mali,MLI,Africa,2018,996.38,0.42,58.87,35.47,21.4,0.44,4.67,59.7,2.98,3.73,36.0,0.1,27.7,1.62,3.12,64.02,434.0,16.75
Mali,MLI,Africa,2019,971.95,0.42,59.22,35.47,24.96,0.42,4.76,57.6,3.0,3.83,36.0,0.16,28.35,3.29,3.17,66.68,416.0,17.27
Mali,MLI,Africa,2020,953.24,0.43,58.86,35.47,29.11,0.42,4.47,55.4,3.34,3.51,35.7,0.12,29.02,3.53,5.73,65.12,405.0,17.8
Mali,MLI,Africa,2021,1027.27,0.43,59.12,35.47,33.96,0.43,4.57,53.3,3.66,3.54,35.7,0.02,29.7,4.01,5.73,67.16,415.0,18.35
Mali,MLI,Africa,2022,976.91,0.44,60.04,35.63,35.2,0.46,4.5,51.2,4.05,3.72,35.7,0.22,30.4,2.39,5.73,69.33,381.0,18.91
Mali,MLI,Africa,2023,1043.95,0.43,60.44,35.63,36.04,0.49,4.63,49.3,4.18,3.81,35.7,0.64,31.0,2.95,5.73,68.94,367.0,19.48
Mexico,MEX,Americas,2000,7524.03,0.55,72.56,90.54,5.08,3.05,4.31,24.0,3.81,4.24,53.4,0.31,74.92,2.65,3.69,68.25,56.0,50.73
Mexico,MEX,Americas,2001,7952.76,0.55,72.91,90.54,7.04,2.95,4.19,22.9,4.03,4.58,53.4,0.1,75.29,2.63,3.78,66.03,55.0,51.49
Mexico,MEX,Americas,2002,7983.03,0.55,73.11,90.27,11.9,2.48,4.13,21.9,4.24,4.83,50.6,0.21,75.68,3.0,3.61,67.98,55.0,52.24
Mexico,MEX,Americas,2003,7434.07,0.55,73.31,90.27,12.9,3.03,4.14,21.0,4.83,5.54,50.6,0.4,76.05,3.46,3.7,69.21,54.0,52.97
Mexico,MEX,Americas,2004,7849.67,0.55,73.43,90.95,14.1,3.34,3.99,20.2,4.51,5.68,50.3,0.51,76.33,3.94,3.83,68.41,53.0,53.7
Mexico,MEX,Americas,2005,8671.76,0.56,73.63,91.63,17.21,3.19,3.91,19.5,4.63,5.58,50.9,0.43,76.47,3.56,4.15,70.41,52.0,54.43
Mexico,MEX,Americas,2006,9512.64,0.57,73.75,91.73,19.52,2.73,3.95,18.9,4.49,5.41,49.7,0.09,76.5,3.57,3.52,69.53,51.0,55.17
Mexico,MEX,Americas,2007,10134.33,0.56,73.8,92.8,20.81,3.19,4.05,18.4,4.48,5.51,49.7,0.58,76.5,3.63,3.78,72.47,50.0,55.96
Mexico,MEX,Americas,2008,10523.77,0.56,73.69,92.93,21.71,2.72,3.98,17.9,4.61,5.45,50.8,0.59,76.51,3.87,2.98,71.34,51.0,56.78
Mexico,MEX,Americas,2009,8423.57,0.57,73.63,93.44,26.34,3.24,3.88,17.4,4.95,5.85,50.8,0.16,76.51,5.36,2.97,71.41,51.0,57.61
Mexico,MEX,Americas,2010,9728.8,0.57,73.72,93.07,31.05,2.7,3.84,17.0,4.94,5.49,47.7,0.99,76.52,5.3,3.13,72.81,50.0,58.45
Mexico,MEX,Americas,2011,10664.49,0.58,73.92,93.52,37.18,3.35,3.88,16.6,4.9,5.3,47.7,0.42,76.57,5.18,2.92,75.44,47.0,59.28
Mexico,MEX,Americas,2012,10744.13,0.58,74.13,94.23,39.75,3.07,3.9,16.2,4.88,5.42,49.6,0.48,76.66,4.89,3.41,74.81,46.0,60.09
Mexico,MEX,Americas,2013,11216.8,0.59,74.29,93.96,43.46,2.63,3.56,15.8,4.51,5.58,49.6,0.27,76.8,4.92,3.88,73.15,45.0,60.88
Mexico,MEX,Americas,2014,11391.38,0.59,74.4,94.56,44.39,3.1,3.68,15.4,5.07,5.35,48.9,0.79,76.97,4.82,4.63,74.06,44.0,61.62
Mexico,MEX,Americas,2015,10021.24,0.59,74.43,94.47,57.43,2.93,3.66,15.0,5.05,5.53,48.9,0.73,77.19,4.31,5.35,73.87,43.0,62.28
Mexico,MEX,Americas,2016,9097.92,0.59,74.38,94.86,59.54,2.95,3.6,14.7,4.76,5.38,46.9,0.18,77.44,3.85,5.91,79.38,43.0,62.89
Mexico,MEX,Americas,2017,9649.28,0.59,74.26,94.97,53.03,3.87,3.78,14.4,4.4,5.31,46.9,0.51,77.72,3.42,5.9,76.7,44.0,63.48
Mexico,MEX,Americas,2018,10084.79,0.6,74.3,95.38,56.66,3.13,3.67,14.0,4.14,5.24,46.0,0.31,78.03,3.28,6.67,78.64,44.0,64.08
Mexico,MEX,Americas,2019,10369.56,0.6,74.53,95.39,69.63,3.22,3.59,13.7,4.14,5.3,46.0,0.13,78.36,3.48,9.87,78.8,43.0,64.69
Mexico,MEX,Americas,2020,8841.27,0.6,70.45,95.25,71.49,3.22,3.63,13.4,4.5,6.05,44.6,0.79,78.68,4.44,12.59,77.74,61.0,65.23
Mexico,MEX,Americas,2021,10314.05,0.6,69.75,95.69,75.63,2.84,3.4,13.1,4.24,5.88,44.6,0.54,78.93,4.02,13.38,78.4,104.0,65.66
Mexico,MEX,Americas,2022,11405.79,0.6,73.97,95.12,78.63,3.57,3.5,12.8,4.06,5.71,43.5,0.58,79.2,3.26,13.38,82.69,45.0,66.16
Mexico,MEX,Americas,2023,13860.96,0.62,75.07,95.83,81.18,2.54,3.31,12.4,4.06,5.5,43.5,0.26,79.47,2.76,13.38,81.14,42.0,66.74
Moldova,MDA,Europe,2000,440.54,0.46,67.46,96.65,1.28,1.34,4.63,27.9,4.49,5.93,36.4,0.12,40.42,8.54,30.38,62.17,38.0,101.84
Moldova,MDA,Europe,2001,507.4,0.46,67.67,96.65,1.49,1.38,4.73,25.4,4.85,6.23,38.0,1.17,39.67,7.37,32.74,63.48,35.0,101.62
Moldova,MDA,Europe,2002,570.8,0.46,67.79,96.65,3.79,1.31,4.75,23.0,5.5,7.4,35.8,1.65,39.62,6.84,33.67,63.61,31.0,101.38
Moldova,MDA,Europe,2003,682.32,0.47,67.9,96.65,7.41,1.35,4.65,20.9,5.42,7.02,34.9,0.86,39.59,6.38,32.87,63.73,29.0,101.13
Moldova,MDA,Europe,2004,897.18,0.47,68.02,84.44,10.63,1.22,4.47,19.3,6.77,8.97,35.0,0.54,39.45,6.37,36.14,64.91,28.0,100.85
Moldova,MDA,Europe,2005,1034.39,0.48,68.2,83.62,14.63,1.18,4.43,18.0,7.16,9.56,36.3,1.14,39.37,5.63,34.76,63.54,26.0,100.57
Moldova,MDA,Europe,2006,1183.02,0.47,68.42,84.17,19.62,1.18,4.56,17.0,7.5,10.54,35.4,0.21,39.22,4.26,35.16,62.48,25.0,100.29
Moldova,MDA,Europe,2007,1531.22,0.47,68.67,85.25,20.45,1.13,4.61,16.4,8.29,11.02,34.4,0.09,39.43,2.75,43.3,63.55,24.0,100.06
Moldova,MDA,Europe,2008,2110.55,0.48,69.0,86.19,23.39,1.2,4.34,15.9,8.24,10.95,34.7,0.61,39.37,2.1,37.01,67.78,23.0,99.87
Moldova,MDA,Europe,2009,1898.44,0.49,69.41,86.75,27.5,1.07,4.43,15.5,9.51,13.68,32.9,0.78,39.33,3.02,38.8,65.64,22.0,99.74
Moldova,MDA,Europe,2010,2436.8,0.48,69.88,85.54,29.68,1.13,4.54,15.2,7.59,10.13,32.1,0.26,39.28,2.97,37.95,66.04,20.0,99.78
Moldova,MDA,Europe,2011,2941.36,0.49,70.17,99.36,32.07,1.17,4.35,14.9,7.14,9.1,30.6,0.55,39.35,2.68,0.07,67.59,19.0,99.72
Moldova,MDA,Europe,2012,3044.81,0.49,70.34,99.36,34.65,1.19,4.27,14.7,6.98,9.14,29.2,0.83,39.36,2.19,0.05,69.13,19.0,99.67
Moldova,MDA,Europe,2013,3321.04,0.5,70.29,99.36,37.44,1.22,4.31,14.5,5.91,8.68,28.5,1.92,39.43,1.89,0.05,68.75,19.0,99.58
Moldova,MDA,Europe,2014,3289.96,0.49,70.24,99.36,67.0,1.16,4.19,14.3,6.34,8.73,26.8,0.27,39.63,1.45,0.29,69.58,20.0,99.52
Moldova,MDA,Europe,2015,2749.55,0.49,70.12,99.36,69.0,1.11,4.4,14.2,5.77,8.5,27.0,0.33,39.7,1.78,0.31,70.51,20.0,98.76
Moldova,MDA,Europe,2016,2847.09,0.5,70.18,99.36,71.0,1.34,4.32,14.1,5.67,7.62,26.3,0.16,39.74,1.59,0.32,71.39,21.0,97.61
Moldova,MDA,Europe,2017,3453.27,0.51,70.38,99.36,71.77,1.29,3.97,14.0,5.71,7.13,25.9,0.48,39.97,1.62,0.65,68.47,20.0,95.91
Moldova,MDA,Europe,2018,4156.45,0.5,70.24,91.17,72.54,1.33,4.15,14.1,5.54,6.71,25.7,1.78,40.33,1.24,1.05,71.09,20.0,94.25
Moldova,MDA,Europe,2019,4405.33,0.52,70.18,91.48,73.33,1.3,4.04,14.1,6.23,6.5,26.0,0.46,40.77,1.5,1.35,72.79,21.0,92.76
Moldova,MDA,Europe,2020,4375.78,0.51,69.91,92.14,74.12,1.36,4.0,14.3,6.6,7.0,25.0,0.98,41.34,1.21,1.31,74.5,29.0,91.75
Moldova,MDA,Europe,2021,5274.61,0.52,68.99,93.01,74.92,1.14,3.86,14.5,5.82,7.75,25.7,1.62,41.81,0.79,1.77,74.48,24.0,90.36
Moldova,MDA,Europe,2022,5744.3,0.51,71.55,92.21,74.92,1.26,3.98,14.7,6.1,6.97,25.9,0.19,42.4,0.91,1.77,73.33,19.0,88.05
Moldova,MDA,Europe,2023,6799.59,0.52,71.2,91.41,76.5,1.42,3.95,14.9,6.56,6.74,26.8,0.3,43.0,1.57,1.77,74.71,19.0,85.44
Morocco,MAR,Africa,2000,1499.11,0.46,66.79,81.53,0.69,1.27,4.72,45.4,4.63,3.69,40.6,0.02,53.59,13.58,0.5,61.57,271.0,63.69
Morocco,MAR,Africa,2001,1506.25,0.46,67.2,52.31,1.37,1.31,4.64,43.8,4.63,3.82,40.6,0.07,53.9,12.46,1.37,60.64,254.0,64.56
Morocco,MAR,Africa,2002,1596.02,0.46,67.58,52.31,2.37,0.96,4.7,42.1,4.63,4.06,40.6,0.15,54.22,11.59,1.28,62.55,238.0,65.42
Morocco,MAR,Africa,2003,1941.87,0.46,67.96,52.31,3.35,1.16,4.57,40.4,5.25,4.08,40.6,0.34,54.58,11.92,1.19,63.9,224.0,66.26
Morocco,MAR,Africa,2004,2183.56,0.47,68.27,52.31,11.61,1.22,4.62,38.6,5.2,4.23,40.7,0.35,54.98,10.83,1.09,63.8,213.0,67.11
Morocco,MAR,Africa,2005,2242.99,0.46,68.75,52.31,15.08,1.07,4.58,36.8,4.85,4.37,40.7,0.59,55.44,11.01,1.03,65.72,196.0,68.02
Morocco,MAR,Africa,2006,2438.13,0.47,69.16,52.31,19.77,1.33,4.46,35.0,4.85,4.57,40.7,0.73,55.96,9.67,0.88,63.53,182.0,68.95
Morocco,MAR,Africa,2007,2755.59,0.48,69.62,55.15,21.5,1.2,4.54,33.2,4.85,4.81,40.7,0.13,56.53,9.56,1.38,64.54,169.0,69.88
Morocco,MAR,Africa,2008,3183.2,0.48,70.05,55.15,33.1,1.33,4.49,31.4,4.85,4.84,40.7,0.06,57.13,9.57,1.43,65.67,158.0,70.82
Morocco,MAR,Africa,2009,3119.59,0.48,70.45,56.08,41.3,1.19,4.34,29.7,4.83,5.27,40.7,0.12,57.73,8.96,1.88,66.78,148.0,71.77
Morocco,MAR,Africa,2010,3067.99,0.48,70.82,56.08,52.0,1.25,4.38,28.1,4.83,5.42,39.5,0.35,58.33,9.09,2.87,68.0,140.0,72.75
Morocco,MAR,Africa,2011,3301.99,0.49,71.26,67.08,46.11,1.02,4.38,26.6,5.55,5.37,39.5,0.14,58.9,8.91,2.9,69.02,130.0,73.75
Morocco,MAR,Africa,2012,3164.18,0.49,71.67,69.16,55.42,1.26,4.33,25.2,5.55,5.4,39.5,0.04,59.43,8.99,2.91,69.36,121.0,74.74
Morocco,MAR,Africa,2013,3379.74,0.5,72.12,69.16,56.0,1.18,4.17,23.8,5.55,5.26,39.5,0.21,59.91,9.23,5.08,69.8,113.0,75.71
Morocco,MAR,Africa,2014,3435.41,0.49,72.52,64.26,56.77,1.28,4.23,22.5,5.48,5.42,39.5,0.38,60.3,9.7,6.83,67.84,106.0,76.64
Morocco,MAR,Africa,2015,3146.25,0.5,72.89,64.26,57.08,1.42,4.26,21.4,5.13,5.1,39.5,0.39,60.64,9.46,8.23,69.2,100.0,77.54
Morocco,MAR,Africa,2016,3140.86,0.5,73.23,64.26,58.27,1.38,4.27,20.3,5.09,5.09,39.5,0.33,60.97,9.3,10.74,70.88,94.0,78.48
Morocco,MAR,Africa,2017,3296.53,0.5,73.61,64.26,61.76,1.2,4.26,19.3,4.74,4.99,44.72,0.19,61.28,9.22,10.65,70.71,88.0,79.42
Morocco,MAR,Africa,2018,3501.7,0.5,73.95,90.91,64.8,1.31,4.23,18.5,4.96,4.95,44.38,0.56,61.57,9.27,13.61,69.92,83.0,80.3
Morocco,MAR,Africa,2019,3508.1,0.5,74.24,92.14,84.12,1.28,4.11,17.8,5.0,5.02,47.52,0.28,61.84,9.19,15.28,72.63,79.0,81.14
Morocco,MAR,Africa,2020,3268.03,0.51,73.13,92.16,84.12,1.39,4.19,17.1,6.28,5.79,49.34,0.52,62.09,11.19,15.47,73.11,81.0,81.97
Morocco,MAR,Africa,2021,3785.94,0.51,73.39,91.13,88.13,1.36,4.08,16.5,5.64,5.45,45.0,0.62,62.32,10.55,16.47,73.09,92.0,82.8
Morocco,MAR,Africa,2022,3463.14,0.53,75.16,92.04,89.9,1.26,3.88,15.9,5.91,5.75,49.21,0.0,62.51,9.41,16.47,75.26,71.0,83.64
Morocco,MAR,Africa,2023,3813.73,0.52,75.31,93.14,91.0,1.33,3.86,15.3,6.02,6.06,48.48,0.03,62.67,8.9,16.47,75.38,70.0,84.5
Mozambique,MOZ,Africa,2000,327.13,0.35,49.48,38.71,0.11,0.19,5.34,106.9,2.64,2.14,46.9,0.4,29.24,2.83,0.63,52.98,547.0,23.05
Mozambique,MOZ,Africa,2001,304.79,0.35,50.26,48.16,0.16,0.19,5.32,100.8,2.64,2.8,46.9,0.49,29.41,2.84,0.11,55.54,473.0,23.57
Mozambique,MOZ,Africa,2002,313.89,0.36,50.88,48.16,0.26,0.16,5.41,95.2,3.2,3.19,46.9,0.43,29.57,2.9,0.25,54.01,398.0,24.11
Mozambique,MOZ,Africa,2003,339.49,0.36,51.38,48.16,0.42,0.19,5.3,90.0,3.2,3.25,46.9,0.11,29.71,2.86,0.35,56.09,360.0,24.66
Mozambique,MOZ,Africa,2004,400.06,0.37,51.86,48.16,0.68,0.21,5.11,85.1,3.2,3.53,46.9,0.89,29.86,2.95,0.32,55.61,321.0,25.23
Mozambique,MOZ,Africa,2005,436.77,0.36,52.32,48.16,0.85,0.24,5.25,80.5,3.86,4.21,46.9,0.56,30.01,3.04,0.34,54.76,301.0,25.82
Mozambique,MOZ,Africa,2006,457.49,0.37,52.75,48.16,0.84,0.23,5.0,76.0,3.74,3.95,45.5,0.2,30.17,3.04,0.28,58.12,298.0,26.43
Mozambique,MOZ,Africa,2007,507.87,0.37,53.26,50.58,0.91,0.24,5.12,70.1,3.74,3.8,45.5,0.0,30.36,3.08,0.26,58.17,327.0,27.07
Mozambique,MOZ,Africa,2008,592.16,0.37,53.8,50.58,1.56,0.25,5.14,67.4,3.74,4.13,45.5,0.23,30.56,3.11,0.33,57.08,365.0,27.75
Mozambique,MOZ,Africa,2009,547.7,0.38,54.4,50.58,2.68,0.26,5.06,63.9,5.25,5.06,45.5,0.18,30.77,3.21,0.26,57.36,352.0,28.47
Mozambique,MOZ,Africa,2010,496.19,0.38,55.04,50.58,4.17,0.24,5.03,63.6,5.25,5.29,45.5,0.03,30.99,3.26,0.29,58.77,305.0,29.25
Mozambique,MOZ,Africa,2011,618.18,0.39,55.73,50.58,4.6,0.23,5.06,59.8,5.53,4.92,45.5,0.0,31.21,3.3,0.43,61.95,268.0,30.07
Mozambique,MOZ,Africa,2012,685.69,0.39,56.46,50.58,5.0,0.3,4.92,57.1,5.56,5.14,54.0,0.37,31.43,3.3,0.47,62.69,218.0,30.95
Mozambique,MOZ,Africa,2013,686.51,0.39,57.19,56.04,5.5,0.31,4.76,56.1,6.04,6.05,54.0,0.32,31.66,3.34,0.46,63.93,196.0,31.86
Mozambique,MOZ,Africa,2014,697.14,0.39,57.96,56.04,6.0,0.29,4.93,55.1,6.4,6.24,54.0,0.39,31.9,3.38,0.46,63.19,210.0,32.79
Mozambique,MOZ,Africa,2015,610.56,0.4,58.71,56.04,6.5,0.28,4.99,53.8,5.92,6.61,54.0,0.49,32.14,3.43,0.34,61.73,216.0,33.76
Mozambique,MOZ,Africa,2016,441.49,0.4,59.46,56.04,7.0,0.31,4.71,52.8,5.8,7.22,54.0,0.18,32.38,3.65,0.35,64.25,202.0,34.76
Mozambique,MOZ,Africa,2017,470.94,0.4,60.15,60.66,7.8,0.31,4.78,51.4,5.49,7.81,50.7,0.09,32.63,3.94,0.4,64.2,187.0,35.82
Mozambique,MOZ,Africa,2018,517.51,0.39,60.79,60.66,10.9,0.32,4.76,50.3,5.39,7.98,50.7,0.05,32.99,4.21,0.45,62.15,159.0,36.9
Mozambique,MOZ,Africa,2019,519.09,0.4,61.31,59.78,12.48,0.35,4.66,49.2,6.0,7.9,50.7,0.09,33.42,4.46,0.05,63.45,134.0,38.0
Mozambique,MOZ,Africa,2020,462.43,0.4,61.39,59.78,14.29,0.31,4.74,48.6,6.17,7.55,50.7,0.43,33.9,5.02,0.72,62.94,123.0,39.15
Mozambique,MOZ,Africa,2021,509.91,0.41,60.27,59.78,16.36,0.36,4.68,47.1,6.34,8.65,49.6,0.35,34.45,5.41,0.72,67.12,180.0,40.32
Mozambique,MOZ,Africa,2022,578.25,0.41,63.01,61.67,18.96,0.36,4.77,45.9,5.98,8.25,49.6,0.27,35.05,6.79,0.72,70.8,104.0,41.53
Mozambique,MOZ,Africa,2023,622.0,0.41,63.61,61.67,19.95,0.35,4.58,44.9,5.98,8.5,49.6,0.26,35.71,6.66,0.72,67.38,99.0,42.77
Myanmar,MMR,Asia,2000,196.62,0.41,60.36,89.94,0.0,0.5,5.06,73.9,4.82,2.01,53.19,1.3,27.53,0.71,2.31,58.32,375.0,69.3
Myanmar,MMR,Asia,2001,141.53,0.4,60.64,89.94,0.0,0.58,5.06,72.2,5.21,2.16,53.72,1.25,27.71,0.69,6.86,59.28,361.0,70.04
Myanmar,MMR,Asia,2002,146.6,0.41,60.92,89.94,0.0,0.43,5.0,70.5,5.28,2.59,51.3,0.13,27.88,0.68,2.53,59.05,347.0,70.74
Myanmar,MMR,Asia,2003,224.29,0.41,61.2,89.94,0.02,0.59,4.91,68.7,4.93,2.4,49.29,0.52,28.06,0.69,2.53,60.79,335.0,71.41
Myanmar,MMR,Asia,2004,224.51,0.41,61.44,81.7,0.02,0.49,4.9,66.8,4.9,2.33,54.3,0.54,28.23,0.68,2.58,57.71,324.0,72.03
Myanmar,MMR,Asia,2005,252.69,0.42,61.72,82.52,0.07,0.6,4.9,64.7,5.2,2.34,47.2,0.14,28.39,0.67,2.47,60.35,312.0,72.61
Myanmar,MMR,Asia,2006,303.5,0.42,62.03,83.62,0.18,0.62,4.92,62.6,5.31,2.27,52.38,0.03,28.55,0.68,2.64,60.19,301.0,73.13
Myanmar,MMR,Asia,2007,419.38,0.42,62.37,83.73,0.22,0.52,4.78,60.5,4.85,2.04,48.53,0.84,28.71,0.68,3.04,61.7,290.0,73.64
Myanmar,MMR,Asia,2008,658.44,0.42,56.36,84.73,0.22,0.52,4.86,71.0,0.79,2.12,48.93,0.07,28.86,0.7,2.97,60.89,286.0,74.07
Myanmar,MMR,Asia,2009,758.44,0.43,63.1,83.53,0.22,0.61,4.72,56.0,0.79,2.17,49.94,0.53,29.0,0.71,2.78,62.23,268.0,74.48
Myanmar,MMR,Asia,2010,1010.53,0.43,63.48,84.67,0.25,0.48,4.78,53.8,0.79,1.97,53.47,0.06,29.14,0.72,2.18,61.66,259.0,75.05
Myanmar,MMR,Asia,2011,1213.63,0.43,63.86,90.36,0.98,0.57,4.73,51.7,0.79,1.95,48.37,0.3,29.27,0.75,2.14,63.39,249.0,75.65
Myanmar,MMR,Asia,2012,1202.67,0.44,64.25,90.36,1.4,0.53,4.57,49.5,0.79,2.44,38.1,1.58,29.4,0.77,1.8,64.4,243.0,76.3
Myanmar,MMR,Asia,2013,1199.1,0.43,64.62,90.36,1.8,0.65,4.61,47.5,0.79,3.11,38.1,1.67,29.51,0.78,21.74,63.35,237.0,76.96
Myanmar,MMR,Asia,2014,1293.0,0.44,64.99,90.36,7.4,0.67,4.54,45.8,0.79,4.15,38.1,0.71,29.62,0.76,11.84,65.58,228.0,77.6
Myanmar,MMR,Asia,2015,1166.73,0.45,65.29,90.36,10.9,0.65,4.73,44.1,2.17,5.2,38.1,0.0,29.72,0.77,9.13,67.24,222.0,78.23
Myanmar,MMR,Asia,2016,1229.2,0.46,65.64,84.78,16.0,0.57,4.57,42.6,2.17,4.76,38.1,0.21,29.81,1.06,14.28,67.48,215.0,78.89
Myanmar,MMR,Asia,2017,1272.82,0.45,65.91,84.78,23.62,0.72,4.51,41.1,2.17,4.69,30.7,0.0,29.91,1.36,13.09,67.99,209.0,79.5
Myanmar,MMR,Asia,2018,1298.21,0.45,66.23,95.81,29.38,0.62,4.62,39.8,1.99,4.54,30.7,0.63,29.99,0.77,12.29,67.73,201.0,80.09
Myanmar,MMR,Asia,2019,1425.99,0.45,66.46,89.07,36.54,0.74,4.33,38.4,2.0,3.81,30.7,0.14,30.08,0.41,11.7,67.82,195.0,80.65
Myanmar,MMR,Asia,2020,1490.22,0.45,66.61,93.53,45.45,0.69,4.35,37.2,2.0,4.28,30.7,0.06,30.16,1.48,11.28,69.13,198.0,81.23
Myanmar,MMR,Asia,2021,1242.72,0.46,65.55,93.53,45.45,0.63,4.41,36.0,2.0,5.54,54.11,0.77,30.24,4.34,11.33,71.08,231.0,81.8
Myanmar,MMR,Asia,2022,1158.05,0.46,66.51,93.53,45.45,0.62,4.5,34.9,2.0,4.49,44.62,1.45,30.31,3.06,11.33,69.8,193.0,82.36
Myanmar,MMR,Asia,2023,1233.2,0.47,66.89,93.53,45.45,0.67,4.3,33.8,4.9,4.46,48.35,0.53,30.38,2.98,11.33,72.8,185.0,82.94
Nepal,NPL,Asia,2000,223.83,0.39,62.64,48.61,0.2,0.48,5.33,62.0,2.98,3.13,43.8,1.29,31.1,10.53,0.95,56.82,480.0,171.23
Nepal,NPL,Asia,2001,240.8,0.39,63.29,48.61,0.24,0.4,5.05,58.8,3.71,3.81,43.8,0.13,32.81,10.5,13.89,54.69,443.0,174.03
Nepal,NPL,Asia,2002,238.89,0.39,63.51,48.61,0.31,0.35,5.03,56.0,3.15,3.94,43.8,0.71,35.04,10.59,7.19,57.32,414.0,176.69
Nepal,NPL,Asia,2003,246.43,0.39,64.23,48.61,0.38,0.37,5.08,53.3,3.11,3.86,43.8,0.7,38.05,10.64,0.13,58.41,387.0,179.2
Nepal,NPL,Asia,2004,279.59,0.4,64.74,48.61,0.45,0.5,5.05,51.0,3.17,4.05,43.8,0.85,41.61,10.65,0.06,59.14,364.0,181.49
Nepal,NPL,Asia,2005,309.02,0.4,65.28,55.56,0.83,0.44,5.01,48.8,3.36,3.95,43.8,0.46,45.51,10.59,2.27,60.78,344.0,183.53
Nepal,NPL,Asia,2006,340.43,0.41,65.89,55.56,1.14,0.43,4.8,46.9,3.61,3.54,43.8,0.71,49.51,10.61,0.45,60.61,318.0,185.32
Nepal,NPL,Asia,2007,385.45,0.41,66.17,55.56,1.41,0.46,4.94,45.0,3.52,3.67,32.8,0.82,53.38,10.64,3.78,60.15,309.0,186.87
Nepal,NPL,Asia,2008,464.82,0.41,66.44,55.56,1.73,0.48,4.97,43.3,3.81,3.82,32.8,0.85,56.91,10.6,4.2,62.1,302.0,188.28
Nepal,NPL,Asia,2009,473.08,0.41,66.6,55.56,1.97,0.47,4.96,41.7,4.66,3.9,32.8,0.5,59.86,10.58,5.37,62.92,299.0,189.56
Nepal,NPL,Asia,2010,585.28,0.41,66.77,59.63,7.93,0.37,4.73,40.1,3.63,4.36,32.8,0.12,62.02,10.56,4.43,59.78,297.0,190.74
Nepal,NPL,Asia,2011,785.52,0.42,67.12,59.63,9.0,0.42,4.81,38.5,3.84,4.45,32.8,1.45,63.14,10.63,0.36,62.93,286.0,191.59
Nepal,NPL,Asia,2012,788.2,0.42,67.36,59.63,11.15,0.42,4.7,36.9,3.3,4.49,32.8,0.01,63.66,10.63,3.95,66.19,272.0,192.08
Nepal,NPL,Asia,2013,803.27,0.42,67.6,59.63,13.3,0.49,4.64,35.4,3.02,4.63,32.8,0.71,64.13,10.67,4.0,65.5,258.0,192.47
Nepal,NPL,Asia,2014,821.46,0.43,67.81,65.5,15.44,0.46,4.65,33.9,3.47,5.08,50.43,1.21,64.56,10.62,7.51,63.69,245.0,193.04
Nepal,NPL,Asia,2015,875.54,0.42,67.37,65.5,17.58,0.5,4.62,32.4,3.26,5.47,50.09,0.2,64.95,10.64,8.22,66.98,236.0,194.1
Nepal,NPL,Asia,2016,877.26,0.43,68.44,65.5,20.7,0.45,4.55,31.0,3.9,5.42,51.13,0.04,65.29,10.71,4.32,65.99,214.0,195.02
Nepal,NPL,Asia,2017,1034.28,0.43,68.74,66.87,24.3,0.55,4.58,29.6,4.77,4.72,48.46,0.9,65.58,10.66,2.84,65.37,197.0,195.4
Nepal,NPL,Asia,2018,1179.2,0.44,69.04,66.87,28.6,0.53,4.62,28.3,4.43,4.53,50.66,0.06,65.81,10.59,4.01,65.75,183.0,195.88
Nepal,NPL,Asia,2019,1203.14,0.45,69.3,68.71,33.34,0.51,4.55,27.1,3.89,4.45,30.0,0.43,65.99,10.48,0.79,68.4,170.0,198.21
Nepal,NPL,Asia,2020,1154.22,0.45,69.11,68.71,36.97,0.53,4.39,25.9,4.24,5.21,30.0,0.82,66.11,13.04,4.66,66.89,153.0,202.07
Nepal,NPL,Asia,2021,1252.75,0.44,68.39,68.71,40.99,0.54,4.46,24.9,4.43,5.53,30.0,0.06,66.14,12.24,20.02,70.09,173.0,205.62
Nepal,NPL,Asia,2022,1385.91,0.45,70.09,68.71,45.45,0.56,4.49,23.9,4.14,6.53,30.0,0.2,66.3,10.66,11.45,69.01,139.0,207.29
Nepal,NPL,Asia,2023,1382.33,0.45,70.35,90.34,45.81,0.55,4.31,23.1,3.96,6.16,30.0,1.33,66.54,10.44,14.87,70.36,142.0,207.15
Netherlands,NLD,Europe,2000,26225.17,0.85,77.99,92.91,43.98,19.03,2.58,5.1,4.58,7.7,28.1,1.75,78.48,2.72,3.16,87.1,13.0,471.73
Netherlands,NLD,Europe,2001,26955.71,0.85,78.19,94.97,49.37,17.61,2.32,5.0,4.69,8.04,28.1,1.56,80.18,2.12,3.4,88.56,13.0,475.3
Netherlands,NLD,Europe,2002,29446.53,0.85,78.29,93.02,61.29,17.8,2.32,4.9,4.79,8.62,29.8,1.9,80.81,2.55,4.03,88.24,13.0,478.35
Netherlands,NLD,Europe,2003,35896.75,0.85,78.49,94.52,64.35,16.88,2.37,4.8,5.02,9.02,29.8,1.82,81.3,3.59,4.02,89.95,12.0,480.61
Netherlands,NLD,Europe,2004,40611.34,0.86,79.1,94.68,68.52,19.15,2.26,4.6,5.04,9.07,29.8,1.72,82.25,4.65,5.15,91.36,11.0,482.28
Netherlands,NLD,Europe,2005,42165.4,0.86,79.35,95.54,81.0,18.77,2.08,4.4,5.09,9.06,29.0,2.3,83.5,5.87,7.36,91.88,10.0,483.41
Netherlands,NLD,Europe,2006,45123.54,0.87,79.7,96.08,83.7,19.47,2.06,4.3,5.02,9.04,30.0,1.83,84.65,5.01,8.04,91.36,9.0,484.19
Netherlands,NLD,Europe,2007,52100.8,0.87,80.1,96.48,85.82,17.71,2.15,4.1,4.86,9.0,29.6,2.4,85.41,4.15,7.11,94.65,8.0,485.24
Netherlands,NLD,Europe,2008,58246.7,0.86,80.25,97.38,87.42,19.52,2.21,4.0,5.0,9.22,29.3,1.68,85.61,3.66,8.77,92.58,8.0,487.13
Netherlands,NLD,Europe,2009,53172.03,0.87,80.55,96.96,89.63,20.6,2.22,3.9,5.39,9.91,27.9,1.76,86.22,4.35,9.44,92.45,7.0,490.08
Netherlands,NLD,Europe,2010,51305.73,0.87,80.7,97.79,90.72,20.73,2.07,3.8,5.46,10.09,27.8,1.95,87.35,4.99,9.3,93.34,6.0,492.6
Netherlands,NLD,Europe,2011,54701.77,0.87,81.2,99.38,91.42,20.8,2.04,3.7,5.42,10.15,27.8,1.46,88.01,4.98,10.76,93.34,7.0,495.05
Netherlands,NLD,Europe,2012,50473.94,0.88,81.1,98.82,92.86,21.6,2.06,3.6,5.37,10.45,27.6,2.44,88.53,5.82,11.99,94.31,6.0,496.88
Netherlands,NLD,Europe,2013,52602.29,0.88,81.3,98.2,93.96,19.0,1.97,3.6,5.48,10.5,28.1,1.75,89.17,7.24,11.8,93.45,6.0,498.8
Netherlands,NLD,Europe,2014,53457.22,0.88,81.71,98.71,91.67,21.53,2.03,3.5,5.4,10.46,28.6,1.76,89.84,7.42,11.16,95.75,5.0,500.59
Netherlands,NLD,Europe,2015,45793.81,0.88,81.51,98.67,91.72,17.17,2.0,3.5,5.28,10.19,28.2,2.37,90.28,6.87,12.34,96.26,5.0,503.12
Netherlands,NLD,Europe,2016,46808.53,0.89,81.56,99.9,90.41,21.15,1.98,3.5,5.39,9.89,28.2,1.56,90.58,6.01,12.75,97.19,5.0,505.8
Netherlands,NLD,Europe,2017,49513.68,0.89,81.76,99.9,93.2,16.69,1.81,3.5,5.09,9.94,28.5,1.88,91.12,4.84,14.83,95.73,5.0,508.8
Netherlands,NLD,Europe,2018,53955.08,0.9,81.81,99.9,91.89,16.49,1.82,3.5,5.27,9.85,28.1,2.21,92.61,3.83,16.47,97.94,5.0,511.78
Netherlands,NLD,Europe,2019,53554.9,0.89,82.11,99.9,93.29,17.82,1.84,3.5,5.06,9.94,29.2,2.17,93.89,3.38,18.72,98.73,5.0,515.14
Netherlands,NLD,Europe,2020,53467.93,0.9,81.36,99.9,91.33,18.45,1.75,3.5,5.29,10.95,26.0,1.83,94.25,3.82,26.52,99.9,4.0,518.01
Netherlands,NLD,Europe,2021,60141.99,0.9,81.31,99.9,92.05,18.33,1.76,3.5,5.38,11.13,25.7,1.82,94.63,4.21,33.06,98.71,5.0,520.73
Netherlands,NLD,Europe,2022,59123.32,0.9,81.61,99.9,92.52,17.1,1.74,3.4,5.18,10.03,25.7,2.11,94.99,3.53,33.06,99.9,4.0,525.72
Netherlands,NLD,Europe,2023,63515.6,0.91,81.86,99.9,97.01,17.64,1.72,3.4,5.18,9.83,25.7,2.19,95.32,3.54,33.06,99.9,4.0,530.95
New Zealand,NZL,Oceania,2000,13641.1,0.8,78.64,93.16,47.38,15.5,2.76,6.1,5.6,7.47,41.78,1.39,85.71,6.13,9.89,82.28,11.0,14.65
New Zealand,NZL,Oceania,2001,13882.86,0.8,78.69,92.2,53.24,16.18,2.78,5.9,5.6,7.58,47.8,1.68,85.75,5.43,9.32,85.28,10.0,14.74
New Zealand,NZL,Oceania,2002,16874.19,0.8,78.85,93.02,59.08,11.55,2.67,5.8,5.6,7.9,40.98,1.49,85.81,5.28,8.72,86.9,11.0,15.0
New Zealand,NZL,Oceania,2003,21913.71,0.8,79.15,93.36,60.96,12.73,2.59,5.7,5.6,7.72,44.48,1.37,85.86,4.74,8.45,86.06,11.0,15.29
New Zealand,NZL,Oceania,2004,25420.23,0.8,79.55,94.24,61.85,14.97,2.54,5.5,7.32,7.9,42.06,1.2,85.9,4.0,8.85,86.79,11.0,15.52
New Zealand,NZL,Oceania,2005,27751.07,0.8,79.85,92.71,62.72,12.55,2.58,5.5,7.14,8.27,40.93,1.48,85.93,3.81,10.37,86.06,11.0,15.7
New Zealand,NZL,Oceania,2006,26654.59,0.81,80.05,95.2,69.0,15.05,2.64,5.4,7.4,8.64,41.79,2.02,85.94,3.86,10.86,85.76,10.0,15.89
New Zealand,NZL,Oceania,2007,32479.98,0.81,80.15,95.1,69.76,14.87,2.48,5.3,7.76,8.33,43.4,1.58,85.93,3.66,11.91,88.81,10.0,16.04
New Zealand,NZL,Oceania,2008,31324.74,0.81,80.35,95.3,72.03,14.14,2.41,5.3,7.5,8.65,42.88,1.79,85.91,4.17,13.65,88.53,10.0,16.18
New Zealand,NZL,Oceania,2009,28276.73,0.82,80.7,96.15,79.7,16.28,2.49,5.2,7.31,9.14,46.4,1.51,85.89,6.12,16.32,89.79,10.0,16.34
New Zealand,NZL,Oceania,2010,33761.9,0.82,80.9,95.64,80.46,12.81,2.41,5.2,5.89,9.1,41.91,1.68,85.86,6.56,18.45,89.0,10.0,16.52
New Zealand,NZL,Oceania,2011,38431.78,0.82,81.16,97.93,81.23,10.42,2.35,5.1,5.89,9.11,43.41,1.57,85.82,6.49,20.06,91.19,10.0,16.65
New Zealand,NZL,Oceania,2012,40053.7,0.83,81.41,96.99,81.64,16.24,2.35,5.0,5.89,9.2,45.99,1.64,85.78,6.93,20.9,92.64,9.0,16.74
New Zealand,NZL,Oceania,2013,43000.46,0.83,81.4,97.56,82.78,15.02,2.21,4.9,5.89,8.94,47.54,1.54,85.71,5.84,22.09,89.37,8.0,16.87
New Zealand,NZL,Oceania,2014,44618.27,0.83,81.46,96.08,84.0,13.14,2.29,4.8,5.8,8.97,46.96,2.12,85.51,5.43,24.24,92.38,7.0,17.15
New Zealand,NZL,Oceania,2015,38665.37,0.84,81.61,99.02,85.2,11.91,2.12,4.7,5.7,8.89,45.7,1.54,85.15,5.42,25.58,92.25,8.0,17.51
New Zealand,NZL,Oceania,2016,40113.72,0.84,81.66,99.18,86.5,13.34,2.06,4.6,5.5,8.77,41.9,1.81,84.69,5.15,25.85,92.53,8.0,17.9
New Zealand,NZL,Oceania,2017,42950.38,0.84,81.86,99.9,87.7,15.01,2.14,4.5,5.28,8.62,41.13,1.09,84.17,4.74,25.13,95.26,8.0,18.28
New Zealand,NZL,Oceania,2018,43257.08,0.85,81.71,97.43,89.0,14.32,2.12,4.5,5.19,8.57,47.4,1.84,83.8,4.34,24.92,95.87,7.0,18.61
New Zealand,NZL,Oceania,2019,42855.83,0.85,82.06,98.8,89.86,15.51,2.08,4.4,5.17,8.62,40.47,1.81,83.8,4.11,25.33,94.13,8.0,18.88
New Zealand,NZL,Oceania,2020,41997.78,0.85,82.26,99.9,90.92,14.78,2.23,4.3,5.64,9.25,43.33,0.99,83.81,4.6,25.95,95.43,8.0,19.26
New Zealand,NZL,Oceania,2021,49950.43,0.85,82.21,99.9,91.99,13.94,2.12,4.3,5.54,9.55,46.16,1.31,83.83,3.78,27.12,95.67,8.0,19.31
New Zealand,NZL,Oceania,2022,49099.71,0.86,81.96,99.9,93.07,13.5,1.96,4.2,5.17,10.57,45.43,1.8,83.85,3.3,27.12,95.54,23.0,19.3
New Zealand,NZL,Oceania,2023,49075.96,0.86,81.76,99.9,93.33,15.96,2.0,4.1,5.21,10.13,39.96,1.79,83.89,3.73,27.12,98.38,7.0,19.75
Nicaragua,NIC,Americas,2000,1017.31,0.41,66.36,76.68,0.98,0.7,4.94,31.6,3.0,5.24,52.9,0.02,55.22,7.18,8.71,58.5,213.0,41.74
Nicaragua,NIC,Americas,2001,1051.87,0.42,67.03,76.68,1.45,0.76,4.85,30.1,3.0,5.48,52.9,0.18,55.35,7.22,10.07,61.46,194.0,42.28
Nicaragua,NIC,Americas,2002,1014.33,0.43,67.95,76.68,1.71,0.7,4.89,28.8,2.39,5.73,52.9,0.91,55.49,7.52,13.04,59.09,170.0,42.79
Nicaragua,NIC,Americas,2003,1021.35,0.43,68.75,76.68,1.88,0.73,4.91,27.7,2.42,6.08,52.9,0.6,55.63,7.6,16.36,61.1,154.0,43.3
Nicaragua,NIC,Americas,2004,1098.62,0.42,69.51,78.0,2.32,0.63,4.9,26.6,2.42,6.06,48.8,0.78,55.78,6.41,16.74,61.42,140.0,43.82
Nicaragua,NIC,Americas,2005,1183.3,0.44,70.37,78.0,2.57,0.64,4.86,25.5,2.42,6.22,48.8,0.06,55.94,5.37,20.42,60.65,124.0,44.39
Nicaragua,NIC,Americas,2006,1248.17,0.43,70.96,78.0,2.81,0.72,4.72,24.4,2.42,6.36,48.8,0.04,56.11,5.31,20.22,61.5,113.0,45.03
Nicaragua,NIC,Americas,2007,1350.38,0.45,71.2,78.0,3.9,0.78,4.66,23.3,4.48,6.96,48.8,0.37,56.28,4.89,19.47,62.94,106.0,45.68
Nicaragua,NIC,Americas,2008,1523.68,0.44,71.4,78.0,5.3,0.82,4.64,22.3,4.48,7.17,43.9,0.57,56.46,6.2,19.65,66.45,101.0,46.34
Nicaragua,NIC,Americas,2009,1467.08,0.44,71.5,85.61,7.3,0.76,4.63,21.2,4.48,7.69,43.9,0.87,56.65,8.16,22.32,63.68,99.0,47.01
Nicaragua,NIC,Americas,2010,1526.57,0.45,71.76,85.61,10.0,0.71,4.58,20.1,4.48,7.71,43.9,0.3,56.84,7.83,23.21,64.0,96.0,47.68
Nicaragua,NIC,Americas,2011,1679.71,0.45,72.03,85.61,10.6,0.74,4.49,19.0,4.48,7.45,43.9,0.42,57.04,6.61,22.38,63.77,93.0,48.36
Nicaragua,NIC,Americas,2012,1784.7,0.46,72.44,85.61,13.5,0.71,4.56,18.0,4.48,7.49,46.2,1.23,57.23,5.21,32.33,64.67,88.0,49.04
Nicaragua,NIC,Americas,2013,1835.44,0.45,72.55,85.61,15.5,0.83,4.54,17.0,4.08,7.64,46.2,0.41,57.43,5.28,41.39,67.3,86.0,49.72
Nicaragua,NIC,Americas,2014,1958.37,0.45,72.79,87.33,17.6,0.89,4.61,16.0,4.08,7.98,46.2,0.04,57.62,4.52,45.65,65.58,83.0,50.41
Nicaragua,NIC,Americas,2015,2074.46,0.47,72.9,87.33,19.7,0.78,4.49,15.0,4.08,7.96,46.2,0.35,57.81,4.7,43.66,69.26,81.0,51.1
Nicaragua,NIC,Americas,2016,2131.69,0.47,73.18,87.33,24.57,0.92,4.4,14.2,4.08,8.05,46.2,0.23,58.0,3.9,43.49,68.36,77.0,51.79
Nicaragua,NIC,Americas,2017,2182.61,0.46,73.39,87.33,30.4,0.84,4.47,13.4,4.36,8.33,46.2,0.54,58.19,3.3,45.73,65.72,72.0,52.49
Nicaragua,NIC,Americas,2018,2035.17,0.46,73.88,88.39,33.91,0.95,4.2,12.9,4.47,8.5,50.1,0.92,58.37,5.2,50.14,67.26,67.0,53.18
Nicaragua,NIC,Americas,2019,1958.62,0.47,73.76,89.38,39.01,0.88,4.49,12.6,4.6,8.5,48.74,0.1,58.54,5.46,52.21,71.02,69.0,53.88
Nicaragua,NIC,Americas,2020,1938.45,0.48,70.77,90.3,44.87,0.91,4.27,12.5,4.58,8.56,49.38,0.79,58.7,6.18,55.08,69.91,87.0,54.56
Nicaragua,NIC,Americas,2021,2138.39,0.47,70.48,90.55,51.62,0.78,4.29,12.5,4.09,9.55,46.41,0.5,58.86,6.08,55.29,71.27,124.0,55.22
Nicaragua,NIC,Americas,2022,2322.89,0.47,74.46,89.55,59.38,0.92,4.32,12.6,3.8,8.98,51.21,0.84,59.0,4.97,55.29,72.05,61.0,55.93
Nicaragua,NIC,Americas,2023,2609.44,0.48,74.95,90.9,60.3,0.92,4.15,12.0,2.87,8.3,50.3,0.0,59.13,4.7,55.29,71.11,60.0,56.7
Niger,NER,Africa,2000,194.77,0.34,49.17,14.38,0.04,0.17,5.56,108.3,2.57,4.66,51.95,0.48,16.13,1.43,0.39,52.14,845.0,9.09
Niger,NER,Africa,2001,205.42,0.35,49.87,14.38,0.11,0.15,5.52,104.1,2.28,4.73,53.3,0.33,16.27,1.47,0.56,53.81,843.0,9.41
Niger,NER,Africa,2002,225.29,0.34,50.64,14.38,0.13,0.14,5.45,99.4,2.4,4.83,44.4,0.48,16.27,1.81,0.52,53.47,835.0,9.75
Niger,NER,Africa,2003,265.23,0.35,51.54,14.38,0.16,0.19,5.48,94.4,1.94,4.75,44.4,0.49,16.27,2.14,0.57,55.08,813.0,10.1
Niger,NER,Africa,2004,283.47,0.36,52.4,28.67,0.19,0.18,5.27,89.5,1.94,4.98,44.4,0.4,16.27,2.75,0.63,57.71,790.0,10.47
Niger,NER,Africa,2005,318.64,0.36,53.32,28.67,0.22,0.19,5.23,84.9,2.56,5.88,44.4,0.53,16.27,3.1,0.7,56.57,764.0,10.86
Niger,NER,Africa,2006,333.35,0.36,54.22,28.67,0.29,0.18,5.16,80.8,2.56,5.99,44.4,0.04,16.27,2.53,0.83,56.57,737.0,11.26
Niger,NER,Africa,2007,387.17,0.36,55.06,28.67,0.39,0.2,5.16,77.3,3.01,5.43,37.3,0.2,16.26,2.02,0.8,56.85,704.0,11.69
Niger,NER,Africa,2008,475.04,0.37,55.85,28.67,0.7,0.2,5.19,74.5,2.72,5.25,37.3,0.3,16.26,1.58,0.88,57.54,669.0,12.13
Niger,NER,Africa,2009,461.13,0.37,56.49,30.56,0.76,0.21,5.12,72.4,3.34,5.34,37.3,0.45,16.25,1.21,0.78,60.48,647.0,12.59
Niger,NER,Africa,2010,474.43,0.37,57.08,30.56,0.83,0.24,5.06,70.9,2.72,4.96,31.5,0.19,16.24,0.72,1.16,58.83,621.0,13.06
Niger,NER,Africa,2011,510.76,0.38,57.6,30.56,0.9,0.23,4.94,70.0,3.08,4.87,31.5,0.46,16.23,0.32,1.43,60.53,585.0,13.56
Niger,NER,Africa,2012,528.51,0.37,57.99,30.56,1.05,0.24,4.95,69.5,3.19,4.31,31.5,0.56,16.21,2.18,1.63,60.78,554.0,14.08
Niger,NER,Africa,2013,552.1,0.39,58.36,30.56,1.15,0.26,5.09,69.2,3.69,4.47,34.3,0.36,16.22,1.4,1.85,60.81,526.0,14.62
Niger,NER,Africa,2014,565.31,0.38,58.69,29.04,1.25,0.26,4.99,69.1,5.1,4.45,34.3,0.27,16.25,0.52,2.21,61.59,497.0,15.17
Niger,NER,Africa,2015,485.66,0.39,58.85,29.04,2.48,0.29,4.98,69.1,4.49,5.35,34.3,0.05,16.3,0.56,2.15,64.33,473.0,15.74
Niger,NER,Africa,2016,502.71,0.39,59.23,29.04,4.32,0.29,4.78,69.2,2.96,4.53,34.3,0.28,16.39,0.55,1.89,63.43,450.0,16.33
Niger,NER,Africa,2017,521.8,0.38,59.52,33.05,10.22,0.29,4.83,69.3,2.58,5.58,37.3,0.45,16.5,0.56,2.63,63.01,433.0,16.92
Niger,NER,Africa,2018,578.57,0.39,59.76,33.05,10.74,0.28,4.75,69.3,3.45,5.3,37.3,0.15,16.64,0.54,8.6,62.63,420.0,17.52
Niger,NER,Africa,2019,561.69,0.4,60.03,33.05,11.29,0.3,4.7,69.3,3.53,5.67,37.3,0.08,16.81,0.53,6.88,64.02,406.0,18.12
Niger,NER,Africa,2020,579.51,0.4,59.89,33.05,11.86,0.32,4.7,69.1,3.82,6.17,32.9,0.3,17.01,0.59,6.85,67.52,388.0,18.72
Niger,NER,Africa,2021,608.72,0.4,59.54,35.61,12.46,0.31,4.71,68.7,3.82,5.81,32.9,0.56,17.23,0.81,7.83,64.96,396.0,19.34
Niger,NER,Africa,2022,609.75,0.4,60.4,35.61,13.09,0.31,4.88,68.0,3.71,4.35,32.9,0.54,17.48,0.4,7.83,63.4,361.0,19.98
Niger,NER,Africa,2023,638.34,0.4,61.18,35.61,12.98,0.3,4.53,66.9,4.07,4.05,32.9,0.0,17.75,0.41,7.83,64.86,350.0,20.65
Nigeria,NGA,Africa,2000,547.32,0.42,47.14,54.77,0.06,0.75,4.98,94.9,4.94,3.2,40.1,0.12,43.28,3.95,5.47,57.39,1136.0,138.76
Nigeria,NGA,Africa,2001,566.43,0.43,47.55,54.77,0.09,0.77,4.98,91.8,5.15,3.19,40.1,0.42,44.13,3.9,1.88,61.07,1130.0,142.59
Nigeria,NGA,Africa,2002,712.16,0.43,48.02,54.77,0.32,0.6,4.92,88.6,4.42,2.49,40.1,0.14,44.98,3.67,4.96,60.1,1117.0,146.55
Nigeria,NGA,Africa,2003,763.39,0.44,48.62,54.77,0.56,0.77,4.74,85.6,4.8,5.05,40.1,0.47,45.84,3.64,1.55,62.05,1090.0,150.64
Nigeria,NGA,Africa,2004,962.48,0.44,49.15,54.77,1.29,0.86,4.81,82.7,5.33,4.63,40.1,0.16,46.7,3.59,1.02,61.98,1075.0,154.88
Nigeria,NGA,Africa,2005,1211.38,0.43,49.54,70.2,3.55,0.84,4.78,80.0,4.94,4.47,40.1,0.28,47.57,3.73,22.2,63.37,1060.0,159.22
Nigeria,NGA,Africa,2006,1599.54,0.45,49.88,70.2,5.55,0.7,4.76,77.7,5.33,4.26,40.1,0.0,48.42,3.75,18.4,63.67,1067.0,163.68
Nigeria,NGA,Africa,2007,1815.53,0.44,50.38,70.2,6.77,0.81,4.68,75.6,5.18,3.91,35.7,0.01,49.24,3.79,6.6,62.98,1063.0,168.28
Nigeria,NGA,Africa,2008,2154.11,0.45,50.75,70.2,8.0,0.74,4.65,73.8,4.97,3.7,35.7,0.16,50.05,3.79,7.68,63.37,1081.0,173.03
Nigeria,NGA,Africa,2009,1820.49,0.44,51.08,70.2,9.3,0.89,4.6,72.3,0.55,3.58,35.7,0.02,50.86,3.76,13.76,64.42,1088.0,177.93
Nigeria,NGA,Africa,2010,2202.26,0.45,51.32,85.05,11.5,0.9,4.6,71.1,0.55,3.3,35.7,0.07,51.68,3.74,3.02,64.97,1094.0,182.97
Nigeria,NGA,Africa,2011,2418.41,0.45,51.49,84.94,13.8,0.89,4.63,70.0,0.55,3.32,35.7,0.22,52.49,3.77,5.95,63.39,1108.0,188.17
Nigeria,NGA,Africa,2012,2633.2,0.46,51.69,85.77,16.1,0.78,4.48,69.1,0.55,3.36,35.5,0.01,53.3,3.76,10.3,66.96,1124.0,193.46
Nigeria,NGA,Africa,2013,2872.79,0.46,51.83,58.22,19.1,0.85,4.49,68.5,0.53,3.42,35.5,0.36,54.11,3.71,2.4,67.74,1146.0,198.79
Nigeria,NGA,Africa,2014,3088.72,0.46,51.94,58.22,21.0,0.76,4.39,68.1,0.47,3.35,35.9,0.5,54.92,3.9,2.01,66.18,1155.0,204.11
Nigeria,NGA,Africa,2015,2585.73,0.46,51.94,58.22,22.51,0.87,4.45,68.0,0.44,3.58,35.9,0.14,55.73,4.13,0.08,69.74,1168.0,209.35
Nigeria,NGA,Africa,2016,2070.41,0.47,52.19,58.22,24.14,0.94,4.53,68.1,0.39,3.65,35.9,0.5,56.54,4.5,0.09,67.38,1155.0,214.59
Nigeria,NGA,Africa,2017,1876.34,0.48,52.4,58.22,25.88,0.85,4.29,68.3,0.4,3.75,35.1,0.15,57.35,4.83,0.16,68.77,1142.0,219.87
Nigeria,NGA,Africa,2018,2057.88,0.48,52.67,58.22,27.74,0.92,4.37,68.7,0.42,3.09,35.1,0.48,58.16,5.07,0.18,70.33,1118.0,225.02
Nigeria,NGA,Africa,2019,3189.81,0.48,53.01,63.16,29.74,0.94,4.3,69.1,0.36,2.99,35.1,0.41,58.96,5.21,0.46,70.98,1091.0,230.01
Nigeria,NGA,Africa,2020,2797.18,0.48,53.07,63.16,31.89,0.79,4.17,69.5,0.36,3.38,35.1,0.75,59.77,5.71,32.59,71.71,1065.0,234.96
Nigeria,NGA,Africa,2021,2787.49,0.48,53.46,63.16,35.51,0.92,4.12,69.9,0.38,4.08,33.9,0.6,60.57,5.4,12.69,70.2,1046.0,239.94
Nigeria,NGA,Africa,2022,2899.16,0.49,54.08,63.16,39.15,0.99,4.08,70.2,0.35,4.21,33.9,0.27,61.37,3.83,9.95,72.85,1016.0,245.01
Nigeria,NGA,Africa,2023,2138.76,0.49,54.46,70.41,40.06,0.93,4.21,70.1,0.32,4.19,33.9,0.53,62.17,3.07,9.15,71.85,993.0,250.21
Norway,NOR,Europe,2000,38178.24,0.93,78.63,95.27,52.0,24.91,1.86,3.9,6.46,7.7,27.4,1.78,76.13,3.46,0.2,94.84,5.0,12.3
Norway,NOR,Europe,2001,38601.9,0.93,78.79,93.92,64.0,20.49,1.9,3.8,6.82,8.01,27.4,2.12,76.4,3.74,0.24,92.76,5.0,12.36
Norway,NOR,Europe,2002,43170.56,0.94,78.99,97.11,72.84,19.19,1.73,3.7,7.42,8.98,27.6,2.59,76.8,4.02,0.25,94.62,5.0,12.43
Norway,NOR,Europe,2003,50250.33,0.95,79.39,95.46,78.13,28.11,1.69,3.6,7.4,9.19,27.6,2.06,77.26,4.22,0.52,93.17,5.0,12.5
Norway,NOR,Europe,2004,57768.7,0.94,79.84,97.21,77.69,25.66,1.92,3.4,7.28,8.8,31.6,2.12,77.57,4.26,0.56,93.57,6.0,12.57
Norway,NOR,Europe,2005,67047.17,0.94,80.04,98.09,81.99,29.51,1.73,3.3,6.84,8.3,30.6,1.8,77.83,4.38,0.61,95.65,6.0,12.66
Norway,NOR,Europe,2006,74434.5,0.95,80.34,96.93,82.55,27.42,1.92,3.2,6.36,7.88,26.4,1.95,78.09,3.4,0.85,96.62,5.0,12.76
Norway,NOR,Europe,2007,85502.27,0.96,80.4,99.29,86.93,26.3,1.67,3.0,6.51,8.02,27.1,1.94,78.41,2.49,0.94,97.65,5.0,12.89
Norway,NOR,Europe,2008,97503.54,0.96,80.59,99.19,90.57,25.51,1.51,2.9,6.25,7.92,27.0,2.39,78.75,2.52,0.93,96.69,5.0,13.05
Norway,NOR,Europe,2009,80347.57,0.95,80.8,98.98,92.08,31.12,1.62,2.8,7.07,9.03,26.2,2.03,79.06,3.1,0.92,98.85,4.0,13.22
Norway,NOR,Europe,2010,88163.21,0.96,81.0,98.67,93.39,24.38,1.65,2.7,6.71,8.86,25.7,2.13,79.25,3.53,1.0,99.9,4.0,13.39
Norway,NOR,Europe,2011,101221.81,0.96,81.3,99.9,93.49,26.74,1.41,2.6,6.41,8.73,25.3,1.78,79.31,3.2,1.28,99.85,4.0,13.56
Norway,NOR,Europe,2012,102175.92,0.97,81.45,99.9,94.65,27.26,1.4,2.5,7.33,8.72,25.7,2.36,79.49,3.13,1.28,99.81,3.0,13.74
Norway,NOR,Europe,2013,103553.84,0.97,81.75,99.9,95.05,28.78,1.55,2.4,7.44,8.87,26.4,1.69,79.97,3.42,1.71,99.9,3.0,13.91
Norway,NOR,Europe,2014,97666.7,0.97,82.1,99.9,96.3,21.62,1.44,2.3,7.64,9.28,26.8,1.81,80.61,3.49,1.75,99.9,2.0,14.07
Norway,NOR,Europe,2015,74809.97,0.98,82.3,99.9,96.81,25.44,1.49,2.2,7.52,10.07,27.5,2.6,81.24,4.3,1.92,99.9,2.0,14.21
Norway,NOR,Europe,2016,70867.36,0.98,82.41,99.9,97.3,26.71,1.24,2.1,7.98,10.53,28.5,2.18,81.68,4.68,1.59,99.9,2.0,14.34
Norway,NOR,Europe,2017,76131.84,0.98,82.61,99.9,96.36,26.09,1.32,2.1,7.85,10.23,27.0,2.8,81.97,4.16,2.11,99.9,2.0,14.45
Norway,NOR,Europe,2018,82792.84,0.99,82.76,99.9,96.49,27.79,1.33,2.0,7.6,9.96,27.6,2.08,82.25,3.8,2.82,99.9,2.0,14.55
Norway,NOR,Europe,2019,76430.59,0.99,82.96,99.9,98.0,30.11,1.33,2.0,7.86,10.44,27.7,2.34,82.49,3.68,4.36,99.9,2.0,14.65
Norway,NOR,Europe,2020,68340.02,0.99,83.21,99.9,94.61,26.43,1.29,2.0,8.37,11.42,28.4,2.45,82.7,4.42,6.63,99.9,2.0,14.77
Norway,NOR,Europe,2021,93072.89,0.99,83.16,99.9,99.0,23.05,1.12,1.9,6.96,9.81,29.1,2.8,82.86,4.36,7.69,99.9,2.0,14.85
Norway,NOR,Europe,2022,109269.52,1.0,82.51,99.9,99.0,21.61,1.15,2.0,5.43,7.91,26.9,2.8,82.96,3.23,7.69,99.9,3.0,14.98
Norway,NOR,Europe,2023,87497.22,0.99,83.01,99.9,99.0,29.22,1.05,2.0,5.43,9.43,26.5,2.0,83.07,3.57,7.69,99.9,1.0,15.15
Pakistan,PAK,Asia,2000,642.34,0.39,61.9,42.7,0.06,0.46,5.02,88.8,1.84,2.48,28.7,0.01,33.0,0.61,3.29,55.89,419.0,200.91
Pakistan,PAK,Asia,2001,609.94,0.39,62.24,42.7,1.32,0.46,5.13,86.6,1.84,2.34,28.7,0.83,33.2,0.61,0.43,58.83,400.0,206.61
Pakistan,PAK,Asia,2002,599.94,0.4,62.56,49.87,2.58,0.54,5.19,84.7,1.84,2.42,28.7,1.17,33.39,0.62,35.67,60.15,380.0,211.74
Pakistan,PAK,Asia,2003,672.44,0.4,62.83,49.87,5.04,0.39,5.03,83.0,1.44,2.1,30.9,0.71,33.57,0.61,2.78,58.33,358.0,216.78
Pakistan,PAK,Asia,2004,771.9,0.4,63.1,49.87,6.16,0.44,4.94,81.4,1.44,2.04,30.9,0.55,33.74,0.6,2.63,60.23,333.0,222.2
Pakistan,PAK,Asia,2005,827.62,0.41,62.42,49.87,6.33,0.44,4.8,80.0,1.67,2.37,31.3,0.14,33.92,0.58,4.76,61.75,316.0,227.6
Pakistan,PAK,Asia,2006,900.87,0.41,63.62,54.15,6.5,0.51,5.03,78.6,1.98,2.73,31.3,0.17,34.09,0.58,0.58,59.38,284.0,233.09
Pakistan,PAK,Asia,2007,998.09,0.41,63.81,52.14,6.8,0.5,4.89,77.3,2.23,2.62,29.7,0.34,34.27,0.4,3.11,60.72,265.0,239.33
Pakistan,PAK,Asia,2008,1067.04,0.42,64.0,55.53,7.0,0.44,4.81,75.9,2.27,2.57,29.7,0.91,34.45,0.42,2.48,63.5,254.0,245.82
Pakistan,PAK,Asia,2009,963.79,0.42,64.21,54.89,7.5,0.52,4.81,74.4,2.18,2.5,28.8,0.2,34.63,0.54,1.63,63.09,246.0,252.15
Pakistan,PAK,Asia,2010,987.3,0.42,64.38,55.38,8.0,0.58,4.85,72.8,2.05,2.43,28.8,0.38,34.82,0.65,0.53,62.53,240.0,258.46
Pakistan,PAK,Asia,2011,1131.74,0.42,64.66,54.74,8.0,0.51,4.79,71.1,2.0,2.23,29.7,0.62,35.01,0.8,3.46,63.28,234.0,264.3
Pakistan,PAK,Asia,2012,1204.36,0.42,64.88,56.76,8.1,0.49,4.65,69.3,1.98,2.22,29.7,0.28,35.22,3.67,1.12,65.08,227.0,269.39
Pakistan,PAK,Asia,2013,1225.43,0.42,65.13,55.59,9.0,0.57,4.81,67.4,2.24,2.42,29.5,0.95,35.43,2.95,1.19,62.08,220.0,273.81
Pakistan,PAK,Asia,2014,1266.61,0.44,65.37,56.98,10.0,0.55,4.8,65.5,2.2,2.49,29.5,0.71,35.66,1.83,2.22,65.32,211.0,277.95
Pakistan,PAK,Asia,2015,1380.47,0.43,65.64,56.98,11.0,0.42,4.56,63.6,2.39,2.49,31.3,0.08,35.9,3.57,2.01,64.85,202.0,281.87
Pakistan,PAK,Asia,2016,1424.69,0.44,65.94,59.13,12.39,0.56,4.55,61.7,2.67,2.57,31.3,1.08,36.16,2.28,4.64,65.93,193.0,285.57
Pakistan,PAK,Asia,2017,1519.23,0.45,66.22,59.13,13.78,0.62,4.46,59.8,2.58,2.79,29.6,2.34,36.44,3.2,6.41,66.87,184.0,289.64
Pakistan,PAK,Asia,2018,1569.34,0.45,66.48,57.01,15.34,0.6,4.64,58.1,2.33,2.83,29.6,0.0,36.75,4.08,7.6,67.16,178.0,294.38
Pakistan,PAK,Asia,2019,1390.42,0.45,66.73,58.0,17.07,0.63,4.45,56.3,2.21,2.85,29.6,1.11,37.11,4.83,6.64,67.09,173.0,299.4
Pakistan,PAK,Asia,2020,1278.4,0.45,65.7,58.0,18.93,0.57,4.3,54.6,2.06,2.95,29.6,0.91,37.51,5.99,8.52,70.57,178.0,304.85
Pakistan,PAK,Asia,2021,1455.32,0.44,65.77,58.86,18.93,0.58,4.49,53.0,1.69,2.99,29.6,0.77,37.93,6.34,7.81,68.31,193.0,310.66
Pakistan,PAK,Asia,2022,1538.32,0.46,67.42,58.86,18.93,0.54,4.36,51.3,1.97,2.9,33.5,0.76,38.37,5.29,7.81,70.76,160.0,316.13
Pakistan,PAK,Asia,2023,1360.32,0.46,67.65,58.86,57.25,0.64,4.19,49.7,1.95,2.52,33.5,0.04,38.82,5.24,7.81,70.86,155.0,321.07
Panama,PAN,Americas,2000,3975.09,0.6,73.44,91.9,6.55,4.51,3.92,20.5,4.89,6.98,56.6,1.05,62.22,6.19,4.43,71.9,64.0,40.49
Panama,PAN,Americas,2001,3991.78,0.6,73.82,91.9,7.27,4.55,3.82,19.9,4.19,6.92,56.7,1.61,62.63,6.29,4.0,70.31,62.0,41.29
Panama,PAN,Americas,2002,4090.59,0.61,74.19,91.9,8.52,4.19,3.79,19.3,4.25,7.06,56.1,0.3,63.03,6.3,3.15,71.44,59.0,42.1
Panama,PAN,Americas,2003,4264.66,0.61,74.57,91.9,9.99,5.25,3.86,18.7,4.2,6.71,55.6,0.31,63.41,6.3,3.48,74.65,58.0,42.91
Panama,PAN,Americas,2004,4644.57,0.61,74.84,87.54,11.14,4.98,3.67,18.0,3.56,7.08,54.8,0.67,63.76,6.1,3.69,73.64,57.0,43.73
Panama,PAN,Americas,2005,5017.74,0.61,75.16,89.62,11.48,4.47,3.7,17.4,3.56,6.21,53.8,1.24,64.07,5.97,3.5,71.45,57.0,44.57
Panama,PAN,Americas,2006,5528.77,0.61,75.43,89.76,17.35,4.38,3.64,16.9,3.56,6.55,54.6,0.65,64.36,5.79,3.4,74.72,56.0,45.4
Panama,PAN,Americas,2007,6317.82,0.62,75.68,94.09,22.29,4.53,3.64,16.3,3.43,7.35,52.7,0.62,64.6,5.66,3.0,74.45,55.0,46.24
Panama,PAN,Americas,2008,7347.59,0.62,75.94,94.09,33.82,4.58,3.72,15.8,3.43,6.8,52.7,0.49,64.81,5.64,3.26,74.07,55.0,47.09
Panama,PAN,Americas,2009,7796.93,0.62,76.23,94.09,39.08,4.44,3.62,15.3,3.43,6.99,51.8,0.73,64.97,5.86,2.83,74.6,55.0,47.95
Panama,PAN,Americas,2010,8331.46,0.63,76.42,94.09,40.1,4.89,3.62,14.9,3.07,7.22,51.6,1.03,65.09,5.84,2.91,76.56,56.0,48.81
Panama,PAN,Americas,2011,9662.3,0.62,76.66,94.09,42.7,4.72,3.58,14.5,3.07,6.83,51.3,0.62,65.19,4.03,2.76,78.58,55.0,49.68
Panama,PAN,Americas,2012,11064.81,0.63,76.88,94.09,40.3,4.56,3.48,14.2,3.07,6.5,51.7,0.52,65.28,3.69,2.56,77.92,53.0,50.57
Panama,PAN,Americas,2013,12273.32,0.63,77.13,94.09,44.03,4.91,3.45,14.0,3.08,6.52,51.5,0.82,65.37,3.67,3.26,76.67,52.0,51.46
Panama,PAN,Americas,2014,13213.2,0.64,77.36,93.02,44.92,4.2,3.36,13.8,3.08,6.92,50.5,1.24,65.45,4.39,4.14,79.02,49.0,52.51
Panama,PAN,Americas,2015,14082.65,0.65,77.58,95.41,51.21,3.84,3.29,13.6,3.27,6.94,50.8,0.93,65.53,4.34,6.98,81.48,48.0,53.43
Panama,PAN,Americas,2016,14832.36,0.64,77.77,95.41,54.0,4.11,3.25,13.5,3.32,7.09,50.4,0.98,65.6,4.72,9.0,81.27,47.0,54.36
Panama,PAN,Americas,2017,15694.63,0.64,77.9,95.41,59.95,5.23,3.34,13.3,3.38,7.16,49.9,0.98,65.66,5.34,8.46,80.59,47.0,55.3
Panama,PAN,Americas,2018,16151.33,0.64,78.27,95.41,61.81,4.39,3.28,12.9,3.45,7.6,49.2,0.83,65.71,5.16,10.31,78.28,43.0,56.19
Panama,PAN,Americas,2019,16477.91,0.65,78.51,95.74,63.63,4.8,3.28,12.6,3.28,8.14,49.8,0.3,65.75,6.26,11.19,81.33,41.0,57.09
Panama,PAN,Americas,2020,13290.56,0.65,76.33,95.74,64.82,4.64,3.18,12.2,4.3,10.22,49.8,0.97,65.79,14.66,11.22,82.09,74.0,57.88
Panama,PAN,Americas,2021,15509.81,0.65,77.0,96.21,66.04,4.97,3.24,12.0,3.71,9.14,50.9,1.32,65.81,10.18,10.37,80.84,59.0,58.58
Panama,PAN,Americas,2022,17378.61,0.66,79.32,96.21,67.28,3.89,3.13,11.9,3.38,9.05,50.9,0.83,65.82,8.09,10.37,83.44,40.0,59.33
Panama,PAN,Americas,2023,18797.19,0.67,79.59,96.09,68.55,4.72,3.07,11.9,2.47,8.33,48.9,0.03,65.86,6.54,10.37,85.16,37.0,60.11
Peru,PER,Americas,2000,1945.41,0.51,69.82,84.08,3.08,2.56,4.34,30.1,3.23,4.41,49.1,0.19,72.77,4.96,0.73,63.95,115.0,20.78
Peru,PER,Americas,2001,1929.57,0.52,70.32,87.67,7.58,2.14,4.34,27.8,3.04,4.72,51.3,0.74,73.16,5.07,0.59,66.02,109.0,21.07
Peru,PER,Americas,2002,2007.37,0.52,70.82,87.67,8.97,2.69,4.42,25.9,2.82,4.94,53.6,0.43,73.55,4.84,0.77,65.6,106.0,21.32
Peru,PER,Americas,2003,2129.44,0.52,71.28,87.67,11.6,1.84,4.3,24.2,2.94,4.59,53.1,0.16,73.96,4.15,0.77,66.15,104.0,21.55
Peru,PER,Americas,2004,2397.25,0.53,71.45,87.67,14.1,2.25,4.32,22.7,2.96,4.43,49.9,0.0,74.38,4.71,0.64,69.79,107.0,21.76
Peru,PER,Americas,2005,2706.67,0.52,71.99,87.91,17.1,2.61,4.39,21.3,2.84,4.67,50.4,0.35,74.82,4.87,0.33,68.7,103.0,21.95
Peru,PER,Americas,2006,3129.56,0.52,72.34,88.7,20.7,2.18,4.16,20.1,2.65,4.41,50.3,0.18,75.28,4.17,0.23,66.25,99.0,22.13
Peru,PER,Americas,2007,3581.09,0.53,72.75,89.59,25.2,1.88,4.3,19.1,2.63,4.43,50.0,0.57,75.76,4.08,0.53,69.15,94.0,22.29
Peru,PER,Americas,2008,4197.58,0.53,72.74,89.59,30.57,2.24,4.24,18.1,2.87,4.53,47.5,0.35,76.27,4.03,0.67,69.86,91.0,22.44
Peru,PER,Americas,2009,4181.19,0.54,72.63,89.59,31.4,2.42,4.07,17.3,3.14,4.96,47.0,0.5,76.82,3.96,1.93,69.94,89.0,22.58
Peru,PER,Americas,2010,5072.11,0.54,72.89,93.84,34.77,2.22,3.97,16.5,2.87,4.71,45.5,0.34,77.4,3.6,0.7,72.04,86.0,22.72
Peru,PER,Americas,2011,5861.36,0.55,73.33,93.84,36.01,2.38,3.99,15.8,2.66,4.52,44.7,0.39,78.01,3.48,0.67,70.63,83.0,22.89
Peru,PER,Americas,2012,6519.38,0.54,73.98,93.84,38.2,2.31,3.98,15.2,2.92,4.73,44.4,0.3,78.65,3.24,3.05,71.08,79.0,23.09
Peru,PER,Americas,2013,6746.8,0.55,74.59,93.84,39.2,2.64,4.1,14.7,3.3,4.71,43.9,0.22,79.31,3.58,1.66,72.4,75.0,23.3
Peru,PER,Americas,2014,6667.13,0.56,75.26,93.71,40.24,2.34,4.01,14.2,3.7,4.91,43.1,1.01,79.99,3.21,2.2,74.08,73.0,23.53
Peru,PER,Americas,2015,6231.71,0.56,75.73,94.16,40.85,2.67,3.98,13.8,3.97,4.9,43.4,0.82,80.7,3.27,1.72,73.83,71.0,23.8
Peru,PER,Americas,2016,6217.04,0.55,75.95,94.17,45.46,2.24,4.02,13.4,3.81,4.89,43.6,0.11,81.42,3.74,3.52,74.16,69.0,24.11
Peru,PER,Americas,2017,6736.17,0.57,75.96,94.15,50.45,2.42,3.82,13.1,3.93,4.81,43.3,0.07,82.19,3.69,3.31,76.13,67.0,24.47
Peru,PER,Americas,2018,6978.49,0.56,76.02,94.41,55.05,2.41,3.8,12.8,3.71,5.08,42.4,0.62,82.69,3.49,5.03,75.27,66.0,24.92
Peru,PER,Americas,2019,7037.01,0.57,76.28,94.41,59.95,2.37,3.81,12.5,3.82,5.13,41.5,0.54,83.1,3.38,4.95,77.43,60.0,25.35
Peru,PER,Americas,2020,6133.33,0.56,73.83,94.5,65.25,2.4,3.64,12.2,4.26,6.35,43.7,0.65,83.53,7.18,6.23,75.64,75.0,25.66
Peru,PER,Americas,2021,6826.2,0.57,71.6,94.5,71.11,2.37,3.85,11.9,3.93,6.67,40.1,0.43,83.95,5.1,5.78,77.65,141.0,25.9
Peru,PER,Americas,2022,7350.63,0.57,76.83,94.5,74.67,2.22,3.6,11.6,3.84,6.1,40.3,0.26,84.37,4.29,5.78,76.69,81.0,26.15
Peru,PER,Americas,2023,7887.54,0.58,77.74,93.66,79.48,2.74,3.59,11.3,4.25,5.64,40.7,0.81,84.78,4.9,5.78,79.17,51.0,26.44
Philippines,PHL,Asia,2000,1050.79,0.47,67.79,92.6,1.98,1.13,4.74,27.3,3.16,3.06,47.7,0.72,39.14,3.77,25.73,62.38,127.0,267.05
Philippines,PHL,Asia,2001,969.53,0.46,67.83,92.6,2.52,1.13,4.74,26.8,2.92,2.85,47.7,0.22,39.54,3.7,22.25,60.69,132.0,273.0
Philippines,PHL,Asia,2002,1014.91,0.47,67.89,92.59,4.33,1.3,4.66,26.4,2.89,2.64,46.6,0.95,39.96,3.62,21.19,62.8,126.0,278.6
Philippines,PHL,Asia,2003,1027.23,0.47,68.05,92.59,4.86,1.18,4.7,25.9,2.94,3.08,46.6,0.56,40.39,3.53,18.6,62.49,127.0,284.17
Philippines,PHL,Asia,2004,1099.63,0.46,68.3,92.59,5.24,1.11,4.81,25.4,2.47,3.05,46.6,0.22,40.85,3.55,18.42,63.91,122.0,289.75
Philippines,PHL,Asia,2005,1220.46,0.47,68.42,92.59,5.4,1.27,4.6,25.0,2.33,3.74,47.2,0.11,41.33,3.8,17.59,64.81,118.0,295.19
Philippines,PHL,Asia,2006,1426.15,0.48,68.17,95.42,5.74,1.39,4.47,24.5,2.43,3.78,47.2,0.01,41.83,4.05,18.58,66.29,129.0,300.19
Philippines,PHL,Asia,2007,1712.66,0.47,68.55,95.42,5.97,1.32,4.61,24.1,2.49,3.75,47.2,0.26,42.35,3.43,17.29,66.01,123.0,305.45
Philippines,PHL,Asia,2008,1959.29,0.49,68.64,95.42,6.22,1.29,4.5,23.7,2.58,3.86,46.3,0.43,43.15,3.72,17.8,65.14,123.0,310.89
Philippines,PHL,Asia,2009,1864.45,0.48,68.63,95.42,9.0,1.01,4.43,23.3,2.54,4.16,46.3,0.2,44.34,3.86,16.87,65.88,122.0,316.55
Philippines,PHL,Asia,2010,2162.91,0.49,68.88,97.09,25.0,1.49,4.42,23.0,2.54,4.13,46.3,0.19,45.52,3.6,14.86,66.85,117.0,323.09
Philippines,PHL,Asia,2011,2383.92,0.49,69.1,97.09,29.0,1.23,4.6,22.7,2.54,4.03,46.5,0.53,46.68,3.59,14.74,66.82,115.0,329.51
Philippines,PHL,Asia,2012,2614.62,0.49,69.24,96.4,30.8,1.22,4.26,22.4,2.66,4.18,46.5,0.27,47.92,3.5,14.49,68.85,110.0,335.97
Philippines,PHL,Asia,2013,2781.28,0.5,69.28,96.4,32.7,1.27,4.28,22.2,2.66,4.27,46.5,0.25,49.13,3.5,13.23,70.42,110.0,342.34
Philippines,PHL,Asia,2014,2866.84,0.5,69.31,96.4,34.7,1.25,4.31,22.1,2.66,3.7,44.6,0.25,50.24,3.6,13.91,68.74,106.0,348.01
Philippines,PHL,Asia,2015,2909.86,0.5,69.45,98.18,36.9,1.32,4.23,22.1,2.83,3.9,44.6,0.51,51.15,3.07,15.01,70.08,104.0,353.2
Philippines,PHL,Asia,2016,2985.2,0.5,69.49,98.18,39.2,1.19,4.16,22.2,3.3,3.95,44.6,0.64,51.91,2.7,15.39,70.18,98.0,357.97
Philippines,PHL,Asia,2017,3038.12,0.51,69.97,98.18,41.6,1.07,4.12,22.3,3.96,3.96,42.3,0.28,52.6,2.55,14.5,71.49,86.0,362.61
Philippines,PHL,Asia,2018,3168.51,0.51,69.76,96.28,44.1,1.31,4.08,22.5,3.86,3.95,42.3,0.46,53.21,2.34,14.08,69.32,92.0,367.12
Philippines,PHL,Asia,2019,3400.79,0.52,69.68,96.28,43.03,1.5,4.07,22.6,3.41,4.17,42.3,0.57,53.72,2.24,13.37,70.44,92.0,371.62
Philippines,PHL,Asia,2020,3227.58,0.51,70.1,98.47,53.76,1.42,4.19,22.7,3.86,5.16,40.7,0.57,54.11,2.52,14.32,72.6,88.0,375.9
Philippines,PHL,Asia,2021,3484.39,0.52,66.68,98.47,66.91,1.62,4.07,22.6,3.87,5.98,40.7,0.63,54.45,3.4,13.98,73.5,153.0,379.32
Philippines,PHL,Asia,2022,3548.07,0.51,69.47,98.47,75.21,1.43,3.95,22.4,3.58,5.16,40.7,0.64,54.79,2.6,13.98,73.67,92.0,382.21
Philippines,PHL,Asia,2023,3804.08,0.52,69.83,98.47,77.87,1.34,4.04,22.0,3.62,5.1,39.3,0.17,55.12,2.2,13.98,74.92,84.0,385.32
Poland,POL,Europe,2000,4520.64,0.62,73.75,86.49,7.29,5.07,3.69,8.1,4.96,5.27,33.0,0.62,61.75,14.93,0.16,71.09,7.0,124.91
Poland,POL,Europe,2001,5015.24,0.63,74.2,87.61,9.9,5.53,3.85,7.6,5.29,5.64,32.8,0.08,61.76,18.43,0.31,72.5,6.0,124.88
Poland,POL,Europe,2002,5223.45,0.62,74.5,88.29,21.15,5.28,3.78,7.3,5.37,6.05,34.1,0.83,61.76,20.21,0.34,72.22,5.0,124.82
Poland,POL,Europe,2003,5720.81,0.64,74.6,89.24,24.87,5.96,3.72,7.0,5.31,5.93,34.9,0.91,61.73,19.9,0.38,72.04,5.0,124.75
Poland,POL,Europe,2004,6711.73,0.63,74.85,88.92,32.53,5.05,3.49,6.8,5.33,5.84,38.0,0.49,61.66,18.82,0.73,76.87,4.0,124.64
Poland,POL,Europe,2005,8043.92,0.64,75.0,88.49,38.81,5.93,3.59,6.5,5.41,5.79,35.8,1.14,61.55,17.59,1.05,75.25,4.0,124.59
Poland,POL,Europe,2006,9068.86,0.64,75.14,91.21,44.58,6.76,3.65,6.3,5.19,5.78,34.7,0.46,61.42,13.79,1.39,76.36,4.0,124.51
Poland,POL,Europe,2007,11272.53,0.64,75.24,89.63,48.6,4.82,3.65,6.0,4.86,5.86,34.0,0.33,61.28,9.55,1.96,74.51,3.0,124.45
Poland,POL,Europe,2008,14048.56,0.65,75.54,91.78,53.13,6.49,3.57,5.8,5.02,6.35,33.5,0.59,61.13,7.07,2.9,75.7,3.0,124.47
Poland,POL,Europe,2009,11556.3,0.65,75.7,91.46,58.97,5.37,3.48,5.4,4.98,6.57,33.4,0.54,60.98,8.13,4.2,79.01,3.0,124.56
Poland,POL,Europe,2010,12567.73,0.66,76.25,93.63,62.32,6.92,3.39,5.1,5.08,6.44,33.2,1.22,60.85,9.58,5.19,79.0,3.0,124.21
Poland,POL,Europe,2011,13867.67,0.65,76.7,91.4,61.95,5.4,3.38,4.9,4.83,6.25,33.2,0.82,60.74,9.58,6.7,79.45,2.0,124.3
Poland,POL,Europe,2012,13087.42,0.65,76.75,93.18,62.31,5.72,3.35,4.7,4.83,6.23,33.0,1.17,60.63,10.03,9.24,78.4,2.0,124.3
Poland,POL,Europe,2013,13621.9,0.66,77.0,93.53,62.85,5.92,3.31,4.5,5.0,6.45,33.1,1.27,60.53,10.29,8.94,81.45,2.0,124.23
Poland,POL,Europe,2014,14262.28,0.67,77.6,93.81,66.6,5.73,3.28,4.3,4.94,6.39,32.8,0.34,60.43,8.97,11.16,79.15,2.0,124.14
Poland,POL,Europe,2015,12637.52,0.67,77.45,94.6,68.0,5.7,3.04,4.2,4.79,6.36,31.8,0.94,60.34,7.48,12.72,82.15,2.0,124.06
Poland,POL,Europe,2016,12464.01,0.68,77.85,93.49,73.3,5.48,3.19,4.1,4.63,6.55,31.2,0.94,60.24,6.14,12.42,80.7,2.0,124.01
Poland,POL,Europe,2017,13913.34,0.68,77.75,95.58,75.99,5.31,3.07,4.0,4.54,6.54,29.7,1.13,60.15,4.87,12.67,81.69,2.0,124.02
Poland,POL,Europe,2018,15658.21,0.67,77.6,96.85,77.54,7.05,3.05,3.9,4.56,6.25,30.2,0.55,60.05,3.84,11.57,82.44,2.0,124.03
Poland,POL,Europe,2019,15874.52,0.68,77.9,95.68,80.44,6.01,3.05,3.8,4.63,6.39,28.8,0.78,59.96,3.27,14.35,84.04,2.0,124.03
Poland,POL,Europe,2020,16150.93,0.69,76.4,97.1,83.18,6.08,2.9,3.8,4.8,6.43,28.5,0.89,59.87,3.16,16.54,84.65,3.0,122.55
Poland,POL,Europe,2021,18635.51,0.69,75.35,96.79,85.37,5.19,3.07,3.7,4.62,6.37,28.5,1.32,59.81,3.27,15.73,86.25,2.0,120.82
Poland,POL,Europe,2022,18891.21,0.69,77.16,97.1,86.94,4.99,2.86,3.7,4.31,6.47,28.9,0.89,59.83,2.81,15.73,84.17,2.0,120.3
Poland,POL,Europe,2023,22145.27,0.7,78.26,98.3,86.41,5.4,2.94,3.7,4.31,7.14,28.5,1.38,59.89,2.74,15.73,86.22,2.0,119.79
Portugal,PRT,Europe,2000,11526.37,0.68,76.31,88.92,16.43,8.13,3.3,5.5,5.16,8.6,38.8,1.01,54.41,3.81,3.53,76.38,9.0,112.46
Portugal,PRT,Europe,2001,11734.76,0.68,76.81,89.68,18.09,7.77,3.26,5.1,5.34,8.63,38.8,0.48,55.07,3.83,3.67,79.52,9.0,113.25
Portugal,PRT,Europe,2002,12936.69,0.69,77.07,90.78,19.37,8.77,3.31,4.7,5.26,8.79,38.8,1.38,55.79,4.5,4.19,78.72,9.0,113.88
Portugal,PRT,Europe,2003,15797.78,0.69,77.22,90.0,29.67,8.3,3.3,4.3,5.28,9.12,38.8,0.75,56.59,6.13,4.23,79.06,8.0,114.3
Portugal,PRT,Europe,2004,18064.16,0.68,77.67,89.7,31.78,7.73,3.1,3.9,5.05,9.53,38.9,1.14,57.42,6.32,5.42,78.56,8.0,114.58
Portugal,PRT,Europe,2005,18780.13,0.69,78.07,90.25,34.99,6.29,3.21,3.7,5.07,9.65,38.5,0.99,58.25,7.58,7.58,78.3,8.0,114.83
Portugal,PRT,Europe,2006,19839.45,0.69,78.42,90.86,38.01,8.76,3.26,3.4,4.91,9.35,38.1,0.69,59.03,7.65,9.63,80.16,8.0,115.04
Portugal,PRT,Europe,2007,22811.06,0.7,78.32,91.77,42.09,8.7,3.12,3.3,4.92,9.25,36.8,1.12,59.75,7.96,12.97,80.72,8.0,115.26
Portugal,PRT,Europe,2008,24949.04,0.69,78.52,94.48,44.13,7.29,3.13,3.2,4.7,9.58,36.6,1.42,60.35,7.55,17.06,78.98,9.0,115.43
Portugal,PRT,Europe,2009,23151.22,0.7,78.73,94.48,48.27,8.07,3.06,3.1,5.56,10.13,34.9,1.56,60.81,9.43,19.93,82.28,9.0,115.39
Portugal,PRT,Europe,2010,22551.94,0.71,79.03,94.48,53.3,7.81,3.0,3.0,5.4,10.02,35.8,1.15,61.08,10.77,22.57,82.84,10.0,115.44
Portugal,PRT,Europe,2011,23246.54,0.71,80.47,94.48,55.25,7.77,3.13,3.0,5.12,9.72,36.3,0.98,61.14,12.72,23.97,82.63,10.0,115.27
Portugal,PRT,Europe,2012,20593.43,0.72,80.37,94.48,60.34,6.56,3.08,3.0,4.94,9.64,36.0,1.05,61.14,15.51,29.5,83.27,10.0,114.8
Portugal,PRT,Europe,2013,21676.49,0.71,80.72,94.48,62.1,8.5,2.93,2.9,5.27,9.39,36.2,1.15,61.14,16.24,30.46,84.46,10.0,114.16
Portugal,PRT,Europe,2014,22120.69,0.71,81.12,94.48,64.59,7.92,3.05,2.9,5.12,9.34,35.6,1.64,61.14,13.88,30.29,82.07,11.0,113.54
Portugal,PRT,Europe,2015,19215.78,0.72,81.12,96.36,68.63,8.4,2.87,2.9,4.89,9.33,35.5,1.02,61.14,12.4,29.97,85.15,11.0,113.07
Portugal,PRT,Europe,2016,19980.28,0.73,81.12,96.43,70.42,8.2,2.72,2.9,4.89,9.4,35.2,0.98,61.13,11.06,27.5,85.71,12.0,112.72
Portugal,PRT,Europe,2017,21442.38,0.72,81.42,95.77,73.79,8.0,2.85,2.9,5.03,9.33,33.8,1.11,61.13,8.88,28.06,86.81,13.0,112.44
Portugal,PRT,Europe,2018,23541.14,0.73,81.32,96.8,74.66,7.24,2.91,2.9,4.68,9.42,33.5,1.29,61.12,6.97,28.52,85.99,14.0,112.26
Portugal,PRT,Europe,2019,23343.36,0.73,81.68,97.03,75.35,7.68,2.78,2.8,4.63,9.51,32.8,1.36,61.11,6.42,34.97,89.88,15.0,112.29
Portugal,PRT,Europe,2020,22299.4,0.73,81.33,97.31,78.26,8.8,2.88,2.8,4.86,10.52,34.7,1.38,61.1,6.85,33.95,86.44,14.0,112.41
Portugal,PRT,Europe,2021,24711.45,0.74,81.38,98.96,82.31,8.82,2.53,2.7,4.77,11.22,34.6,1.03,61.1,6.71,38.51,88.7,19.0,113.11
Portugal,PRT,Europe,2022,24620.52,0.74,81.63,97.72,84.5,8.72,2.75,2.7,4.55,10.55,36.3,1.07,61.13,6.14,38.51,89.34,16.0,113.9
Portugal,PRT,Europe,2023,27634.62,0.75,82.33,98.53,85.79,8.65,2.45,2.7,4.55,10.03,33.9,1.3,61.2,6.5,38.51,91.58,15.0,115.48
Qatar,QAT,Asia,2000,27535.18,0.84,75.25,83.26,4.86,19.68,2.33,10.4,3.73,1.97,45.47,1.26,96.29,0.87,18.24,87.22,11.0,55.55
Qatar,QAT,Asia,2001,25870.8,0.85,75.49,88.96,6.17,18.65,2.32,10.0,3.2,2.32,46.3,1.66,96.47,0.87,22.81,89.64,12.0,58.39
Qatar,QAT,Asia,2002,27226.66,0.85,75.77,88.96,10.23,19.99,2.36,9.7,3.85,2.46,41.44,1.48,96.64,0.87,18.18,88.7,11.0,61.26
Qatar,QAT,Asia,2003,31602.47,0.85,76.1,88.96,19.24,18.63,2.38,9.3,3.37,3.5,40.83,1.78,96.83,0.87,18.95,87.05,11.0,64.14
Qatar,QAT,Asia,2004,41035.5,0.85,76.48,88.96,20.7,21.39,2.26,9.0,3.46,3.18,44.27,2.0,97.05,0.87,23.53,88.77,11.0,66.61
Qatar,QAT,Asia,2005,53949.68,0.86,76.91,88.96,24.73,14.98,2.19,8.7,3.97,2.56,41.27,1.59,97.3,0.87,18.01,91.67,11.0,71.09
Qatar,QAT,Asia,2006,62582.45,0.86,77.32,93.08,28.97,22.88,2.14,8.4,3.97,2.29,46.48,1.82,97.58,0.87,21.88,90.44,10.0,83.79
Qatar,QAT,Asia,2007,65954.34,0.86,77.74,93.08,37.0,19.74,2.18,8.2,4.23,2.07,43.37,1.44,97.87,0.52,30.39,91.47,9.0,104.1
Qatar,QAT,Asia,2008,80781.4,0.86,78.26,93.99,44.3,15.31,2.14,7.9,4.23,1.64,42.49,1.6,98.13,0.31,22.1,91.78,9.0,122.91
Qatar,QAT,Asia,2009,60785.74,0.87,78.84,94.72,53.1,16.07,2.06,7.7,3.41,2.38,43.18,1.74,98.35,0.31,23.63,95.56,8.0,138.58
Qatar,QAT,Asia,2010,76462.61,0.87,79.44,96.28,69.0,17.34,2.03,7.5,4.54,1.87,37.4,1.95,98.51,0.45,29.9,93.81,8.0,139.26
Qatar,QAT,Asia,2011,103261.51,0.87,79.99,96.41,69.0,20.06,1.94,7.3,4.01,1.6,42.19,1.79,98.63,0.56,0.03,93.46,7.0,139.94
Qatar,QAT,Asia,2012,108470.39,0.89,80.5,96.68,69.3,16.57,1.87,7.1,3.51,1.75,41.06,1.69,98.74,0.48,0.03,95.22,7.0,148.36
Qatar,QAT,Asia,2013,103697.06,0.89,80.97,97.48,85.3,20.7,1.78,6.9,4.07,2.08,44.84,1.74,98.84,0.28,0.23,95.36,6.0,165.07
Qatar,QAT,Asia,2014,95840.69,0.88,81.4,97.75,91.49,18.86,2.07,6.7,3.61,2.42,35.1,1.8,98.9,0.2,0.28,93.77,6.0,187.27
Qatar,QAT,Asia,2015,68985.24,0.89,81.78,97.75,92.88,18.45,1.87,6.4,3.61,3.64,35.1,1.81,98.94,0.17,0.3,96.73,6.0,204.05
Qatar,QAT,Asia,2016,61253.62,0.89,82.15,97.75,95.12,16.88,1.83,6.2,2.97,3.55,35.1,1.87,98.99,0.15,0.31,95.6,5.0,215.59
Qatar,QAT,Asia,2017,63279.88,0.89,82.46,97.75,97.39,21.56,1.82,5.9,2.97,3.21,35.1,1.75,99.03,0.14,0.3,97.04,5.0,221.57
Qatar,QAT,Asia,2018,71039.93,0.89,82.71,99.9,99.65,17.13,1.78,5.6,2.97,2.96,35.1,1.83,99.08,0.11,0.3,98.37,5.0,224.61
Qatar,QAT,Asia,2019,66841.36,0.89,82.94,99.9,99.65,18.68,1.86,5.4,2.8,3.18,35.1,1.59,99.12,0.1,0.25,96.95,5.0,229.65
Qatar,QAT,Asia,2020,51683.57,0.91,80.41,99.9,99.65,17.0,1.62,5.2,3.23,3.82,35.1,2.06,99.16,0.14,0.29,99.9,6.0,243.18
Qatar,QAT,Asia,2021,71751.94,0.9,81.08,99.9,99.65,19.07,1.71,5.1,3.23,2.89,46.65,1.93,99.2,0.14,0.28,99.9,7.0,218.01
Qatar,QAT,Asia,2022,88701.47,0.91,81.86,99.9,98.04,20.01,1.73,5.0,3.23,2.19,43.43,2.16,99.24,0.13,0.28,99.9,8.0,231.27
Qatar,QAT,Asia,2023,81816.98,0.91,82.37,99.9,98.15,18.92,1.57,4.9,3.23,2.52,41.86,1.97,99.28,0.13,0.28,99.9,4.0,231.16
Romania,ROU,Europe,2000,1659.93,0.6,71.16,97.3,3.61,5.25,3.93,18.0,2.87,4.21,29.3,0.53,52.86,6.97,28.47,70.67,45.0,97.7
Romania,ROU,Europe,2001,1825.19,0.6,71.16,97.3,4.54,4.25,3.84,17.3,3.27,4.38,29.4,0.77,52.76,6.56,29.76,71.32,41.0,96.35
Romania,ROU,Europe,2002,2119.86,0.6,71.01,97.3,6.58,4.18,3.92,17.1,3.5,4.58,30.2,1.15,52.75,8.11,0.01,70.05,38.0,94.53
Romania,ROU,Europe,2003,2679.41,0.61,71.31,97.3,8.9,5.87,3.81,16.9,3.54,5.37,29.9,0.46,52.8,6.95,0.01,72.15,35.0,93.82
Romania,ROU,Europe,2004,3494.99,0.61,71.56,97.3,15.0,5.6,3.6,16.4,3.31,5.48,30.0,0.52,52.92,7.72,0.01,71.83,32.0,93.27
Romania,ROU,Europe,2005,4618.0,0.62,71.91,97.3,21.5,4.73,3.58,15.5,3.5,5.53,29.8,0.42,53.07,7.17,0.01,75.27,30.0,92.7
Romania,ROU,Europe,2006,5757.53,0.62,72.16,88.55,24.66,4.26,3.62,14.3,4.31,5.07,39.6,0.75,53.26,7.27,0.01,73.73,27.0,92.15
Romania,ROU,Europe,2007,8360.34,0.61,72.57,88.8,28.3,4.92,3.7,12.9,4.15,5.02,37.5,0.8,53.45,6.41,0.06,74.06,25.0,90.84
Romania,ROU,Europe,2008,10435.16,0.62,72.57,98.6,32.42,4.3,3.66,11.8,4.1,5.02,36.4,0.64,53.63,5.79,0.05,76.14,25.0,89.33
Romania,ROU,Europe,2009,8548.45,0.62,73.31,98.6,36.6,3.69,3.65,11.1,4.0,5.28,35.6,1.02,53.79,6.86,0.03,77.93,25.0,88.53
Romania,ROU,Europe,2010,8399.54,0.62,73.46,98.6,39.93,4.03,3.57,10.5,3.42,5.64,35.5,0.74,53.9,6.96,0.68,76.09,23.0,88.01
Romania,ROU,Europe,2011,9560.68,0.63,74.41,98.6,40.01,5.06,3.56,10.0,2.91,4.48,35.9,0.83,53.96,7.18,2.55,77.55,20.0,87.53
Romania,ROU,Europe,2012,8929.95,0.64,74.41,98.6,45.88,4.28,3.55,9.5,2.82,4.51,36.5,0.83,53.96,6.79,4.84,76.77,19.0,87.2
Romania,ROU,Europe,2013,9497.67,0.64,75.06,98.6,49.76,5.14,3.56,8.9,3.07,5.22,36.9,0.52,53.91,7.1,8.82,79.52,18.0,86.87
Romania,ROU,Europe,2014,10031.77,0.64,74.91,98.6,54.08,4.22,3.36,8.3,3.12,5.03,36.0,0.56,53.83,6.8,12.67,77.77,18.0,86.53
Romania,ROU,Europe,2015,8977.02,0.63,74.91,93.86,55.76,3.86,3.39,7.7,3.11,4.94,35.9,0.64,53.71,6.81,14.43,79.94,18.0,86.12
Romania,ROU,Europe,2016,9404.54,0.65,75.21,93.59,59.5,4.8,3.29,7.1,3.03,5.08,34.4,0.78,53.55,5.9,13.73,79.89,17.0,85.63
Romania,ROU,Europe,2017,10727.98,0.65,75.21,94.47,63.75,6.15,3.42,6.6,3.12,5.19,36.0,0.78,53.36,4.93,15.22,81.09,17.0,85.14
Romania,ROU,Europe,2018,12416.13,0.64,75.36,99.16,70.68,4.56,3.39,6.1,3.32,5.51,35.8,1.01,53.14,4.19,13.15,80.46,15.0,84.64
Romania,ROU,Europe,2019,12909.61,0.65,75.61,99.16,73.66,4.48,3.32,5.6,3.56,5.7,34.8,1.0,52.89,3.91,15.19,81.59,14.0,84.2
Romania,ROU,Europe,2020,13009.18,0.66,74.25,99.16,78.46,5.11,3.17,5.4,3.58,6.21,34.6,1.45,52.61,5.04,16.49,83.12,16.0,83.73
Romania,ROU,Europe,2021,14907.98,0.66,72.81,99.16,83.59,5.64,3.28,5.3,3.32,6.45,33.9,0.9,52.23,5.59,15.02,83.72,20.0,83.11
Romania,ROU,Europe,2022,15503.55,0.66,75.15,99.16,85.5,4.99,3.16,5.4,3.28,5.8,32.3,0.52,52.16,5.61,15.02,82.89,13.0,82.79
Romania,ROU,Europe,2023,18244.42,0.67,76.4,99.16,89.2,5.35,3.14,5.6,3.28,5.71,29.8,0.75,52.16,5.59,15.02,84.77,12.0,82.85
Russia,RUS,Europe,2000,1771.59,0.56,65.48,99.44,1.98,3.51,4.21,15.6,2.94,5.02,37.1,0.85,73.16,10.58,0.1,70.73,51.0,8.95
Russia,RUS,Europe,2001,2100.35,0.57,65.38,99.44,2.94,3.69,4.14,14.8,3.11,5.24,36.9,0.48,73.23,8.98,0.11,67.56,48.0,8.91
Russia,RUS,Europe,2002,2377.53,0.58,65.13,99.44,4.13,3.48,3.86,13.9,3.84,5.52,37.3,0.21,73.29,7.88,0.11,71.28,47.0,8.87
Russia,RUS,Europe,2003,2975.12,0.57,65.03,99.44,8.3,3.84,4.1,12.9,3.68,5.16,40.0,0.35,73.41,8.21,0.14,72.23,45.0,8.83
Russia,RUS,Europe,2004,4102.36,0.58,65.47,99.44,12.86,3.46,3.92,12.0,3.55,4.76,40.3,0.57,73.31,7.76,0.14,72.09,41.0,8.79
Russia,RUS,Europe,2005,5323.46,0.58,65.53,99.44,15.23,4.53,3.87,11.1,3.77,4.77,41.3,0.39,73.16,7.12,0.16,72.2,38.0,8.76
Russia,RUS,Europe,2006,6920.2,0.58,66.73,88.01,18.02,3.53,3.86,10.2,3.87,4.77,41.0,0.55,73.24,7.06,0.18,70.71,32.0,8.73
Russia,RUS,Europe,2007,9101.24,0.59,67.59,99.68,24.66,3.71,3.77,9.5,3.87,4.75,42.3,0.32,73.39,6.0,0.18,72.34,29.0,8.72
Russia,RUS,Europe,2008,11635.28,0.59,67.95,99.68,32.0,3.09,3.86,9.0,4.1,4.9,41.6,0.83,73.48,6.2,0.19,73.83,27.0,8.72
Russia,RUS,Europe,2009,8562.82,0.6,68.68,99.68,42.55,2.92,3.72,8.6,4.1,5.64,39.8,0.43,73.53,8.3,0.2,74.01,24.0,8.72
Russia,RUS,Europe,2010,10674.99,0.6,68.84,99.68,49.0,3.68,3.83,8.3,4.09,4.97,39.5,0.39,73.67,7.41,0.19,76.37,23.0,8.72
Russia,RUS,Europe,2011,14305.33,0.6,69.68,99.68,58.0,4.2,3.6,8.1,3.71,4.79,39.7,0.44,73.85,6.57,0.19,75.09,19.0,8.73
Russia,RUS,Europe,2012,15401.85,0.61,70.07,99.68,66.0,4.29,3.73,7.9,3.79,4.94,40.7,0.6,73.97,5.48,0.12,73.94,18.0,8.75
Russia,RUS,Europe,2013,15941.45,0.61,70.58,99.68,67.97,3.99,3.66,7.6,3.76,5.08,40.9,0.81,74.08,5.51,0.16,79.34,16.0,8.78
Russia,RUS,Europe,2014,14055.47,0.61,70.74,93.21,70.52,4.11,3.41,7.1,4.01,5.18,36.9,0.94,74.18,5.21,0.17,78.2,16.0,8.81
Russia,RUS,Europe,2015,9277.71,0.61,71.18,92.89,70.1,3.83,3.61,6.6,3.83,5.3,36.5,0.58,74.28,5.62,0.17,77.31,15.0,8.83
Russia,RUS,Europe,2016,8663.16,0.62,71.65,92.0,73.09,3.85,3.5,6.0,3.76,5.29,36.7,0.88,74.37,5.59,0.16,79.82,14.0,8.85
Russia,RUS,Europe,2017,10658.91,0.61,72.45,93.0,76.01,3.57,3.58,5.5,4.69,5.36,35.5,0.47,74.46,5.24,0.18,78.52,12.0,8.87
Russia,RUS,Europe,2018,11211.89,0.62,72.66,99.93,80.86,4.32,3.44,5.1,4.68,5.36,35.3,0.45,74.54,4.87,0.2,78.77,12.0,8.88
Russia,RUS,Europe,2019,11447.7,0.62,73.08,99.93,82.64,3.1,3.56,4.8,3.7,5.65,35.7,0.99,74.62,4.51,0.27,81.31,12.0,8.88
Russia,RUS,Europe,2020,10108.33,0.62,71.34,99.93,84.99,3.88,3.43,4.6,4.02,8.04,33.7,0.52,74.69,5.62,0.4,81.22,19.0,8.87
Russia,RUS,Europe,2021,12425.03,0.63,69.9,99.93,88.21,3.51,3.25,4.4,3.99,7.03,35.1,0.78,74.75,4.75,0.49,81.1,21.0,8.84
Russia,RUS,Europe,2022,15619.61,0.63,72.55,99.93,90.42,3.55,3.33,4.3,4.05,6.88,33.9,0.52,74.85,3.87,0.49,80.64,13.0,8.81
Russia,RUS,Europe,2023,14159.39,0.63,73.25,99.93,92.24,4.33,3.36,4.2,4.16,7.04,33.0,0.63,74.98,3.08,0.49,81.76,9.0,8.78
Rwanda,RWA,Africa,2000,251.87,0.37,47.8,64.89,0.06,0.33,5.26,108.1,3.43,3.58,48.5,0.11,15.78,11.7,0.6,53.9,885.0,332.95
Rwanda,RWA,Africa,2001,237.31,0.38,49.49,64.89,0.24,0.27,5.15,98.4,4.83,3.32,48.5,0.1,16.55,11.73,0.99,53.79,769.0,335.92
Rwanda,RWA,Africa,2002,234.04,0.39,51.26,64.89,0.29,0.29,5.04,88.7,4.83,3.13,48.5,0.32,16.88,11.43,0.89,58.13,677.0,340.5
Rwanda,RWA,Africa,2003,249.01,0.39,53.53,64.89,0.36,0.31,5.13,79.5,4.83,6.93,52.0,0.15,16.89,11.66,0.56,58.84,551.0,348.07
Rwanda,RWA,Africa,2004,269.54,0.4,55.52,82.44,0.43,0.36,5.13,71.1,4.83,7.51,52.0,0.28,16.9,11.7,1.16,60.28,460.0,357.39
Rwanda,RWA,Africa,2005,324.02,0.41,56.97,80.99,0.56,0.33,5.0,64.0,3.99,7.72,52.0,0.07,16.91,11.84,0.85,61.01,465.0,367.03
Rwanda,RWA,Africa,2006,357.0,0.41,58.34,82.0,0.56,0.36,4.96,58.1,3.99,7.61,52.0,0.61,16.91,11.59,0.53,60.66,494.0,376.95
Rwanda,RWA,Africa,2007,426.23,0.42,59.5,82.03,2.12,0.3,4.77,53.2,3.99,7.86,52.0,0.18,16.91,11.58,1.12,61.68,494.0,387.11
Rwanda,RWA,Africa,2008,528.33,0.43,60.64,83.21,4.5,0.41,4.71,49.1,3.5,7.56,47.2,0.24,16.92,11.52,0.59,62.51,454.0,397.42
Rwanda,RWA,Africa,2009,564.04,0.43,61.81,68.33,7.7,0.41,4.85,45.7,3.5,7.8,47.2,0.31,16.92,11.62,0.85,61.15,418.0,407.8
Rwanda,RWA,Africa,2010,593.62,0.44,62.8,68.33,8.0,0.36,4.86,42.6,4.63,8.08,47.2,0.16,16.93,11.64,28.68,63.3,393.0,418.22
Rwanda,RWA,Africa,2011,651.13,0.45,63.48,68.33,7.0,0.42,4.58,39.3,4.38,7.93,47.2,0.32,16.93,11.76,22.32,65.11,358.0,428.61
Rwanda,RWA,Africa,2012,706.82,0.46,64.19,68.33,8.02,0.37,4.58,37.4,4.42,8.1,45.1,0.01,16.94,11.67,23.83,66.06,331.0,438.99
Rwanda,RWA,Africa,2013,704.92,0.46,64.65,68.33,9.0,0.41,4.46,35.9,4.74,6.77,45.1,0.32,17.07,11.77,27.7,68.88,317.0,449.67
Rwanda,RWA,Africa,2014,724.96,0.47,65.09,70.8,10.6,0.41,4.46,34.7,4.2,6.98,45.1,0.11,17.5,11.84,24.0,67.5,301.0,460.67
Rwanda,RWA,Africa,2015,734.0,0.48,65.42,70.8,12.46,0.41,4.42,33.9,3.65,6.65,43.7,0.28,18.2,11.83,12.51,69.04,292.0,471.83
Rwanda,RWA,Africa,2016,729.52,0.48,65.73,70.8,14.64,0.42,4.35,33.2,3.43,5.97,43.7,0.52,19.12,11.79,3.98,69.2,278.0,483.14
Rwanda,RWA,Africa,2017,758.3,0.49,66.14,73.22,17.2,0.39,4.15,32.7,3.12,5.38,43.7,0.7,20.25,11.88,8.22,69.69,275.0,494.61
Rwanda,RWA,Africa,2018,771.77,0.5,66.35,73.22,19.17,0.47,4.28,32.2,3.07,5.46,43.7,0.57,21.54,10.76,7.48,69.52,269.0,506.2
Rwanda,RWA,Africa,2019,810.05,0.5,66.69,73.22,21.36,0.42,4.26,31.7,3.24,4.91,43.7,0.27,22.97,11.24,4.22,70.35,261.0,517.88
Rwanda,RWA,Africa,2020,778.7,0.51,66.95,80.05,23.8,0.43,4.02,31.3,3.33,5.8,39.4,0.23,24.5,11.83,3.78,72.87,252.0,529.62
Rwanda,RWA,Africa,2021,829.54,0.52,66.85,80.05,24.44,0.45,4.14,30.9,5.59,6.23,39.4,0.65,26.1,15.78,5.16,72.88,254.0,541.36
Rwanda,RWA,Africa,2022,975.47,0.53,67.53,78.76,28.02,0.42,4.03,30.5,4.74,5.93,39.4,0.27,27.78,15.08,5.16,74.6,234.0,553.35
Rwanda,RWA,Africa,2023,1027.03,0.53,67.78,78.76,28.81,0.48,3.84,30.1,4.92,5.13,39.4,0.23,28.86,12.35,5.16,73.84,229.0,565.65
Saudi Arabia,SAU,Asia,2000,11714.56,0.66,72.61,79.35,2.21,7.49,3.6,19.8,5.91,4.21,47.1,1.1,79.97,4.57,0.0,73.11,20.0,7.53
Saudi Arabia,SAU,Asia,2001,10805.31,0.66,72.95,79.35,4.68,6.9,3.59,18.6,7.72,4.46,43.29,0.65,80.16,4.62,0.0,75.32,19.0,7.93
Saudi Arabia,SAU,Asia,2002,10586.05,0.67,73.3,79.35,6.38,7.42,3.55,17.5,7.64,4.25,44.38,0.96,80.34,5.26,0.0,75.52,18.0,8.33
Saudi Arabia,SAU,Asia,2003,11487.22,0.67,73.66,82.86,8.0,6.24,3.48,16.4,7.11,3.98,43.93,1.04,80.54,5.56,0.0,77.18,16.0,8.74
Saudi Arabia,SAU,Asia,2004,13154.5,0.68,74.03,82.86,10.23,8.46,3.33,15.4,6.28,3.58,45.29,1.12,80.75,5.82,0.0,76.87,16.0,9.15
Saudi Arabia,SAU,Asia,2005,15975.75,0.68,74.4,82.86,12.71,7.17,3.5,14.5,5.43,3.42,44.46,0.41,80.98,6.05,0.0,77.02,15.0,9.56
Saudi Arabia,SAU,Asia,2006,17563.61,0.68,74.76,82.86,19.46,8.3,3.37,13.6,5.89,3.62,42.47,1.24,81.2,6.25,0.0,80.89,14.0,9.98
Saudi Arabia,SAU,Asia,2007,18596.15,0.68,75.07,82.86,30.0,7.67,3.25,12.7,5.89,3.56,43.92,1.16,81.42,5.73,0.0,76.93,13.0,10.41
Saudi Arabia,SAU,Asia,2008,22320.49,0.68,75.3,91.43,36.0,7.71,3.21,11.9,5.14,2.97,49.17,0.64,81.64,5.08,0.0,78.38,12.0,10.83
Saudi Arabia,SAU,Asia,2009,17718.39,0.7,75.45,92.28,38.0,6.42,3.01,11.1,5.14,4.29,44.79,1.17,81.86,5.38,0.0,81.72,11.0,11.27
Saudi Arabia,SAU,Asia,2010,22028.39,0.69,75.62,94.43,41.0,7.08,3.1,10.4,5.14,3.65,42.47,0.87,82.08,5.55,0.0,80.48,11.0,11.15
Saudi Arabia,SAU,Asia,2011,27126.75,0.69,75.81,94.43,47.5,7.57,3.13,9.7,5.14,3.68,41.84,0.93,82.25,5.77,0.0,82.75,10.0,11.67
Saudi Arabia,SAU,Asia,2012,28733.44,0.7,76.09,94.43,54.0,6.2,3.1,9.0,6.98,3.99,45.84,1.23,82.43,5.62,0.01,80.87,9.0,12.17
Saudi Arabia,SAU,Asia,2013,27865.47,0.7,76.52,94.43,60.5,5.99,2.95,8.4,6.24,4.42,45.61,1.22,82.61,5.6,0.01,83.95,9.0,12.85
Saudi Arabia,SAU,Asia,2014,27805.49,0.71,77.12,94.43,64.71,6.84,3.04,7.8,6.38,5.16,41.66,0.74,82.78,5.88,0.01,84.32,8.0,13.17
Saudi Arabia,SAU,Asia,2015,23256.15,0.7,77.78,94.43,69.62,6.65,2.9,7.3,6.1,5.86,44.16,1.33,82.96,5.6,0.01,83.76,8.0,13.87
Saudi Arabia,SAU,Asia,2016,22267.72,0.71,78.35,95.33,74.88,8.01,2.94,6.8,7.07,6.24,42.9,1.06,83.13,5.6,0.01,84.84,8.0,14.4
Saudi Arabia,SAU,Asia,2017,23929.29,0.71,78.72,95.33,94.18,7.53,3.08,6.4,6.06,6.03,47.44,1.12,83.3,5.89,0.02,86.0,8.0,14.41
Saudi Arabia,SAU,Asia,2018,29360.07,0.71,78.75,95.33,93.31,7.16,3.05,6.0,6.37,5.34,43.74,1.51,83.47,6.03,0.06,85.39,8.0,14.05
Saudi Arabia,SAU,Asia,2019,29566.79,0.72,78.31,97.59,95.72,6.91,2.75,5.7,6.79,5.47,44.06,1.3,83.64,5.64,0.07,84.61,8.0,13.99
Saudi Arabia,SAU,Asia,2020,24338.83,0.73,77.6,97.59,97.86,6.38,2.87,5.4,4.48,6.65,41.82,1.21,83.81,7.66,0.07,89.83,11.0,14.68
Saudi Arabia,SAU,Asia,2021,31920.77,0.72,77.09,97.59,100.0,8.26,2.57,5.2,4.48,5.93,45.6,0.93,83.97,6.62,0.07,88.92,12.0,14.32
Saudi Arabia,SAU,Asia,2022,38510.23,0.73,77.31,97.59,100.0,7.24,2.73,5.0,4.48,5.31,45.59,0.94,84.13,5.59,0.07,90.4,9.0,14.97
Saudi Arabia,SAU,Asia,2023,36156.85,0.74,78.73,97.93,100.0,6.86,2.66,4.8,4.48,5.69,46.92,1.5,84.3,4.01,0.07,87.64,7.0,15.68
Senegal,SEN,Africa,2000,603.23,0.4,57.62,39.28,0.4,0.45,5.08,74.0,2.46,3.55,41.2,0.41,40.67,2.64,0.92,54.5,581.0,51.78
Senegal,SEN,Africa,2001,637.21,0.41,58.16,39.28,0.98,0.57,5.09,70.6,2.47,3.68,41.2,0.71,40.88,2.67,0.78,57.23,560.0,53.05
Senegal,SEN,Africa,2002,669.43,0.4,58.91,39.28,1.01,0.51,5.07,66.4,2.59,3.95,41.2,0.4,41.11,2.82,0.72,59.16,531.0,54.36
Senegal,SEN,Africa,2003,817.89,0.41,59.47,39.28,2.1,0.53,4.97,61.9,2.75,4.3,41.2,0.07,41.36,2.78,0.7,59.75,520.0,55.69
Senegal,SEN,Africa,2004,918.1,0.41,60.31,39.28,4.39,0.52,4.92,57.5,3.08,4.57,39.2,0.28,41.62,2.78,0.68,59.67,501.0,57.01
Senegal,SEN,Africa,2005,979.85,0.42,60.98,41.89,4.79,0.56,4.88,53.5,4.06,3.67,39.2,0.41,41.91,2.68,0.61,61.69,488.0,58.36
Senegal,SEN,Africa,2006,1017.2,0.41,61.8,41.89,5.61,0.45,4.83,50.1,3.82,3.76,39.2,0.22,42.2,2.76,0.65,59.84,462.0,59.73
Senegal,SEN,Africa,2007,1188.94,0.42,62.65,41.89,6.89,0.62,4.91,47.3,3.82,3.41,39.2,0.33,42.52,2.8,0.61,60.91,457.0,61.14
Senegal,SEN,Africa,2008,1398.79,0.42,63.2,48.04,7.12,0.58,4.8,44.9,4.03,3.51,39.2,0.3,42.87,2.82,0.6,61.37,463.0,62.58
Senegal,SEN,Africa,2009,1308.69,0.43,63.75,48.04,7.5,0.58,4.87,43.1,4.92,3.84,40.3,0.36,43.24,2.81,0.6,62.6,441.0,64.08
Senegal,SEN,Africa,2010,1275.88,0.43,64.22,48.04,8.0,0.58,4.73,41.5,0.54,4.03,40.3,0.04,43.64,2.8,1.39,63.46,436.0,65.63
Senegal,SEN,Africa,2011,1374.68,0.44,64.8,51.81,9.8,0.57,4.66,40.3,4.9,4.21,40.3,0.18,44.07,2.85,1.48,64.23,415.0,67.31
Senegal,SEN,Africa,2012,1326.84,0.43,65.23,51.81,10.8,0.51,4.75,39.3,4.78,4.27,40.3,0.23,44.54,3.9,1.43,63.01,405.0,69.13
Senegal,SEN,Africa,2013,1379.83,0.44,65.64,43.53,13.1,0.64,4.52,38.5,5.69,4.39,40.3,0.21,45.04,5.01,1.43,66.06,385.0,71.21
Senegal,SEN,Africa,2014,1398.89,0.44,66.0,43.53,17.7,0.62,4.58,37.8,5.73,4.39,40.3,0.29,45.6,5.85,1.46,66.45,373.0,73.51
Senegal,SEN,Africa,2015,1218.01,0.44,66.45,43.59,21.7,0.61,4.62,37.3,5.46,4.38,38.3,0.07,46.27,6.76,1.63,65.56,357.0,75.8
Senegal,SEN,Africa,2016,1266.44,0.44,66.72,46.1,25.66,0.52,4.59,36.8,5.11,4.26,38.3,0.11,47.06,4.46,1.63,67.55,345.0,78.09
Senegal,SEN,Africa,2017,1356.81,0.45,67.06,51.9,29.64,0.59,4.47,36.3,4.74,4.16,38.3,0.4,47.93,4.08,3.7,67.37,325.0,80.38
Senegal,SEN,Africa,2018,1452.56,0.45,67.38,46.61,35.3,0.77,4.55,35.7,5.11,4.43,38.3,0.18,48.9,3.45,6.27,67.59,305.0,82.66
Senegal,SEN,Africa,2019,1431.18,0.45,67.67,46.83,43.38,0.68,4.58,34.8,5.04,4.5,38.3,0.15,49.94,2.86,6.31,66.6,286.0,84.94
Senegal,SEN,Africa,2020,1461.09,0.45,67.5,46.83,53.31,0.72,4.42,33.7,5.69,5.15,36.2,0.63,51.06,3.43,9.23,68.28,252.0,87.2
Senegal,SEN,Africa,2021,1598.11,0.46,66.87,46.83,55.04,0.61,4.41,32.5,5.61,4.44,36.2,0.17,52.23,3.44,13.29,71.18,263.0,89.45
Senegal,SEN,Africa,2022,1574.03,0.47,67.79,50.36,56.83,0.7,4.2,31.2,5.95,4.04,36.2,0.04,53.44,2.84,13.29,71.01,228.0,91.68
Senegal,SEN,Africa,2023,1698.03,0.46,68.68,50.36,59.19,0.61,4.29,30.0,6.16,4.32,36.2,0.55,54.7,2.78,13.29,71.63,237.0,93.89
Serbia,SRB,Europe,2000,974.73,0.54,71.58,96.4,7.54,2.75,4.28,11.0,6.0,5.81,32.7,2.86,55.59,12.6,0.0,68.62,16.0,108675960.0
Serbia,SRB,Europe,2001,1812.42,0.54,72.23,96.4,23.5,2.68,4.4,10.5,5.48,6.19,32.7,0.59,56.05,12.8,0.0,67.06,15.0,110768950.0
Serbia,SRB,Europe,2002,2390.73,0.54,72.29,96.4,23.5,2.35,4.1,9.9,6.47,7.25,32.7,0.15,56.46,13.8,0.0,66.97,14.0,112642036.0
Serbia,SRB,Europe,2003,3153.9,0.54,72.44,96.4,23.5,2.5,4.12,9.2,6.2,7.31,32.8,0.27,56.88,15.2,0.0,67.83,14.0,84.74
Serbia,SRB,Europe,2004,3597.09,0.54,72.68,96.4,23.5,2.65,4.11,8.4,4.05,7.64,35.5,0.58,57.31,18.5,29.95,66.93,13.0,84.74
Serbia,SRB,Europe,2005,3807.97,0.55,72.83,96.4,26.3,2.19,4.12,7.8,4.05,8.09,36.5,0.34,57.75,20.85,0.0,67.99,13.0,84.74
Serbia,SRB,Europe,2006,4492.71,0.56,73.39,96.4,27.2,2.58,4.03,7.3,4.05,8.29,29.7,0.72,58.17,20.85,0.0,70.84,12.0,84.74
Serbia,SRB,Europe,2007,6081.09,0.55,73.63,87.2,33.15,2.49,4.17,7.1,4.05,9.02,28.7,0.75,58.56,18.06,0.0,72.3,12.0,84.4
Serbia,SRB,Europe,2008,7376.74,0.55,73.89,97.96,35.6,2.89,4.01,6.9,4.05,9.13,27.6,0.55,58.89,13.67,0.01,70.95,12.0,84.04
Serbia,SRB,Europe,2009,6414.04,0.56,73.99,97.96,38.1,2.64,3.92,6.7,4.31,8.99,28.0,0.42,59.16,16.12,0.01,71.5,12.0,83.7
Serbia,SRB,Europe,2010,5970.93,0.56,74.34,97.96,40.9,2.46,3.93,6.6,4.31,9.15,29.0,0.66,59.35,19.2,0.01,70.63,13.0,83.37
Serbia,SRB,Europe,2011,7082.29,0.56,74.54,97.96,42.2,3.04,4.16,6.4,4.07,8.76,29.0,0.36,59.43,22.96,0.01,73.72,13.0,82.74
Serbia,SRB,Europe,2012,6263.04,0.57,74.84,97.96,48.1,2.85,3.78,6.1,4.07,8.96,39.9,0.21,59.35,24.0,0.04,74.48,13.0,82.34
Serbia,SRB,Europe,2013,7040.42,0.58,75.19,97.96,53.45,2.71,3.9,5.9,4.07,8.93,39.4,0.59,59.61,22.15,0.09,73.71,13.0,81.94
Serbia,SRB,Europe,2014,6886.68,0.57,75.34,98.84,62.08,3.05,3.8,5.6,3.5,8.86,40.4,0.64,59.88,19.22,0.12,74.03,13.0,81.54
Serbia,SRB,Europe,2015,5820.32,0.57,75.29,98.84,65.32,2.95,3.63,5.4,3.5,8.46,40.5,1.76,60.14,17.66,0.12,75.66,13.0,81.13
Serbia,SRB,Europe,2016,5982.37,0.58,75.69,98.84,67.06,3.25,3.73,5.2,3.5,8.15,38.8,0.38,60.39,15.26,0.21,76.92,13.0,80.7
Serbia,SRB,Europe,2017,6548.04,0.58,75.54,98.84,70.33,2.52,3.75,5.1,3.57,7.9,36.1,0.46,60.62,13.48,0.41,77.31,13.0,80.28
Serbia,SRB,Europe,2018,7559.86,0.59,75.89,99.48,73.36,2.74,3.65,4.9,3.44,8.18,35.0,1.02,60.84,12.73,0.75,76.61,12.0,79.84
Serbia,SRB,Europe,2019,7755.63,0.58,75.94,99.48,77.42,3.05,3.56,4.8,3.46,8.29,34.5,0.61,61.05,10.4,2.83,79.17,12.0,79.41
Serbia,SRB,Europe,2020,8098.71,0.6,74.48,99.48,78.37,2.63,3.56,4.7,3.46,8.31,35.0,0.27,61.22,9.01,3.17,76.79,16.0,82.04
Serbia,SRB,Europe,2021,9680.53,0.59,72.78,99.34,81.17,3.18,3.5,4.6,3.15,9.23,33.1,0.38,61.36,9.84,3.64,78.81,26.0,81.27
Serbia,SRB,Europe,2022,10024.82,0.59,75.24,99.34,83.54,3.19,3.5,4.6,3.08,8.58,32.8,0.58,61.9,8.44,3.64,79.33,14.0,79.25
Serbia,SRB,Europe,2023,12281.71,0.6,76.14,99.34,85.36,2.51,3.55,4.5,3.4,8.03,32.8,0.73,62.14,8.27,3.64,80.03,11.0,78.76
Singapore,SGP,Asia,2000,23852.84,0.88,77.95,92.55,36.0,21.28,2.21,3.0,3.32,3.34,43.84,1.49,100.0,3.7,4.35,90.56,17.0,6011.77
Singapore,SGP,Asia,2001,21699.74,0.88,78.25,92.55,41.67,23.33,2.15,2.8,3.54,3.16,40.55,1.78,100.0,3.76,4.17,90.63,16.0,6176.14
Singapore,SGP,Asia,2002,22159.84,0.89,78.55,92.55,47.0,20.59,2.03,2.7,3.88,3.36,39.43,1.97,100.0,5.65,3.98,90.17,16.0,6186.59
Singapore,SGP,Asia,2003,23730.38,0.9,79.04,92.55,53.84,17.32,1.94,2.5,3.98,3.61,45.33,1.97,100.0,5.93,3.9,94.74,15.0,5989.56
Singapore,SGP,Asia,2004,27608.08,0.9,79.49,96.08,62.0,22.82,1.91,2.4,3.65,3.15,48.03,2.19,100.0,5.84,3.75,93.63,14.0,6047.41
Singapore,SGP,Asia,2005,29961.32,0.91,79.99,95.56,61.0,22.01,1.94,2.3,3.2,3.03,43.09,1.53,100.0,5.59,3.61,93.43,14.0,6191.24
Singapore,SGP,Asia,2006,33768.45,0.92,80.14,98.61,59.0,23.36,1.89,2.3,2.86,2.93,42.95,1.73,100.0,4.48,3.5,97.29,13.0,6342.02
Singapore,SGP,Asia,2007,39432.89,0.93,80.44,95.86,69.9,19.64,1.93,2.3,2.95,2.84,44.01,2.24,100.0,3.9,3.35,94.29,12.0,6602.3
Singapore,SGP,Asia,2008,40008.57,0.93,80.79,95.86,69.0,23.93,1.8,2.2,2.76,3.19,38.22,2.1,100.0,3.96,3.31,94.51,11.0,6913.42
Singapore,SGP,Asia,2009,38926.81,0.94,81.24,95.86,69.0,18.83,1.73,2.2,3.01,3.39,36.85,2.0,100.0,5.86,2.77,94.74,10.0,7125.1
Singapore,SGP,Asia,2010,47236.68,0.95,81.54,95.86,71.0,19.76,1.81,2.2,3.08,3.2,38.66,2.09,100.0,4.12,3.28,99.37,10.0,7231.81
Singapore,SGP,Asia,2011,53891.46,0.95,81.74,96.19,71.0,23.08,1.63,2.2,3.03,3.15,41.36,2.26,100.0,3.89,3.37,99.16,10.0,7363.19
Singapore,SGP,Asia,2012,55547.56,0.96,82.0,96.37,72.0,21.67,1.57,2.2,3.07,3.32,42.2,1.97,100.0,3.72,3.37,99.23,10.0,7524.7
Singapore,SGP,Asia,2013,56967.43,0.97,82.25,96.55,80.9,22.64,1.56,2.2,2.85,3.68,40.24,2.38,100.0,3.86,3.85,99.9,9.0,7636.72
Singapore,SGP,Asia,2014,57564.8,0.97,82.5,96.72,79.03,22.21,1.42,2.2,3.01,3.87,40.96,2.04,100.0,3.74,4.03,99.9,9.0,7714.7
Singapore,SGP,Asia,2015,55645.61,0.98,82.74,96.83,79.01,20.02,1.43,2.2,2.99,4.18,36.29,2.57,100.0,3.79,4.18,99.9,8.0,7806.77
Singapore,SGP,Asia,2016,57005.59,0.99,82.85,97.05,84.45,20.81,1.27,2.1,2.94,4.38,38.34,2.56,100.0,4.08,4.59,99.9,8.0,7908.72
Singapore,SGP,Asia,2017,61236.25,1.0,83.1,97.2,84.45,19.9,1.23,2.1,2.88,4.36,40.11,2.5,100.0,4.2,4.28,99.9,8.0,7882.38
Singapore,SGP,Asia,2018,66881.61,1.0,83.3,97.34,88.17,25.76,1.26,2.0,2.85,4.07,36.89,2.66,100.0,3.61,4.12,99.9,8.0,7897.31
Singapore,SGP,Asia,2019,65952.04,1.0,83.6,97.48,88.95,17.33,1.25,2.0,2.73,4.41,39.55,2.73,100.0,3.1,4.18,99.9,7.0,7965.88
Singapore,SGP,Asia,2020,61410.08,1.0,83.54,97.13,92.0,20.25,1.09,2.0,2.69,5.7,42.05,2.25,100.0,4.1,4.08,99.9,13.0,7918.95
Singapore,SGP,Asia,2021,80056.13,1.0,83.09,97.65,96.92,22.48,1.12,2.0,2.83,5.15,40.19,2.43,100.0,4.64,4.02,99.9,20.0,7595.5
Singapore,SGP,Asia,2022,90299.07,1.0,82.9,97.65,95.95,22.51,1.14,2.0,2.47,4.33,41.73,1.97,100.0,3.59,4.02,99.9,34.0,7851.01
Singapore,SGP,Asia,2023,85412.23,1.0,83.1,97.65,94.29,24.02,1.15,2.1,2.1,4.49,39.43,2.17,100.0,3.44,4.02,99.9,6.0,8241.85
Slovakia,SVK,Europe,2000,5421.64,0.65,73.05,88.36,9.43,6.51,3.6,8.0,3.87,5.31,45.14,0.49,56.11,18.55,27.2,74.72,8.0,112.03
Slovakia,SVK,Europe,2001,5712.48,0.65,73.4,88.35,12.53,7.02,3.5,7.8,3.94,5.34,27.1,0.83,56.0,19.15,0.48,73.21,8.0,111.83
Slovakia,SVK,Europe,2002,6554.63,0.66,73.6,89.55,40.14,5.36,3.38,7.5,4.25,5.52,27.1,0.43,55.88,18.54,0.47,74.9,7.0,111.79
Slovakia,SVK,Europe,2003,8675.4,0.66,73.6,87.85,43.04,6.07,3.55,7.3,4.24,5.48,27.1,0.92,55.74,17.55,0.32,75.94,7.0,111.69
Slovakia,SVK,Europe,2004,10650.13,0.66,73.96,90.2,52.89,6.9,3.63,7.1,4.12,6.4,27.1,0.49,55.58,18.21,0.09,77.36,7.0,111.69
Slovakia,SVK,Europe,2005,11641.54,0.66,73.9,89.2,55.19,6.36,3.45,6.9,3.78,6.62,29.3,0.91,55.42,16.28,0.12,77.49,7.0,111.7
Slovakia,SVK,Europe,2006,13167.9,0.67,74.2,89.62,56.08,6.43,3.31,6.6,3.71,6.85,25.8,0.75,55.25,13.4,1.29,78.29,6.0,111.71
Slovakia,SVK,Europe,2007,16110.48,0.66,74.21,91.03,61.8,6.51,3.34,6.3,3.52,7.18,24.7,1.2,55.07,11.16,1.72,77.97,6.0,111.74
Slovakia,SVK,Europe,2008,18744.32,0.67,74.7,91.1,66.05,6.15,3.42,6.1,3.52,6.96,26.0,0.4,54.9,9.51,1.81,78.93,5.0,111.83
Slovakia,SVK,Europe,2009,16586.75,0.68,74.91,92.42,70.0,6.4,3.18,5.9,4.01,7.95,27.2,1.1,54.73,12.02,2.07,78.75,6.0,112.01
Slovakia,SVK,Europe,2010,16899.45,0.68,75.11,93.2,75.71,6.83,3.19,5.7,4.05,7.67,27.3,0.55,54.57,14.39,2.46,78.98,5.0,112.11
Slovakia,SVK,Europe,2011,18469.44,0.67,75.96,91.13,74.44,6.8,3.15,5.5,3.91,7.31,26.5,1.18,54.42,13.63,4.26,79.89,5.0,112.26
Slovakia,SVK,Europe,2012,17516.97,0.69,76.11,92.55,76.71,6.74,3.14,5.4,3.85,7.53,26.1,0.54,54.28,13.97,4.78,81.2,5.0,112.45
Slovakia,SVK,Europe,2013,18312.78,0.68,76.41,92.94,77.88,6.25,3.28,5.3,4.06,7.48,28.1,0.67,54.14,14.23,5.22,80.53,5.0,112.57
Slovakia,SVK,Europe,2014,18770.93,0.69,76.81,93.35,79.98,5.68,3.18,5.2,4.2,6.87,26.1,1.27,54.0,11.54,7.37,83.6,5.0,112.7
Slovakia,SVK,Europe,2015,16442.08,0.69,76.56,95.04,77.63,6.98,3.13,5.2,4.56,6.74,26.5,1.07,53.87,11.49,8.08,82.17,5.0,112.8
Slovakia,SVK,Europe,2016,16636.08,0.7,77.17,95.24,80.48,6.67,3.04,5.1,3.88,7.06,25.2,1.07,53.74,9.68,8.39,82.91,5.0,112.95
Slovakia,SVK,Europe,2017,17645.53,0.7,77.17,96.42,81.63,6.13,2.93,5.0,3.92,6.73,23.2,1.33,53.61,8.14,7.96,83.65,5.0,113.13
Slovakia,SVK,Europe,2018,19573.37,0.7,77.27,95.75,80.45,6.91,2.9,5.0,3.94,6.64,25.0,1.2,53.49,6.54,8.22,83.84,5.0,113.29
Slovakia,SVK,Europe,2019,19406.06,0.7,77.67,96.07,82.85,6.71,2.87,5.0,4.27,6.91,23.2,1.0,53.37,5.76,8.05,86.69,5.0,113.44
Slovakia,SVK,Europe,2020,19735.49,0.71,76.87,96.18,89.92,6.82,2.96,5.0,4.72,7.06,24.2,1.36,53.25,6.72,8.11,87.47,4.0,113.54
Slovakia,SVK,Europe,2021,22123.33,0.71,74.61,97.02,88.93,6.97,2.9,5.0,4.72,7.63,24.1,0.6,53.19,6.89,8.4,88.09,12.0,113.3
Slovakia,SVK,Europe,2022,21317.79,0.71,76.97,97.09,89.07,5.03,2.94,5.1,4.66,7.7,24.1,1.36,53.19,6.14,8.4,87.31,5.0,112.97
Slovakia,SVK,Europe,2023,24614.87,0.71,78.12,98.34,87.21,7.06,2.87,5.2,4.66,7.35,23.8,0.73,53.19,5.84,8.4,85.58,4.0,112.87
Somalia,SOM,Africa,2000,386.12,0.33,50.75,77.81,0.02,0.09,5.51,103.9,4.0,5.4,54.31,0.38,33.06,18.68,36.5,51.03,1150.0,14.09
Somalia,SOM,Africa,2001,244.91,0.34,50.83,78.22,0.08,0.12,5.37,103.9,4.34,6.67,50.41,0.35,33.51,18.66,34.29,53.08,1129.0,14.66
Somalia,SOM,Africa,2002,229.6,0.34,50.82,76.0,0.12,0.11,5.47,103.9,4.02,6.76,52.41,0.68,33.99,18.66,42.1,53.85,1121.0,15.22
Somalia,SOM,Africa,2003,286.27,0.35,50.72,78.34,0.38,0.12,5.35,103.9,4.97,5.48,54.63,0.07,34.47,18.65,43.27,54.53,1111.0,15.8
Somalia,SOM,Africa,2004,375.41,0.35,50.68,80.9,1.05,0.15,5.37,103.9,3.82,5.81,47.61,0.53,34.96,18.65,38.65,55.52,1104.0,16.39
Somalia,SOM,Africa,2005,439.98,0.34,50.89,79.14,1.08,0.16,5.48,103.9,5.28,6.08,52.88,0.07,35.47,18.67,41.19,56.84,1086.0,16.97
Somalia,SOM,Africa,2006,458.0,0.35,50.92,80.68,1.1,0.16,5.29,103.5,4.72,5.78,50.94,0.62,36.0,18.7,38.46,54.77,1085.0,17.5
Somalia,SOM,Africa,2007,479.64,0.36,50.88,79.81,1.12,0.15,5.17,102.5,4.59,6.62,52.98,0.49,36.56,18.69,43.5,54.42,1074.0,18.05
Somalia,SOM,Africa,2008,507.04,0.36,51.46,81.35,1.14,0.17,5.21,100.5,4.87,5.5,51.07,0.11,37.18,18.71,44.98,56.39,1035.0,18.59
Somalia,SOM,Africa,2009,246.51,0.36,52.1,81.95,1.16,0.16,5.09,98.4,4.41,5.75,52.02,0.55,37.84,18.72,42.41,56.36,995.0,19.07
Somalia,SOM,Africa,2010,219.2,0.36,48.9,82.05,1.16,0.18,5.17,112.5,4.39,3.37,50.47,0.17,38.57,18.74,48.07,57.88,1062.0,19.55
Somalia,SOM,Africa,2011,235.33,0.37,32.45,81.69,1.25,0.19,5.23,217.6,4.52,3.37,50.69,0.03,39.38,18.76,41.84,59.68,972.0,19.68
Somalia,SOM,Africa,2012,350.26,0.36,49.14,84.41,1.38,0.19,5.16,112.2,4.56,3.37,52.23,0.55,40.27,18.77,1.12,61.08,894.0,19.86
Somalia,SOM,Africa,2013,393.4,0.37,54.02,83.56,1.5,0.22,5.27,88.4,4.93,3.37,51.85,0.46,41.26,18.66,1.09,58.86,855.0,20.51
Somalia,SOM,Africa,2014,429.43,0.38,54.44,84.2,1.63,0.21,5.1,86.0,5.31,3.02,50.46,0.07,42.35,18.6,1.13,61.61,816.0,21.26
Somalia,SOM,Africa,2015,445.58,0.38,55.06,84.63,1.76,0.23,4.9,83.7,0.0,2.94,48.32,0.52,43.86,18.5,1.46,59.96,784.0,22.01
Somalia,SOM,Africa,2016,460.93,0.38,55.28,63.66,1.88,0.23,4.92,81.5,0.0,2.28,50.26,0.65,45.94,18.61,3.37,61.06,754.0,22.87
Somalia,SOM,Africa,2017,510.94,0.38,52.19,63.66,1.88,0.24,4.92,96.5,0.0,2.44,50.82,0.27,48.36,18.45,4.63,61.69,716.0,23.78
Somalia,SOM,Africa,2018,509.5,0.38,54.77,63.66,2.73,0.24,5.01,85.1,0.0,2.51,49.3,0.31,50.95,18.7,4.7,64.32,727.0,24.63
Somalia,SOM,Africa,2019,539.95,0.39,57.25,63.66,2.73,0.26,4.85,75.0,0.0,2.41,47.35,0.39,51.64,18.83,4.7,61.03,656.0,25.55
Somalia,SOM,Africa,2020,518.16,0.39,57.1,63.66,15.02,0.27,4.85,72.9,0.0,2.47,55.27,0.4,52.29,19.41,8.22,65.35,655.0,26.54
Somalia,SOM,Africa,2021,549.06,0.39,55.7,54.12,23.87,0.27,4.66,70.9,0.0,2.74,50.92,0.17,52.91,19.66,11.21,64.7,726.0,27.53
Somalia,SOM,Africa,2022,573.14,0.4,53.93,54.12,27.6,0.27,4.61,89.2,0.0,2.85,49.74,0.07,53.5,19.11,11.21,67.19,622.0,28.38
Somalia,SOM,Africa,2023,596.89,0.39,58.82,54.12,26.12,0.29,4.79,67.3,0.0,3.74,50.6,0.09,54.07,18.96,11.21,66.68,563.0,29.26
South Africa,ZAF,Africa,2000,3217.85,0.5,58.37,83.68,5.35,1.69,4.36,46.5,4.91,7.34,57.8,0.11,56.26,22.79,0.13,63.62,175.0,38.88
South Africa,ZAF,Africa,2001,2847.15,0.5,57.16,83.9,6.35,1.76,4.36,47.2,4.64,7.12,57.8,0.15,57.0,22.65,0.24,64.83,192.0,39.21
South Africa,ZAF,Africa,2002,2688.24,0.5,55.58,83.92,6.71,1.55,4.44,47.6,4.55,6.68,57.8,0.12,57.67,22.58,2.88,64.35,225.0,39.58
South Africa,ZAF,Africa,2003,4062.22,0.51,54.24,85.23,7.01,1.9,4.61,48.3,4.35,7.04,65.0,0.42,58.37,22.68,0.17,66.59,245.0,39.98
South Africa,ZAF,Africa,2004,5221.46,0.51,53.96,88.72,8.43,1.48,4.41,48.7,4.51,6.94,65.0,0.34,59.1,22.57,0.05,66.22,259.0,40.39
South Africa,ZAF,Africa,2005,5836.88,0.51,53.91,88.72,7.49,1.8,4.28,47.7,4.52,6.86,65.0,0.06,59.82,22.47,0.16,67.02,279.0,40.8
South Africa,ZAF,Africa,2006,6077.38,0.51,54.22,88.72,7.61,1.58,4.39,46.0,4.53,6.88,65.0,0.18,60.53,22.3,10.96,64.93,283.0,41.22
South Africa,ZAF,Africa,2007,6591.86,0.52,54.95,88.72,8.07,1.74,4.37,44.0,4.45,6.91,62.5,0.33,61.18,22.26,0.27,68.01,272.0,41.65
South Africa,ZAF,Africa,2008,6184.75,0.51,55.98,88.72,8.43,1.94,4.15,41.0,4.37,7.15,62.5,0.33,61.77,22.41,0.1,67.48,272.0,42.14
South Africa,ZAF,Africa,2009,6374.71,0.52,57.41,92.89,10.0,1.88,4.07,38.2,4.76,7.65,62.5,0.31,62.26,23.52,0.09,70.21,241.0,42.64
South Africa,ZAF,Africa,2010,7973.47,0.52,58.89,92.88,24.0,1.68,4.08,36.0,5.13,7.79,60.9,0.37,62.63,24.68,17.93,70.0,226.0,43.15
South Africa,ZAF,Africa,2011,8646.06,0.52,60.6,93.1,33.97,1.75,4.2,34.5,5.29,7.94,60.9,0.23,62.85,24.64,0.09,71.8,202.0,43.69
South Africa,ZAF,Africa,2012,8076.98,0.53,61.74,93.73,41.0,2.26,4.06,33.3,5.52,8.0,60.9,0.67,62.96,24.73,0.17,72.0,194.0,44.34
South Africa,ZAF,Africa,2013,7331.65,0.53,62.39,93.73,46.5,2.11,4.12,32.1,5.35,8.1,59.6,0.39,63.05,24.56,0.17,70.92,180.0,45.07
South Africa,ZAF,Africa,2014,6856.73,0.54,63.18,94.14,49.0,1.71,4.15,30.7,5.49,7.87,59.6,0.27,63.14,24.89,0.55,71.49,162.0,45.83
South Africa,ZAF,Africa,2015,6112.27,0.54,64.05,94.37,51.92,2.18,4.02,29.3,5.48,8.05,59.6,0.0,63.21,25.15,1.18,71.31,150.0,46.76
South Africa,ZAF,Africa,2016,5651.21,0.54,64.75,91.74,54.0,1.81,4.1,28.0,5.44,8.08,59.6,0.73,63.28,26.54,1.53,72.68,141.0,47.2
South Africa,ZAF,Africa,2017,6618.34,0.55,65.42,91.74,56.17,2.0,3.91,26.8,5.6,7.98,59.6,0.42,63.33,27.04,2.11,75.8,134.0,47.51
South Africa,ZAF,Africa,2018,6914.18,0.54,65.73,95.02,62.4,1.77,3.92,25.8,5.64,8.08,48.98,0.21,63.38,26.91,2.66,72.21,128.0,48.32
South Africa,ZAF,Africa,2019,6533.71,0.55,66.07,95.02,69.7,1.91,3.89,25.1,5.91,8.25,54.1,0.51,63.41,28.47,2.95,74.12,119.0,49.12
South Africa,ZAF,Africa,2020,5580.6,0.55,65.15,95.02,72.11,1.76,3.92,24.5,6.17,9.02,54.1,0.32,63.44,29.22,3.4,76.36,118.0,49.92
South Africa,ZAF,Africa,2021,6828.76,0.55,62.01,90.0,74.97,2.36,3.65,24.3,6.56,8.66,54.1,0.42,63.45,34.01,3.67,77.31,191.0,50.7
South Africa,ZAF,Africa,2022,6534.25,0.56,65.45,90.0,78.29,1.95,3.77,24.3,6.16,8.75,54.1,0.45,63.48,33.27,3.67,75.83,129.0,51.42
South Africa,ZAF,Africa,2023,6034.27,0.56,66.14,91.15,78.34,2.24,3.82,24.3,6.12,8.91,54.1,0.21,63.58,32.1,3.67,77.98,118.0,52.11
South Korea,KOR,Asia,2000,12710.3,0.74,75.91,91.78,44.7,10.56,3.17,5.8,3.25,3.72,44.51,1.11,79.58,4.06,0.03,81.4,15.0,487.33
South Korea,KOR,Asia,2001,11981.48,0.75,76.41,90.94,56.6,13.1,2.93,5.5,3.25,4.17,45.5,0.83,79.88,3.7,0.03,80.02,14.0,489.66
South Korea,KOR,Asia,2002,13642.94,0.75,76.77,91.4,59.4,11.12,3.07,5.2,3.25,3.91,45.51,1.23,80.28,3.05,0.06,82.03,13.0,492.25
South Korea,KOR,Asia,2003,15211.55,0.76,77.21,91.59,65.5,10.46,2.83,4.9,7.56,4.47,31.7,1.32,80.71,3.35,0.06,81.47,13.0,494.76
South Korea,KOR,Asia,2004,17121.63,0.77,77.67,93.06,72.7,8.85,2.8,4.7,7.23,4.43,31.7,1.56,81.1,3.42,0.08,81.61,12.0,496.62
South Korea,KOR,Asia,2005,20167.05,0.77,78.17,97.97,73.5,13.54,2.74,4.3,7.15,4.65,31.7,1.59,81.39,3.48,0.1,82.36,11.0,497.52
South Korea,KOR,Asia,2006,22609.71,0.78,78.67,97.97,78.1,12.11,2.67,4.1,7.14,4.96,31.7,1.24,81.57,3.25,0.14,85.25,10.0,499.98
South Korea,KOR,Asia,2007,25078.49,0.79,79.12,97.97,78.8,11.36,2.66,3.8,6.92,4.96,31.7,1.64,81.71,3.01,0.23,86.58,10.0,502.31
South Korea,KOR,Asia,2008,22252.31,0.79,79.52,97.97,81.0,11.84,2.64,3.6,7.59,5.25,32.3,1.11,81.84,2.96,0.31,89.93,9.0,505.77
South Korea,KOR,Asia,2009,19937.3,0.8,79.97,97.97,81.6,11.02,2.48,3.4,7.32,5.69,32.3,1.41,81.92,3.36,0.43,87.17,9.0,508.01
South Korea,KOR,Asia,2010,24071.26,0.81,80.12,97.97,83.7,10.74,2.44,3.3,6.97,5.79,32.0,1.72,81.97,3.32,0.53,89.22,8.0,509.82
South Korea,KOR,Asia,2011,26175.24,0.82,80.57,97.97,83.76,10.78,2.26,3.2,7.46,5.9,32.0,2.05,81.96,2.99,0.56,91.45,8.0,513.8
South Korea,KOR,Asia,2012,26600.55,0.82,80.82,96.68,84.07,10.1,2.44,3.1,4.24,5.96,31.6,2.04,81.91,2.81,0.67,91.33,8.0,515.88
South Korea,KOR,Asia,2013,28449.36,0.83,81.27,98.45,84.77,9.64,2.16,3.0,4.24,6.07,31.6,1.33,81.83,3.07,0.83,92.26,7.0,517.61
South Korea,KOR,Asia,2014,30667.09,0.84,81.72,96.43,87.56,13.09,2.25,2.9,4.24,6.24,31.2,1.64,81.73,3.08,1.08,91.02,7.0,520.85
South Korea,KOR,Asia,2015,30171.79,0.84,82.02,99.9,89.9,11.57,2.11,2.9,4.24,6.46,31.2,0.96,81.64,3.55,1.54,93.77,6.0,523.53
South Korea,KOR,Asia,2016,30832.06,0.85,82.28,99.9,92.84,10.92,2.05,2.8,4.12,6.64,35.2,1.64,81.56,3.65,2.34,95.68,6.0,525.37
South Korea,KOR,Asia,2017,33296.98,0.86,82.63,99.1,95.07,11.16,2.04,2.7,4.11,6.8,34.9,1.89,81.47,3.65,2.75,96.06,6.0,526.73
South Korea,KOR,Asia,2018,35363.95,0.86,82.63,99.67,96.02,12.3,1.98,2.6,4.22,7.14,33.7,1.54,81.38,3.82,3.31,98.18,5.0,528.97
South Korea,KOR,Asia,2019,33826.94,0.87,83.23,99.9,96.16,11.21,1.89,2.6,4.42,7.69,33.2,2.23,81.29,3.75,4.2,98.74,5.0,530.38
South Korea,KOR,Asia,2020,33645.77,0.88,83.43,99.9,96.51,10.54,2.0,2.5,4.53,8.03,32.7,1.74,81.18,3.93,5.03,98.3,12.0,531.11
South Korea,KOR,Asia,2021,37518.46,0.89,83.53,99.9,97.57,13.69,1.85,2.5,4.56,8.34,32.9,1.41,81.16,3.64,5.51,97.7,5.0,530.43
South Korea,KOR,Asia,2022,34822.4,0.89,82.68,99.9,97.17,11.59,1.72,2.4,5.41,8.86,32.9,2.2,81.16,2.86,5.51,98.29,7.0,529.43
South Korea,KOR,Asia,2023,35674.1,0.9,83.43,99.9,97.42,11.2,1.75,2.4,5.41,8.57,32.9,2.07,81.16,2.68,5.51,99.9,4.0,529.84
Spain,ESP,Europe,2000,14743.27,0.72,78.97,90.47,13.62,9.33,3.24,4.4,4.17,6.8,34.1,1.03,76.17,13.78,2.78,78.39,5.0,81.3
Spain,ESP,Europe,2001,15368.23,0.72,79.37,97.17,18.15,7.94,3.21,4.2,4.11,6.77,34.1,1.25,76.32,10.35,3.56,78.87,5.0,81.94
Spain,ESP,Europe,2002,17111.07,0.72,79.57,97.17,20.39,9.18,3.14,4.1,4.13,6.8,31.8,1.43,76.49,11.15,4.88,79.05,5.0,83.02
Spain,ESP,Europe,2003,21522.02,0.72,79.62,97.17,39.93,8.18,3.08,4.1,4.17,7.59,31.8,1.33,76.71,11.28,5.86,82.93,4.0,84.51
Spain,ESP,Europe,2004,24925.03,0.72,79.87,97.17,44.01,10.09,3.26,3.9,4.15,7.68,33.3,1.21,76.95,11.09,6.81,81.95,5.0,85.98
Spain,ESP,Europe,2005,26450.95,0.73,80.17,97.75,47.88,9.44,3.07,3.8,4.14,7.78,32.4,1.42,77.22,9.15,8.12,82.07,5.0,87.47
Spain,ESP,Europe,2006,28421.69,0.73,80.82,97.75,50.37,9.18,3.09,3.7,4.18,7.87,33.5,1.45,77.5,8.45,8.75,81.74,4.0,88.98
Spain,ESP,Europe,2007,32652.02,0.73,80.87,97.94,55.11,8.82,2.89,3.6,4.25,7.96,34.1,1.09,77.77,8.23,10.16,83.03,4.0,90.61
Spain,ESP,Europe,2008,35603.25,0.74,81.18,97.63,59.6,9.99,2.92,3.4,4.52,8.43,34.2,1.02,78.04,11.25,12.36,81.98,4.0,92.13
Spain,ESP,Europe,2009,32279.82,0.74,81.48,97.68,62.4,8.86,2.92,3.3,4.9,9.15,34.9,1.07,78.29,17.86,16.18,82.79,4.0,92.98
Spain,ESP,Europe,2010,30658.74,0.74,81.63,97.75,65.8,9.23,2.98,3.2,4.84,9.17,35.2,1.23,78.51,19.86,18.4,83.04,4.0,93.15
Spain,ESP,Europe,2011,31824.62,0.74,82.48,97.78,67.09,10.11,2.76,3.0,4.72,9.22,35.7,1.24,78.7,21.39,19.37,86.68,4.0,93.51
Spain,ESP,Europe,2012,28456.44,0.75,82.43,97.89,69.81,9.79,2.88,2.9,4.46,9.22,35.4,1.15,78.85,24.79,22.32,85.02,4.0,93.51
Spain,ESP,Europe,2013,29228.85,0.76,83.08,98.08,71.64,9.0,2.63,2.9,4.33,9.14,36.2,1.29,78.99,26.09,26.1,84.93,4.0,93.17
Spain,ESP,Europe,2014,29707.77,0.75,83.23,98.09,76.19,10.62,2.64,2.8,4.28,9.15,36.1,1.14,79.12,24.44,25.51,87.14,4.0,92.88
Spain,ESP,Europe,2015,25982.44,0.75,82.83,98.14,78.69,9.9,2.73,2.7,4.25,9.18,36.2,1.44,79.25,22.06,24.55,86.58,4.0,92.91
Spain,ESP,Europe,2016,26755.61,0.76,83.33,98.25,80.56,9.37,2.73,2.7,4.19,8.88,35.8,1.15,79.36,19.64,24.84,86.12,3.0,93.0
Spain,ESP,Europe,2017,28381.34,0.76,83.28,98.25,84.6,10.12,2.57,2.7,4.18,9.02,34.7,1.53,79.47,17.22,25.25,88.9,3.0,93.23
Spain,ESP,Europe,2018,30602.42,0.77,83.43,98.44,86.11,10.4,2.63,2.7,4.15,9.07,34.7,0.8,79.56,15.26,25.35,88.67,3.0,93.64
Spain,ESP,Europe,2019,29786.52,0.76,83.83,98.44,90.72,8.85,2.67,2.6,4.2,9.22,34.3,1.35,79.63,14.1,27.94,88.41,3.0,94.32
Spain,ESP,Europe,2020,27233.94,0.77,82.23,98.59,93.21,8.62,2.49,2.6,4.85,10.79,34.9,1.81,79.7,15.53,31.62,90.77,4.0,94.8
Spain,ESP,Europe,2021,30799.48,0.78,83.18,99.7,93.9,10.2,2.66,2.6,4.81,10.34,33.9,1.33,79.78,14.91,35.04,90.92,4.0,94.94
Spain,ESP,Europe,2022,30319.5,0.77,83.13,99.7,94.49,11.01,2.42,2.6,4.59,9.68,33.6,1.76,79.95,13.03,35.04,91.74,4.0,95.63
Spain,ESP,Europe,2023,33493.22,0.78,83.93,99.7,95.45,11.2,2.44,2.6,4.59,9.22,33.4,1.6,80.13,12.18,35.04,93.78,3.0,96.76
Sri Lanka,LKA,Asia,2000,860.2,0.48,71.18,90.68,0.65,1.33,4.62,13.0,3.05,4.11,40.2,1.05,14.62,7.74,0.17,63.43,39.0,307.66
Sri Lanka,LKA,Asia,2001,803.54,0.48,71.8,90.68,0.79,1.38,4.53,12.7,3.05,4.06,40.2,0.16,14.57,7.9,0.2,60.15,37.0,312.56
Sri Lanka,LKA,Asia,2002,834.94,0.48,72.27,90.68,1.05,1.45,4.65,12.4,4.92,4.04,40.2,0.75,14.61,8.76,0.2,64.35,36.0,315.83
Sri Lanka,LKA,Asia,2003,946.38,0.48,72.44,90.68,1.46,1.7,4.72,12.1,5.6,3.65,40.2,0.04,14.73,8.22,0.37,63.41,35.0,318.16
Sri Lanka,LKA,Asia,2004,1028.62,0.48,68.02,90.81,1.45,1.49,4.58,16.8,5.17,4.04,40.2,0.03,14.91,8.38,0.18,63.63,37.0,320.33
Sri Lanka,LKA,Asia,2005,1207.22,0.48,73.07,90.81,1.79,1.18,4.36,11.2,5.31,3.88,39.7,0.9,15.17,7.67,0.22,66.45,32.0,322.38
Sri Lanka,LKA,Asia,2006,1388.9,0.48,72.82,90.81,2.54,1.51,4.48,10.7,2.06,3.85,39.7,0.07,15.48,6.5,0.22,66.94,32.0,324.55
Sri Lanka,LKA,Asia,2007,1578.63,0.49,72.98,90.81,3.88,1.24,4.55,10.1,2.06,3.82,39.7,1.16,15.85,5.97,0.2,66.75,31.0,326.78
Sri Lanka,LKA,Asia,2008,1973.58,0.49,72.56,90.56,4.82,1.3,4.35,9.7,2.06,3.85,36.1,0.06,16.28,5.22,0.31,65.59,30.0,328.96
Sri Lanka,LKA,Asia,2009,2026.66,0.5,70.3,90.56,5.87,1.4,4.39,13.3,2.06,4.06,36.1,0.57,16.74,5.85,0.43,68.11,28.0,330.99
Sri Lanka,LKA,Asia,2010,2808.36,0.5,74.46,91.18,6.91,1.8,4.33,9.1,1.66,3.74,36.1,0.04,17.25,4.78,0.88,66.94,26.0,332.95
Sri Lanka,LKA,Asia,2011,3224.96,0.5,74.74,91.18,7.96,1.42,4.22,8.9,1.74,3.58,38.7,0.74,17.79,4.12,1.16,68.48,25.0,335.02
Sri Lanka,LKA,Asia,2012,3327.78,0.5,75.19,91.18,9.0,1.47,4.28,8.5,1.45,3.31,38.7,0.83,18.26,3.88,1.61,67.95,24.0,337.58
Sri Lanka,LKA,Asia,2013,3739.43,0.51,75.55,92.53,10.04,1.55,4.29,8.1,1.56,3.69,38.7,0.26,18.43,4.19,2.24,69.6,23.0,328.26
Sri Lanka,LKA,Asia,2014,3972.04,0.5,75.76,92.53,10.5,1.38,4.19,7.7,1.86,3.47,38.7,0.33,18.62,4.16,16.24,68.4,23.0,331.33
Sri Lanka,LKA,Asia,2015,4057.72,0.51,75.99,92.55,15.26,1.43,4.26,7.4,2.11,3.68,39.3,1.31,18.8,4.52,3.19,70.84,22.0,338.81
Sri Lanka,LKA,Asia,2016,4149.19,0.51,76.14,92.39,22.19,1.27,4.06,7.0,3.23,3.62,39.3,0.52,18.97,4.24,3.07,72.02,22.0,342.67
Sri Lanka,LKA,Asia,2017,4398.89,0.51,76.24,91.9,25.08,1.45,4.13,6.7,2.59,3.33,39.3,0.38,19.15,4.05,3.45,71.61,21.0,346.61
Sri Lanka,LKA,Asia,2018,4358.56,0.52,76.48,91.71,28.34,1.34,4.07,6.5,1.99,3.64,37.7,0.63,19.32,4.32,3.86,72.01,21.0,350.28
Sri Lanka,LKA,Asia,2019,4081.95,0.52,76.7,92.25,32.02,1.22,4.05,6.2,1.99,3.7,37.7,0.26,19.49,4.67,4.66,73.92,20.0,352.43
Sri Lanka,LKA,Asia,2020,3847.6,0.54,76.93,92.38,36.18,1.76,4.0,6.0,1.56,4.27,37.7,0.21,19.66,5.36,4.98,73.66,23.0,354.33
Sri Lanka,LKA,Asia,2021,3996.96,0.54,76.28,92.43,44.45,1.53,3.93,5.8,1.51,5.19,37.7,0.33,19.83,4.98,7.77,74.3,34.0,358.16
Sri Lanka,LKA,Asia,2022,3342.64,0.53,77.3,92.49,48.3,1.59,3.84,5.5,1.2,3.98,37.7,0.22,19.99,4.53,7.77,72.07,22.0,358.57
Sri Lanka,LKA,Asia,2023,3798.89,0.53,77.48,92.66,51.2,1.66,3.82,5.3,1.83,3.68,49.44,0.05,20.15,4.53,7.77,76.45,18.0,356.24
Sudan,SDN,Africa,2000,362.12,0.37,58.95,61.35,0.03,0.26,5.35,70.5,1.01,3.61,48.73,0.13,32.34,15.6,3.88,55.02,645.0,203060165.0
Sudan,SDN,Africa,2001,451.29,0.37,59.26,61.35,0.14,0.29,5.24,68.6,1.01,3.36,48.76,0.5,32.38,15.56,2.75,55.24,616.0,208620390.0
Sudan,SDN,Africa,2002,506.26,0.37,59.31,61.35,0.44,0.27,5.28,66.7,1.16,3.3,52.33,0.06,32.4,15.51,3.88,55.2,588.0,214683783.0
Sudan,SDN,Africa,2003,580.32,0.38,58.32,61.35,0.54,0.29,5.22,64.8,1.16,3.89,51.37,0.65,32.43,15.52,3.88,59.07,593.0,221216868.0
Sudan,SDN,Africa,2004,705.11,0.38,56.77,80.4,0.79,0.23,5.24,67.8,1.31,4.16,50.64,0.8,32.45,15.54,4.03,57.99,536.0,227023532.0
Sudan,SDN,Africa,2005,905.54,0.38,57.23,53.52,0.79,0.33,5.13,66.4,1.18,4.09,48.57,0.49,32.46,15.54,3.76,56.79,506.0,233356780.0
Sudan,SDN,Africa,2006,1132.47,0.39,60.4,53.52,8.66,0.28,5.07,59.7,1.55,4.89,35.4,0.06,32.47,15.54,3.1,58.77,485.0,239879298.0
Sudan,SDN,Africa,2007,1444.37,0.38,61.44,53.52,8.66,0.34,5.17,58.2,1.55,5.66,35.4,0.16,32.48,15.53,2.98,56.94,445.0,246546511.0
Sudan,SDN,Africa,2008,1527.58,0.4,61.26,53.52,8.66,0.3,4.94,56.8,1.85,5.42,35.4,0.03,32.48,15.57,2.72,59.1,426.0,252896162.0
Sudan,SDN,Africa,2009,1178.22,0.39,62.68,53.52,8.66,0.29,4.98,55.5,2.02,6.39,35.4,0.55,32.58,13.0,2.33,59.16,382.0,19.77
Sudan,SDN,Africa,2010,1305.64,0.39,62.98,53.52,8.66,0.34,5.08,54.3,2.02,5.06,35.4,0.37,32.72,15.17,1.81,62.1,370.0,19.77
Sudan,SDN,Africa,2011,1332.66,0.39,63.18,53.52,27.53,0.35,4.92,53.1,2.02,5.62,35.4,0.16,32.91,17.44,1.48,63.04,357.0,19.77
Sudan,SDN,Africa,2012,1019.22,0.4,63.43,83.7,12.0,0.35,4.9,51.9,2.02,5.69,34.2,0.19,33.14,16.97,1.37,63.25,340.0,19.77
Sudan,SDN,Africa,2013,1138.63,0.4,63.44,84.31,12.0,0.36,4.73,50.8,4.33,6.96,34.2,0.32,33.43,16.27,1.47,62.9,327.0,20.23
Sudan,SDN,Africa,2014,1275.44,0.4,63.99,85.4,12.0,0.35,4.74,49.7,4.39,5.68,34.2,0.31,33.76,15.41,1.14,62.32,309.0,20.78
Sudan,SDN,Africa,2015,1292.38,0.41,64.38,86.04,12.0,0.35,4.76,48.4,5.27,5.81,34.2,0.0,34.09,14.39,1.01,66.11,298.0,21.43
Sudan,SDN,Africa,2016,1033.22,0.42,64.68,86.02,14.1,0.41,4.68,47.2,5.02,5.68,34.2,0.05,34.19,13.66,0.96,64.13,288.0,22.09
Sudan,SDN,Africa,2017,966.51,0.41,65.15,88.1,18.6,0.37,4.65,45.9,4.91,5.92,34.2,0.01,34.29,13.0,0.96,65.12,277.0,22.87
Sudan,SDN,Africa,2018,731.03,0.42,65.5,89.29,18.6,0.39,4.59,44.6,5.26,4.46,52.07,0.24,34.38,12.35,0.87,65.75,268.0,23.68
Sudan,SDN,Africa,2019,709.98,0.41,65.8,85.89,18.6,0.39,4.65,43.4,5.28,4.6,46.72,0.27,34.47,11.7,0.81,67.73,262.0,24.38
Sudan,SDN,Africa,2020,577.8,0.43,65.12,89.62,18.6,0.42,4.6,42.2,5.52,3.04,45.23,0.06,34.56,12.0,0.77,67.82,273.0,25.05
Sudan,SDN,Africa,2021,712.12,0.43,64.46,88.49,49.84,0.39,4.59,41.0,5.04,2.97,49.1,0.21,34.64,11.09,7.99,65.44,305.0,25.73
Sudan,SDN,Africa,2022,1046.24,0.43,65.69,89.68,53.3,0.41,4.57,39.8,5.71,3.79,50.73,0.13,34.72,7.53,7.51,67.71,263.0,26.44
Sudan,SDN,Africa,2023,797.28,0.43,66.33,89.95,54.31,0.47,4.4,44.0,5.28,2.85,49.1,0.41,34.8,7.53,17.53,66.58,256.0,26.79
Sweden,SWE,Europe,2000,29632.59,0.84,79.64,93.61,45.69,22.48,2.33,3.4,6.74,7.32,27.0,1.5,84.04,5.47,3.14,87.43,5.0,21.78
Sweden,SWE,Europe,2001,27259.32,0.85,79.8,93.28,51.77,16.78,2.43,3.3,6.61,7.89,26.5,1.68,84.08,4.73,2.64,88.15,5.0,21.84
Sweden,SWE,Europe,2002,29957.78,0.84,79.85,94.07,70.57,19.61,2.38,3.3,6.91,8.19,26.2,1.26,84.13,4.96,3.26,88.49,5.0,21.91
Sweden,SWE,Europe,2003,37292.24,0.85,80.1,95.95,79.13,17.16,2.53,3.2,6.8,8.32,25.3,1.41,84.2,5.56,3.83,88.22,5.0,21.99
Sweden,SWE,Europe,2004,42758.0,0.85,80.5,94.59,83.89,16.41,2.44,3.1,6.67,8.14,26.1,1.74,84.27,6.69,5.31,88.47,5.0,22.08
Sweden,SWE,Europe,2005,43378.41,0.86,80.55,95.31,84.83,21.73,2.26,3.0,6.52,8.16,26.8,2.21,84.35,7.81,5.32,91.18,5.0,22.17
Sweden,SWE,Europe,2006,46531.38,0.86,80.75,96.37,87.76,18.03,2.3,2.8,6.37,8.04,26.4,2.06,84.46,7.07,6.52,90.94,5.0,22.29
Sweden,SWE,Europe,2007,53568.31,0.86,80.9,96.61,82.01,17.45,2.22,2.7,6.19,7.99,27.1,2.42,84.59,6.16,7.56,93.16,5.0,22.46
Sweden,SWE,Europe,2008,55817.18,0.86,81.1,96.05,90.0,18.57,2.31,2.6,6.38,8.23,28.1,1.78,84.75,6.24,8.22,92.14,5.0,22.63
Sweden,SWE,Europe,2009,46707.64,0.87,81.35,97.57,91.0,15.3,2.15,2.6,6.78,8.78,27.3,1.49,84.93,8.35,10.21,92.63,5.0,22.83
Sweden,SWE,Europe,2010,52542.58,0.87,81.45,97.59,90.0,15.97,2.12,2.5,6.56,8.32,27.7,2.04,85.13,8.61,10.56,91.82,5.0,23.02
Sweden,SWE,Europe,2011,60379.48,0.87,81.8,98.15,92.77,17.11,2.08,2.5,6.41,10.5,27.6,1.86,85.36,7.8,11.74,94.63,5.0,23.2
Sweden,SWE,Europe,2012,57749.56,0.87,81.7,98.17,93.18,18.54,1.91,2.4,7.57,10.83,27.6,1.47,85.63,7.98,11.63,95.93,5.0,23.37
Sweden,SWE,Europe,2013,60843.99,0.88,81.96,98.12,94.78,18.5,2.0,2.4,7.65,10.99,28.8,1.93,85.92,8.05,13.92,95.83,5.0,23.57
Sweden,SWE,Europe,2014,59583.46,0.87,82.25,98.53,92.52,17.95,2.15,2.4,7.63,11.07,28.4,1.92,86.26,7.95,14.3,93.43,5.0,23.8
Sweden,SWE,Europe,2015,51188.17,0.89,82.2,99.9,90.61,19.16,1.85,2.3,7.49,10.93,29.2,1.73,86.62,7.43,16.77,97.55,5.0,24.06
Sweden,SWE,Europe,2016,51703.51,0.88,82.31,99.16,89.65,17.98,1.78,2.3,7.64,10.96,29.6,2.21,87.0,6.99,17.38,96.07,5.0,24.36
Sweden,SWE,Europe,2017,53210.22,0.89,82.41,99.9,93.01,17.09,1.82,2.3,7.64,10.95,28.8,1.69,87.24,6.72,18.21,96.26,5.0,24.69
Sweden,SWE,Europe,2018,54018.46,0.89,82.56,99.9,89.25,18.88,1.89,2.2,7.7,11.09,30.0,2.06,87.47,6.36,17.71,99.9,5.0,24.98
Sweden,SWE,Europe,2019,51648.99,0.89,83.11,99.9,94.49,16.9,1.93,2.2,7.66,10.93,29.3,1.93,87.71,6.83,19.93,98.28,4.0,25.24
Sweden,SWE,Europe,2020,52568.57,0.9,82.36,99.9,94.54,15.52,1.71,2.1,7.95,11.42,28.9,2.23,87.94,8.29,24.26,99.9,5.0,25.42
Sweden,SWE,Europe,2021,60647.54,0.89,83.06,99.9,94.67,17.93,1.58,2.1,7.6,11.23,29.8,2.02,88.17,8.8,24.36,97.91,5.0,25.57
Sweden,SWE,Europe,2022,54836.89,0.9,83.06,99.9,95.01,17.1,1.6,2.0,7.32,10.86,31.6,2.19,88.4,7.42,24.36,99.9,5.0,25.75
Sweden,SWE,Europe,2023,54950.28,0.91,83.31,99.9,95.7,19.61,1.63,2.0,7.32,11.15,29.3,1.73,88.63,7.61,24.36,99.9,4.0,25.87
Switzerland,CHE,Europe,2000,38865.02,0.95,79.68,95.92,47.1,37.91,1.82,4.7,4.66,9.13,33.4,2.05,73.3,2.66,1.27,94.51,9.0,181.77
Switzerland,CHE,Europe,2001,39638.79,0.95,80.18,96.6,55.1,29.9,1.8,4.6,4.82,9.46,33.4,2.39,73.38,2.49,1.24,96.05,8.0,182.93
Switzerland,CHE,Europe,2002,42458.74,0.96,80.39,96.96,61.4,28.74,1.65,4.5,5.18,9.88,31.7,2.06,73.42,2.92,1.39,97.3,9.0,184.33
Switzerland,CHE,Europe,2003,49335.75,0.96,80.54,98.45,65.1,24.9,1.7,4.5,5.38,10.14,31.7,2.52,73.45,4.12,1.44,98.81,8.0,185.7
Switzerland,CHE,Europe,2004,54659.46,0.96,81.09,97.13,67.8,19.05,1.71,4.4,5.31,10.23,31.6,2.8,73.48,4.32,1.53,98.21,8.0,186.99
Switzerland,CHE,Europe,2005,56242.89,0.96,81.24,98.13,70.1,27.66,1.66,4.3,5.08,10.06,31.6,1.89,73.5,4.44,1.77,96.64,8.0,188.2
Switzerland,CHE,Europe,2006,59011.03,0.97,81.49,98.93,75.7,30.53,1.51,4.2,4.84,9.58,33.9,2.22,73.51,4.0,1.85,99.24,8.0,189.39
Switzerland,CHE,Europe,2007,64989.16,0.97,81.74,99.84,77.2,30.52,1.36,4.1,4.58,9.42,34.3,2.74,73.53,3.64,1.81,98.39,7.0,191.09
Switzerland,CHE,Europe,2008,74175.19,0.97,81.99,99.9,79.2,26.58,1.43,4.0,4.76,9.53,33.8,2.06,73.55,3.35,1.87,97.79,7.0,193.54
Switzerland,CHE,Europe,2009,71568.31,0.97,82.04,99.45,81.3,36.08,1.66,4.0,4.93,10.14,32.9,2.32,73.57,4.11,1.92,99.9,7.0,195.98
Switzerland,CHE,Europe,2010,76531.37,0.97,82.25,98.57,83.9,34.6,1.42,3.9,4.8,9.99,32.6,2.25,73.61,4.81,2.08,99.9,7.0,198.03
Switzerland,CHE,Europe,2011,90476.76,0.99,82.7,99.9,85.19,26.65,1.46,3.9,4.86,10.1,31.7,2.45,73.65,4.41,2.52,99.9,7.0,200.25
Switzerland,CHE,Europe,2012,85836.21,0.98,82.7,99.9,85.2,28.22,1.49,3.8,4.9,10.34,31.6,2.63,73.75,4.49,2.76,99.9,7.0,202.39
Switzerland,CHE,Europe,2013,87304.33,0.98,82.8,99.9,86.34,28.66,1.5,3.8,4.91,10.59,32.5,2.51,74.11,4.75,3.16,99.9,7.0,204.73
Switzerland,CHE,Europe,2014,88724.99,0.99,83.2,99.9,83.62,29.87,1.38,3.8,4.93,10.68,32.5,2.02,74.74,4.83,3.67,99.9,6.0,207.25
Switzerland,CHE,Europe,2015,83806.45,0.98,82.9,99.9,87.48,30.95,1.23,3.7,5.0,10.98,32.3,1.85,75.6,4.8,4.21,99.9,6.0,209.63
Switzerland,CHE,Europe,2016,82153.07,1.0,83.6,99.9,89.13,24.19,1.13,3.7,4.98,11.2,33.0,2.34,76.67,4.92,5.05,99.9,7.0,211.93
Switzerland,CHE,Europe,2017,82254.38,1.0,83.55,99.9,89.69,27.77,1.2,3.6,5.02,11.37,32.7,2.62,77.91,4.8,5.82,99.9,6.0,213.92
Switzerland,CHE,Europe,2018,85217.37,1.0,83.75,99.9,91.8,29.76,1.19,3.6,4.93,11.2,33.1,2.08,79.29,4.71,5.63,99.9,6.0,215.5
Switzerland,CHE,Europe,2019,84121.93,1.0,83.9,99.9,93.15,28.85,1.18,3.5,5.01,11.43,34.0,2.77,80.78,4.39,5.71,99.9,6.0,217.04
Switzerland,CHE,Europe,2020,85897.78,1.0,83.0,99.9,94.35,28.73,1.07,3.5,5.28,11.99,33.7,2.4,82.34,4.82,6.59,99.9,5.0,218.63
Switzerland,CHE,Europe,2021,93664.77,1.0,83.75,99.9,95.57,24.04,1.14,3.5,5.03,11.96,33.8,2.75,84.2,5.01,7.63,99.9,4.0,220.31
Switzerland,CHE,Europe,2022,94394.51,1.0,83.6,99.9,96.45,26.94,1.05,3.5,4.86,11.6,33.8,2.47,84.92,4.12,7.63,99.9,4.0,222.15
Switzerland,CHE,Europe,2023,100623.55,1.0,84.16,99.9,97.34,26.61,1.17,3.4,4.86,11.69,33.8,2.27,85.19,4.04,7.63,99.9,5.0,224.98
Syria,SYR,Asia,2000,1138.19,0.39,70.86,82.89,0.18,0.44,5.21,20.8,4.55,4.57,37.5,0.44,51.88,9.59,0.13,57.1,31.0,90.53
Syria,SYR,Asia,2001,1186.83,0.38,71.3,82.89,0.35,0.39,5.21,20.1,4.55,4.71,37.5,0.94,52.29,11.63,0.13,56.95,29.0,92.78
Syria,SYR,Asia,2002,1183.25,0.4,71.74,82.89,2.09,0.45,5.04,19.4,5.27,4.96,37.5,0.34,52.7,10.94,0.12,59.74,26.0,95.05
Syria,SYR,Asia,2003,1220.18,0.4,72.19,82.89,3.4,0.37,5.05,18.9,6.48,5.14,37.5,0.35,53.1,10.28,0.11,59.98,24.0,97.44
Syria,SYR,Asia,2004,1368.11,0.4,72.49,80.84,4.32,0.45,4.97,18.5,5.37,4.5,37.5,1.08,53.5,9.51,0.11,61.03,22.0,99.89
Syria,SYR,Asia,2005,1533.9,0.41,72.8,80.84,5.65,0.46,4.96,18.1,5.37,4.13,40.1,1.72,53.82,8.81,0.1,59.96,21.0,102.49
Syria,SYR,Asia,2006,1718.78,0.42,73.04,80.84,7.83,0.49,4.96,17.8,5.28,3.8,40.1,0.09,54.06,8.17,0.09,60.57,20.0,106.94
Syria,SYR,Asia,2007,1937.61,0.42,73.26,80.84,11.5,0.51,4.84,17.6,4.86,3.74,40.1,0.13,54.29,8.42,0.09,62.14,19.0,113.72
Syria,SYR,Asia,2008,2429.12,0.42,73.37,82.18,14.0,0.48,4.77,17.5,4.6,3.41,40.4,2.16,54.59,10.94,0.08,62.14,20.0,117.82
Syria,SYR,Asia,2009,2462.2,0.41,73.5,84.78,17.3,0.53,4.79,17.5,5.13,3.57,40.4,1.21,55.03,8.14,0.08,61.37,19.0,119.67
Syria,SYR,Asia,2010,2730.61,0.42,73.54,83.65,20.7,0.51,4.68,17.5,5.13,3.35,40.4,1.18,55.7,8.61,0.07,61.36,19.0,122.43
Syria,SYR,Asia,2011,2952.14,0.42,72.26,84.75,22.5,0.56,4.74,18.7,5.13,2.66,40.4,0.69,58.48,8.63,0.73,64.48,21.0,124.59
Syria,SYR,Asia,2012,1897.66,0.42,66.21,85.79,24.3,0.5,4.7,23.8,5.13,3.22,40.4,0.09,65.09,13.8,0.91,65.15,22.0,123.94
Syria,SYR,Asia,2013,985.89,0.43,65.15,85.83,26.2,0.54,4.66,25.0,4.89,3.78,48.84,0.05,73.06,14.5,0.12,64.73,25.0,117.99
Syria,SYR,Asia,2014,1060.59,0.43,65.49,86.5,28.09,0.56,4.6,24.6,5.26,4.23,50.75,0.65,76.0,14.78,0.14,64.69,25.0,110.4
Syria,SYR,Asia,2015,847.73,0.43,63.26,86.54,29.98,0.63,4.65,25.5,5.14,3.67,51.98,0.23,75.75,14.24,0.17,67.21,24.0,105.78
Syria,SYR,Asia,2016,656.35,0.44,65.19,88.01,31.87,0.54,4.61,23.7,4.56,3.89,51.06,0.32,75.15,13.8,0.18,66.16,23.0,104.52
Syria,SYR,Asia,2017,851.5,0.44,65.65,89.23,32.7,0.55,4.66,24.2,4.26,3.91,50.83,1.72,74.54,13.6,0.16,66.36,23.0,104.69
Syria,SYR,Asia,2018,1098.07,0.44,67.37,94.42,33.77,0.49,4.58,24.2,4.54,3.94,48.36,0.3,74.06,13.5,0.14,65.98,21.0,106.62
Syria,SYR,Asia,2019,1109.54,0.44,70.97,94.42,33.77,0.58,4.52,21.1,5.35,3.97,26.4,0.3,73.82,13.37,0.15,67.5,24.0,110.84
Syria,SYR,Asia,2020,572.36,0.46,71.94,94.42,33.77,0.54,4.44,20.0,5.98,3.67,26.4,0.0,73.41,15.18,0.21,69.82,23.0,114.63
Syria,SYR,Asia,2021,663.61,0.45,72.42,94.42,33.77,0.63,4.49,19.3,5.31,3.5,26.4,0.34,73.01,14.89,0.37,70.7,30.0,117.78
Syria,SYR,Asia,2022,1051.67,0.45,72.79,94.42,53.7,0.59,4.43,19.1,4.95,3.38,26.4,0.06,72.61,13.24,0.37,71.35,21.0,122.32
Syria,SYR,Asia,2023,1051.67,0.45,72.12,94.42,59.65,0.66,4.46,18.6,4.88,2.71,26.4,0.73,72.17,13.27,0.37,68.57,20.0,128.49
Tanzania,TZA,Africa,2000,401.7,0.39,53.24,69.43,0.12,0.4,5.18,85.2,1.5,3.42,37.3,0.31,22.19,3.13,5.68,56.13,568.0,38.68
Tanzania,TZA,Africa,2001,396.64,0.39,54.12,69.43,0.17,0.34,5.07,80.3,1.5,4.24,37.3,0.3,22.6,2.99,1.99,54.9,493.0,39.74
Tanzania,TZA,Africa,2002,402.65,0.38,54.94,69.43,0.22,0.4,5.2,75.3,3.56,4.69,37.3,0.2,23.03,3.02,0.22,55.87,454.0,40.78
Tanzania,TZA,Africa,2003,422.18,0.39,55.93,69.43,0.68,0.37,5.19,70.6,3.56,5.34,37.3,0.43,23.52,3.05,10.3,56.52,397.0,41.87
Tanzania,TZA,Africa,2004,450.39,0.39,56.84,69.43,0.88,0.41,5.15,66.3,3.56,5.74,40.3,0.22,24.08,3.1,2.24,57.21,365.0,43.02
Tanzania,TZA,Africa,2005,483.33,0.39,57.68,69.43,1.1,0.42,5.14,62.3,3.55,6.32,40.3,0.24,24.71,3.19,2.25,59.84,350.0,44.23
Tanzania,TZA,Africa,2006,475.75,0.4,58.51,82.23,1.3,0.39,4.94,58.9,3.01,7.6,40.3,0.34,25.37,3.3,2.34,60.02,366.0,45.49
Tanzania,TZA,Africa,2007,543.2,0.39,59.26,82.08,1.6,0.38,5.06,55.5,4.03,6.88,40.3,0.28,26.07,3.02,1.79,57.48,453.0,46.78
Tanzania,TZA,Africa,2008,675.98,0.41,59.9,82.49,1.9,0.46,5.01,53.0,4.19,5.56,40.3,0.39,26.79,2.78,2.09,57.82,511.0,48.06
Tanzania,TZA,Africa,2009,693.82,0.4,60.49,78.1,2.4,0.44,4.96,50.3,3.96,5.06,40.3,0.22,27.5,2.5,2.03,61.4,502.0,49.26
Tanzania,TZA,Africa,2010,736.53,0.42,61.13,78.1,2.9,0.43,4.73,48.3,4.54,5.22,37.8,0.47,28.2,3.03,2.0,62.5,486.0,50.53
Tanzania,TZA,Africa,2011,775.39,0.41,61.62,78.1,3.2,0.45,4.9,46.4,4.58,5.06,37.8,0.26,28.87,3.47,2.7,61.02,475.0,51.96
Tanzania,TZA,Africa,2012,861.97,0.42,62.29,78.1,3.95,0.41,4.81,44.8,4.23,5.02,37.8,0.51,29.49,3.22,2.62,64.09,448.0,53.48
Tanzania,TZA,Africa,2013,963.06,0.41,62.79,78.1,4.4,0.47,4.82,43.5,4.64,4.65,37.8,0.41,30.07,2.93,2.66,62.52,479.0,55.12
Tanzania,TZA,Africa,2014,1022.75,0.42,63.36,79.89,7.0,0.52,4.63,42.1,3.38,4.01,37.8,0.04,30.64,2.12,3.07,63.45,454.0,56.84
Tanzania,TZA,Africa,2015,939.13,0.43,63.93,77.89,10.0,0.52,4.71,40.8,4.19,3.65,40.5,0.21,31.21,2.01,3.28,64.81,433.0,58.73
Tanzania,TZA,Africa,2016,953.01,0.43,64.4,77.89,13.5,0.45,4.68,39.3,4.1,3.96,40.5,0.35,31.76,1.93,3.41,65.93,396.0,60.76
Tanzania,TZA,Africa,2017,986.67,0.43,64.96,77.89,14.46,0.46,4.66,37.5,4.43,4.02,40.5,0.04,32.3,1.85,3.45,66.16,345.0,62.83
Tanzania,TZA,Africa,2018,1023.11,0.44,65.49,82.24,15.49,0.53,4.51,35.9,3.7,4.33,40.5,0.0,32.83,1.79,3.46,66.61,319.0,64.84
Tanzania,TZA,Africa,2019,1063.32,0.44,66.01,82.24,16.59,0.44,4.6,34.5,3.6,4.02,40.5,0.06,33.35,1.74,3.21,68.25,292.0,66.8
Tanzania,TZA,Africa,2020,1117.42,0.44,66.77,82.24,19.48,0.56,4.46,33.2,3.23,3.05,40.5,0.1,33.85,1.79,3.22,66.69,160.0,68.83
Tanzania,TZA,Africa,2021,1159.86,0.44,66.13,82.24,22.88,0.58,4.56,32.1,3.12,3.47,40.5,0.18,34.35,1.88,3.51,69.06,162.0,70.93
Tanzania,TZA,Africa,2022,1207.52,0.44,66.88,78.21,26.86,0.56,4.41,30.9,3.24,3.13,49.39,0.37,34.82,1.57,3.51,67.57,152.0,73.05
Tanzania,TZA,Africa,2023,1224.0,0.44,67.0,78.21,28.43,0.55,4.52,29.7,3.26,3.05,51.57,0.44,35.47,1.56,3.51,70.29,276.0,75.21
Thailand,THA,Asia,2000,2005.98,0.53,71.2,92.65,3.69,2.41,4.34,18.3,5.25,3.1,42.8,0.39,31.46,2.39,0.85,68.06,49.0,123.33
Thailand,THA,Asia,2001,1889.93,0.54,71.52,92.65,5.56,2.73,4.29,17.4,4.82,3.03,42.8,0.22,32.74,2.6,0.8,66.19,47.0,124.59
Thailand,THA,Asia,2002,2089.75,0.54,71.78,92.65,7.53,2.69,4.33,16.6,3.86,3.33,41.9,0.03,34.07,1.82,0.94,68.64,44.0,125.79
Thailand,THA,Asia,2003,2347.54,0.53,72.1,93.51,9.3,2.25,4.24,15.9,3.73,3.24,41.9,0.37,35.43,1.54,1.29,67.38,42.0,126.97
Thailand,THA,Asia,2004,2641.56,0.54,72.1,93.51,10.68,2.64,4.13,15.2,4.03,3.14,42.5,0.12,36.79,1.51,1.59,68.14,44.0,128.11
Thailand,THA,Asia,2005,2867.7,0.55,72.89,93.51,15.03,2.47,4.1,14.5,3.94,3.16,42.5,0.55,38.13,1.35,1.79,70.79,40.0,129.22
Thailand,THA,Asia,2006,3331.32,0.55,73.34,93.51,17.16,2.7,4.07,13.9,4.05,3.1,41.8,0.22,39.44,1.22,1.77,72.52,38.0,130.3
Thailand,THA,Asia,2007,3918.53,0.55,73.78,93.51,20.03,2.58,4.1,13.4,3.6,3.19,39.8,0.59,40.7,1.18,1.97,70.6,38.0,131.34
Thailand,THA,Asia,2008,4309.14,0.55,74.22,96.43,18.2,2.58,4.06,12.9,3.51,3.46,40.3,0.27,41.9,1.18,2.57,73.23,37.0,132.36
Thailand,THA,Asia,2009,4135.44,0.56,74.67,96.43,20.1,2.38,3.95,12.4,3.86,3.62,39.6,0.06,43.0,1.49,2.46,68.43,37.0,133.34
Thailand,THA,Asia,2010,4973.86,0.55,75.01,96.43,22.4,2.77,4.09,11.9,3.51,3.39,39.4,0.39,44.0,0.62,2.62,70.99,37.0,134.24
Thailand,THA,Asia,2011,5373.62,0.56,75.3,96.43,23.67,2.6,4.03,11.5,4.81,3.57,37.5,0.48,44.8,0.66,7.65,71.32,37.0,135.07
Thailand,THA,Asia,2012,5725.53,0.57,75.59,93.7,26.46,2.44,3.87,11.1,4.54,3.52,39.3,0.59,45.37,0.58,7.57,73.02,36.0,135.91
Thailand,THA,Asia,2013,6018.08,0.57,75.96,93.7,28.94,2.99,3.91,10.8,4.12,3.45,37.8,0.43,45.83,0.25,8.83,75.14,35.0,136.71
Thailand,THA,Asia,2014,5801.2,0.57,76.28,93.7,34.89,2.53,3.97,10.4,3.92,3.68,37.0,0.57,46.31,0.58,9.45,73.77,34.0,137.44
Thailand,THA,Asia,2015,5688.85,0.58,76.56,92.87,39.32,2.01,3.71,10.1,3.86,3.85,36.0,0.1,46.95,0.6,10.92,73.73,34.0,138.07
Thailand,THA,Asia,2016,5833.58,0.57,76.77,91.98,47.5,2.66,3.84,9.8,3.77,3.94,36.7,0.56,47.88,0.69,18.96,74.41,34.0,138.7
Thailand,THA,Asia,2017,6413.09,0.58,76.99,91.98,52.89,3.1,3.69,9.5,3.47,3.85,36.4,0.53,49.23,0.83,17.58,77.26,34.0,139.29
Thailand,THA,Asia,2018,7099.78,0.58,77.19,93.77,56.82,2.98,3.78,9.2,3.2,3.87,36.4,0.93,54.58,0.76,19.64,78.55,34.0,139.71
Thailand,THA,Asia,2019,7605.7,0.58,77.2,91.27,66.65,2.93,3.85,8.9,3.02,3.79,34.9,0.63,55.93,0.72,21.84,76.43,34.0,140.0
Thailand,THA,Asia,2020,6985.64,0.58,77.33,91.27,77.84,2.93,3.52,8.7,3.15,4.36,35.0,0.43,57.24,1.1,16.16,80.41,36.0,140.23
Thailand,THA,Asia,2021,7057.21,0.59,77.61,91.1,85.27,2.71,3.59,8.4,2.98,5.15,34.9,0.3,58.51,1.22,17.3,77.09,38.0,140.4
Thailand,THA,Asia,2022,6909.35,0.6,75.29,91.1,87.98,3.12,3.6,8.2,2.61,5.35,34.3,0.7,59.74,0.94,17.3,78.56,112.0,140.41
Thailand,THA,Asia,2023,7195.1,0.59,76.41,91.1,89.54,2.83,3.36,7.9,2.52,4.54,33.5,0.43,60.93,0.73,17.3,81.0,34.0,140.35
Tunisia,TUN,Africa,2000,2199.04,0.46,72.6,82.37,2.75,1.29,4.68,23.9,6.2,4.81,40.8,0.29,63.62,14.94,0.23,58.67,56.0,62.85
Tunisia,TUN,Africa,2001,2235.72,0.46,72.82,74.3,4.3,0.95,4.78,22.7,6.2,4.86,40.8,0.04,63.95,14.4,0.23,61.5,55.0,63.53
Tunisia,TUN,Africa,2002,2320.77,0.46,73.07,74.3,5.25,1.23,4.78,21.6,5.79,5.12,40.8,0.17,64.28,14.55,0.27,60.94,53.0,64.18
Tunisia,TUN,Africa,2003,2725.86,0.47,73.3,74.3,6.49,1.35,4.58,20.5,6.82,5.21,37.7,0.16,64.61,14.51,0.31,64.23,52.0,64.83
Tunisia,TUN,Africa,2004,3067.42,0.48,73.52,74.3,8.53,1.05,4.69,19.7,6.72,5.2,37.7,0.08,64.93,14.23,0.38,63.91,50.0,65.44
Tunisia,TUN,Africa,2005,3146.83,0.47,73.71,74.3,9.66,1.28,4.55,18.9,6.45,5.15,37.7,0.44,65.23,12.87,4.9,65.91,49.0,66.01
Tunisia,TUN,Africa,2006,3322.57,0.48,73.89,77.19,12.99,1.03,4.47,18.2,6.44,5.13,37.7,0.07,65.52,12.51,0.3,65.04,48.0,66.6
Tunisia,TUN,Africa,2007,3726.92,0.48,74.04,77.19,17.1,1.4,4.43,17.7,6.46,5.18,37.7,0.45,65.8,12.36,0.33,62.79,46.0,67.21
Tunisia,TUN,Africa,2008,4255.05,0.48,74.19,77.71,27.53,1.35,4.42,17.2,6.27,5.16,38.5,0.17,66.07,12.44,0.35,64.5,45.0,67.86
Tunisia,TUN,Africa,2009,4080.09,0.48,74.32,77.71,34.07,1.27,4.57,16.9,6.53,5.41,38.5,0.05,66.34,13.29,0.66,66.8,44.0,68.55
Tunisia,TUN,Africa,2010,4291.86,0.49,74.44,79.13,36.8,1.2,4.41,16.7,5.96,5.61,38.5,0.53,66.63,13.05,0.87,68.42,44.0,69.3
Tunisia,TUN,Africa,2011,4420.65,0.5,74.47,79.65,39.1,1.18,4.41,16.5,5.96,6.12,38.5,0.11,66.92,18.33,0.69,67.86,44.0,70.07
Tunisia,TUN,Africa,2012,4297.27,0.49,74.6,80.22,41.44,1.29,4.4,16.4,5.95,6.29,38.5,0.66,67.21,17.63,1.14,66.28,43.0,70.87
Tunisia,TUN,Africa,2013,4369.79,0.49,74.67,80.22,43.8,1.39,4.21,16.3,5.95,6.51,32.8,0.54,67.5,15.93,2.04,67.64,43.0,71.71
Tunisia,TUN,Africa,2014,4458.98,0.5,74.78,79.04,46.16,1.32,4.2,16.1,6.22,6.45,32.8,0.67,67.75,14.26,2.8,69.37,42.0,72.57
Tunisia,TUN,Africa,2015,4014.95,0.51,74.88,79.04,46.5,1.14,4.27,16.0,6.22,6.21,32.8,0.51,67.88,15.16,2.53,70.51,40.0,73.39
Tunisia,TUN,Africa,2016,3847.8,0.51,75.01,79.04,49.6,1.22,4.16,15.8,6.22,6.25,32.8,0.08,68.06,15.56,2.74,68.99,39.0,74.21
Tunisia,TUN,Africa,2017,3619.03,0.51,75.18,79.48,55.5,1.37,4.13,15.5,6.22,6.19,32.8,0.75,68.29,15.33,2.6,69.81,38.0,74.99
Tunisia,TUN,Africa,2018,3628.1,0.51,75.37,79.48,64.19,1.4,4.2,15.1,6.17,5.94,32.8,0.37,68.55,15.46,2.72,68.9,38.0,75.73
Tunisia,TUN,Africa,2019,3528.87,0.52,75.6,80.55,66.7,1.37,3.99,14.4,6.17,6.02,33.7,0.22,68.82,17.15,2.93,74.18,37.0,76.44
Tunisia,TUN,Africa,2020,3548.65,0.52,75.0,80.55,68.56,1.36,3.99,13.5,7.27,7.06,33.7,0.16,69.1,17.65,2.89,73.16,40.0,77.07
Tunisia,TUN,Africa,2021,3906.94,0.52,72.89,83.68,68.32,1.21,4.02,12.5,6.68,7.34,33.7,0.36,69.4,16.63,2.69,72.17,65.0,77.55
Tunisia,TUN,Africa,2022,3707.29,0.52,76.05,83.68,68.32,1.51,3.91,11.5,6.8,7.51,33.7,0.75,69.71,15.3,2.69,72.79,38.0,78.01
Tunisia,TUN,Africa,2023,3951.12,0.52,76.51,86.25,76.5,1.5,3.94,10.5,6.73,7.99,33.7,0.27,70.03,15.11,2.69,74.76,36.0,78.53
Turkey,TUR,Asia,2000,4199.38,0.55,71.93,85.84,3.76,3.13,4.27,30.7,6.07,4.6,41.4,0.4,58.97,6.5,0.22,66.86,32.0,85.01
Turkey,TUR,Asia,2001,3052.23,0.55,72.27,87.37,5.19,3.29,4.12,28.5,5.37,4.89,41.4,0.9,59.87,8.38,0.27,68.18,31.0,86.07
Turkey,TUR,Asia,2002,3591.09,0.56,72.6,87.37,11.38,3.43,4.0,26.4,6.01,5.06,41.4,0.83,60.74,10.36,0.22,68.36,30.0,87.12
Turkey,TUR,Asia,2003,4649.64,0.56,72.91,87.37,12.33,3.13,4.26,24.4,6.11,5.01,42.2,0.54,61.58,10.54,0.16,69.66,29.0,88.14
Turkey,TUR,Asia,2004,5979.61,0.56,73.22,87.37,14.58,3.35,4.08,22.5,5.66,4.91,41.3,1.18,62.44,10.84,0.15,68.92,28.0,89.12
Turkey,TUR,Asia,2005,7331.85,0.57,73.51,88.23,15.46,2.62,4.09,20.9,6.19,4.89,42.6,0.42,63.33,10.64,0.12,71.84,27.0,90.08
Turkey,TUR,Asia,2006,7990.08,0.57,73.8,88.12,18.24,3.6,3.98,19.3,6.41,5.15,39.6,0.32,64.29,10.23,0.16,72.52,26.0,91.01
Turkey,TUR,Asia,2007,9766.92,0.57,74.13,88.66,28.63,3.61,3.82,17.9,5.34,5.24,38.4,0.59,65.34,10.28,0.32,71.36,25.0,91.16
Turkey,TUR,Asia,2008,10913.41,0.57,74.38,88.66,34.37,3.74,3.98,16.7,4.22,5.22,39.0,0.02,66.51,10.96,0.58,71.08,24.0,92.32
Turkey,TUR,Asia,2009,9076.92,0.57,74.68,90.82,36.4,2.84,3.92,15.5,4.22,5.49,39.0,0.77,67.84,14.03,1.12,74.03,23.0,93.6
Turkey,TUR,Asia,2010,10698.97,0.58,74.96,92.66,39.82,3.44,3.76,14.5,4.22,5.02,38.8,0.38,69.35,11.88,1.86,72.78,23.0,95.04
Turkey,TUR,Asia,2011,11373.64,0.58,74.82,94.11,43.07,3.31,3.72,13.6,4.22,4.65,40.0,0.46,71.0,9.79,2.52,74.08,23.0,96.44
Turkey,TUR,Asia,2012,11776.76,0.58,75.55,94.92,45.13,2.84,3.83,12.8,4.39,4.44,40.2,0.92,73.78,9.21,3.08,74.22,21.0,97.68
Turkey,TUR,Asia,2013,12635.56,0.59,76.17,95.26,46.25,3.07,3.74,12.1,4.34,4.37,40.2,0.55,78.52,9.71,4.09,74.22,20.0,98.94
Turkey,TUR,Asia,2014,12209.39,0.59,76.45,95.44,51.04,2.83,3.78,11.5,4.41,4.33,41.2,0.35,83.6,9.9,4.76,73.57,20.0,100.28
Turkey,TUR,Asia,2015,11064.65,0.59,76.54,95.6,53.74,2.92,3.81,11.0,4.31,4.12,42.9,0.16,87.22,10.3,6.31,74.84,19.0,101.63
Turkey,TUR,Asia,2016,10984.36,0.6,76.6,95.86,58.35,3.12,3.59,10.5,4.63,4.28,41.9,1.08,88.1,10.9,8.39,78.57,19.0,103.01
Turkey,TUR,Asia,2017,10756.39,0.6,77.04,96.15,64.68,3.07,3.71,10.1,4.32,4.18,43.5,0.59,88.03,10.92,9.76,77.67,18.0,104.35
Turkey,TUR,Asia,2018,9684.12,0.59,77.45,96.15,71.04,2.85,3.54,9.7,4.3,4.12,42.4,0.8,88.17,10.96,12.41,77.23,17.0,105.77
Turkey,TUR,Asia,2019,9395.23,0.6,77.74,96.74,73.98,3.13,3.6,9.4,4.45,4.36,43.8,0.7,88.66,13.73,14.29,79.47,17.0,107.3
Turkey,TUR,Asia,2020,8798.12,0.61,76.53,96.74,77.67,3.35,3.41,9.1,4.03,4.62,43.0,0.99,88.93,13.15,16.39,79.82,19.0,108.34
Turkey,TUR,Asia,2021,9981.76,0.61,75.72,97.26,81.41,3.21,3.32,8.8,3.54,4.56,44.4,0.87,89.18,11.97,18.71,80.52,20.0,109.33
Turkey,TUR,Asia,2022,10897.84,0.61,77.59,97.26,83.44,3.06,3.45,8.5,3.1,3.7,44.5,0.41,89.04,10.46,18.71,79.17,21.0,110.42
Turkey,TUR,Asia,2023,13375.09,0.61,77.16,97.26,85.96,2.88,3.39,9.8,3.1,4.28,43.7,0.42,89.02,9.39,18.71,78.77,15.0,110.87
Uganda,UGA,Africa,2000,258.05,0.37,49.64,68.14,0.16,0.29,5.21,89.3,2.46,5.08,43.0,0.23,11.64,3.53,3.49,53.5,475.0,120.11
Uganda,UGA,Africa,2001,236.02,0.38,50.58,68.14,0.24,0.29,5.24,85.5,2.46,5.05,45.2,0.08,11.9,3.52,3.95,55.02,440.0,123.85
Uganda,UGA,Africa,2002,241.98,0.38,51.44,68.14,0.38,0.3,5.37,81.2,2.46,4.77,45.2,0.28,12.2,3.5,4.23,57.77,416.0,127.79
Uganda,UGA,Africa,2003,250.72,0.38,52.41,68.14,0.46,0.26,4.98,76.6,4.95,4.3,45.2,0.07,12.59,3.6,2.79,57.96,395.0,131.89
Uganda,UGA,Africa,2004,292.38,0.38,53.7,68.14,0.72,0.29,5.13,71.9,4.95,4.7,42.9,0.62,13.12,2.7,3.01,57.86,384.0,135.9
Uganda,UGA,Africa,2005,330.41,0.38,54.93,71.37,1.74,0.32,5.06,67.3,4.95,5.81,42.9,0.4,13.79,1.9,3.6,58.0,417.0,139.95
Uganda,UGA,Africa,2006,346.52,0.39,56.12,71.37,2.53,0.32,5.0,63.0,4.95,6.46,42.9,0.4,14.59,2.26,3.64,60.44,409.0,144.11
Uganda,UGA,Africa,2007,401.39,0.39,57.25,71.37,3.67,0.38,4.95,58.9,4.95,6.11,42.9,0.55,15.49,2.67,11.49,58.52,345.0,148.41
Uganda,UGA,Africa,2008,472.84,0.4,58.25,71.37,3.88,0.38,4.89,55.3,1.73,5.45,44.2,0.45,16.51,3.04,4.89,60.77,324.0,152.84
Uganda,UGA,Africa,2009,798.95,0.4,59.16,73.21,4.1,0.36,5.01,52.7,1.73,5.79,44.2,0.33,17.61,3.6,1.09,62.6,322.0,157.41
Uganda,UGA,Africa,2010,823.49,0.39,59.96,73.21,4.3,0.34,5.01,49.9,1.73,6.81,44.2,0.44,18.8,3.62,18.14,59.7,304.0,161.53
Uganda,UGA,Africa,2011,835.62,0.41,60.79,73.21,4.6,0.37,4.77,47.0,2.3,6.7,41.0,0.24,20.06,3.52,5.04,60.44,295.0,166.34
Uganda,UGA,Africa,2012,795.22,0.4,61.58,70.2,4.8,0.36,4.85,44.4,1.8,6.11,41.0,0.33,21.37,3.55,6.36,61.76,285.0,171.24
Uganda,UGA,Africa,2013,818.29,0.41,62.35,70.2,5.1,0.4,4.82,42.9,1.87,5.78,41.0,0.18,22.74,1.91,19.22,63.56,308.0,176.23
Uganda,UGA,Africa,2014,896.05,0.4,63.06,68.51,5.4,0.39,4.81,41.6,1.91,5.34,41.0,0.19,24.19,2.36,19.47,65.53,311.0,181.51
Uganda,UGA,Africa,2015,862.93,0.41,63.83,68.51,5.7,0.41,4.94,40.3,2.32,5.0,42.8,0.02,24.98,2.68,8.9,63.57,299.0,187.17
Uganda,UGA,Africa,2016,752.7,0.42,64.49,69.1,5.9,0.4,4.76,39.1,2.14,5.02,42.8,0.54,25.7,3.0,6.68,66.47,272.0,193.49
Uganda,UGA,Africa,2017,765.22,0.42,65.17,69.1,7.42,0.42,4.46,38.1,2.25,4.0,42.8,0.63,26.41,3.43,6.87,65.88,246.0,200.37
Uganda,UGA,Africa,2018,792.17,0.43,65.78,69.1,9.33,0.47,4.62,37.3,2.13,4.02,42.7,0.83,27.13,3.25,7.69,65.51,232.0,207.29
Uganda,UGA,Africa,2019,822.17,0.43,66.35,79.05,11.73,0.5,4.77,36.9,2.31,3.79,42.7,0.05,27.84,3.06,8.22,64.26,219.0,214.44
Uganda,UGA,Africa,2020,845.77,0.43,66.41,79.05,7.4,0.44,4.49,36.6,2.57,5.24,42.7,0.26,28.54,3.82,7.8,67.8,209.0,221.71
Uganda,UGA,Africa,2021,882.79,0.43,66.45,79.05,10.0,0.43,4.62,36.4,2.64,5.47,42.7,0.43,29.24,3.42,2.06,67.72,216.0,228.96
Uganda,UGA,Africa,2022,963.07,0.43,67.68,79.05,9.64,0.5,4.54,36.5,2.56,4.45,42.7,0.5,29.93,2.88,2.06,67.93,184.0,235.95
Uganda,UGA,Africa,2023,1002.31,0.44,68.25,80.51,9.29,0.48,4.63,36.2,2.56,4.24,49.75,0.15,30.61,2.75,2.06,69.24,170.0,242.65
Ukraine,UKR,Europe,2000,653.29,0.47,67.79,99.43,0.72,1.19,4.61,17.6,4.02,5.31,28.9,0.34,67.4,11.71,0.0,62.21,32.0,85.54
Ukraine,UKR,Europe,2001,800.49,0.48,67.68,99.43,1.24,1.03,4.71,16.8,4.53,5.73,29.0,0.81,67.27,11.06,0.01,63.19,30.0,84.76
Ukraine,UKR,Europe,2002,903.01,0.48,67.7,99.43,1.87,1.42,4.52,16.1,5.24,5.99,29.0,0.56,67.27,10.14,0.01,64.17,28.0,84.02
Ukraine,UKR,Europe,2003,1076.48,0.47,67.64,99.43,3.15,1.62,4.5,15.3,5.4,6.55,28.7,1.82,67.42,9.06,0.02,63.79,28.0,83.4
Ukraine,UKR,Europe,2004,1401.02,0.48,67.47,99.43,3.49,0.96,4.58,14.7,5.12,6.17,28.9,1.46,67.6,8.59,0.02,63.44,27.0,82.82
Ukraine,UKR,Europe,2005,1875.34,0.48,67.52,85.29,3.75,1.45,4.52,14.1,5.85,6.35,29.0,0.15,67.81,7.18,0.02,64.81,27.0,82.13
Ukraine,UKR,Europe,2006,2366.49,0.48,67.49,85.77,4.51,1.54,4.38,13.6,5.98,6.42,29.8,1.23,68.03,6.81,0.02,65.99,27.0,81.61
Ukraine,UKR,Europe,2007,3160.33,0.49,67.72,84.98,6.55,1.46,4.42,13.1,5.9,6.02,27.0,0.55,68.21,6.35,0.17,66.66,27.0,81.24
Ukraine,UKR,Europe,2008,4017.81,0.49,68.26,86.02,11.0,1.06,4.55,12.5,6.15,5.5,26.6,1.05,68.38,6.36,0.16,66.89,26.0,80.82
Ukraine,UKR,Europe,2009,2607.09,0.49,69.16,87.74,17.9,1.45,4.43,12.0,7.05,6.61,25.3,0.26,68.53,8.84,0.1,65.6,24.0,80.48
Ukraine,UKR,Europe,2010,3039.63,0.5,70.19,87.3,23.3,1.36,4.42,11.4,7.05,6.81,24.8,0.25,68.64,8.1,0.13,69.25,21.0,80.19
Ukraine,UKR,Europe,2011,3656.7,0.5,70.71,86.77,28.71,1.38,4.41,10.9,5.94,6.82,24.6,0.52,68.72,7.85,0.13,68.09,20.0,79.93
Ukraine,UKR,Europe,2012,3951.34,0.5,71.09,88.51,35.27,1.5,4.34,10.4,6.44,7.12,24.7,0.07,68.82,7.53,0.38,70.4,20.0,79.77
Ukraine,UKR,Europe,2013,4129.9,0.51,71.47,89.73,40.95,1.36,4.36,10.0,6.42,6.94,24.6,0.01,68.93,7.17,0.68,69.81,20.0,79.62
Ukraine,UKR,Europe,2014,3054.91,0.51,71.8,86.33,46.24,1.35,4.12,9.6,5.87,7.2,24.0,1.46,69.06,9.27,1.32,70.21,19.0,79.36
Ukraine,UKR,Europe,2015,2094.47,0.51,72.69,90.82,48.88,1.37,4.33,9.2,5.34,7.78,25.5,0.14,69.16,9.14,1.48,71.76,17.0,79.04
Ukraine,UKR,Europe,2016,2158.46,0.51,73.39,91.3,53.0,1.32,4.06,8.9,5.01,7.55,25.0,0.22,69.21,9.35,1.38,69.98,17.0,78.75
Ukraine,UKR,Europe,2017,2604.29,0.51,73.99,90.88,58.89,1.62,4.22,8.7,5.42,7.45,26.0,0.03,69.26,9.5,2.07,71.18,16.0,78.43
Ukraine,UKR,Europe,2018,3059.05,0.52,73.57,90.02,62.55,1.66,4.24,8.5,5.32,7.52,26.1,0.34,69.32,8.8,2.08,71.81,16.0,78.03
Ukraine,UKR,Europe,2019,3619.86,0.52,73.92,90.19,70.12,1.46,3.99,8.3,5.44,7.09,26.6,1.48,69.35,8.19,4.1,72.2,16.0,77.59
Ukraine,UKR,Europe,2020,3709.77,0.52,73.28,91.13,75.04,1.56,3.99,8.2,5.38,7.56,25.6,0.31,69.38,9.48,7.69,74.69,18.0,77.11
Ukraine,UKR,Europe,2021,4775.95,0.52,71.63,91.98,79.22,1.74,4.08,8.0,5.14,8.2,25.6,0.27,69.4,9.83,5.47,75.6,26.0,76.46
Ukraine,UKR,Europe,2022,4199.67,0.53,72.66,92.9,80.47,1.12,3.83,8.0,5.14,8.2,25.6,0.63,69.42,9.83,5.47,72.72,16.0,70.85
Ukraine,UKR,Europe,2023,5139.6,0.54,73.42,92.31,81.58,1.51,3.91,7.8,5.14,8.2,25.6,0.65,69.48,9.83,5.47,75.1,15.0,65.12
UAE,ARE,Asia,2000,29865.5,0.78,76.35,92.7,23.63,13.39,2.91,8.5,6.52,2.4,46.47,1.15,79.29,2.25,20.92,81.4,8.0,49.19
UAE,ARE,Asia,2001,27745.17,0.78,77.62,91.58,26.27,13.8,2.82,8.3,6.5,2.48,45.32,1.19,79.75,2.44,15.75,85.06,7.0,52.43
UAE,ARE,Asia,2002,27753.61,0.77,78.72,90.03,28.32,13.07,2.64,8.2,7.23,2.72,42.56,1.84,80.27,2.66,24.9,85.0,5.0,55.71
UAE,ARE,Asia,2003,29659.54,0.78,79.6,90.03,29.48,13.47,2.94,8.0,7.09,2.65,41.35,1.76,80.85,2.9,18.93,85.31,5.0,59.03
UAE,ARE,Asia,2004,33376.72,0.79,80.27,90.03,30.13,12.59,2.79,7.9,7.32,2.46,44.25,1.24,81.47,2.96,22.38,86.15,4.0,62.36
UAE,ARE,Asia,2005,38719.31,0.79,80.78,90.03,40.0,13.62,2.75,7.7,7.26,2.32,43.54,1.88,82.21,3.12,22.33,85.25,4.0,65.68
UAE,ARE,Asia,2006,44342.6,0.79,81.16,90.03,52.0,13.8,2.64,7.6,7.01,2.33,43.29,1.46,82.56,2.96,17.74,85.63,3.0,70.53
UAE,ARE,Asia,2007,45854.73,0.79,81.44,90.03,61.0,12.18,2.53,7.4,6.92,2.57,43.46,1.65,82.76,2.93,29.96,86.48,3.0,79.2
UAE,ARE,Asia,2008,50054.17,0.79,81.59,90.03,63.0,15.16,2.7,7.3,6.99,2.93,46.51,1.39,82.97,2.82,26.35,87.0,3.0,88.74
UAE,ARE,Asia,2009,37803.07,0.8,81.68,95.05,64.0,14.34,2.66,7.1,6.9,4.05,47.33,1.33,83.17,2.93,0.01,87.49,3.0,94.44
UAE,ARE,Asia,2010,44795.29,0.8,81.89,95.83,68.0,13.76,2.52,7.0,6.89,3.74,32.5,1.74,83.37,2.8,0.02,91.3,3.0,96.73
UAE,ARE,Asia,2011,51921.9,0.81,81.9,95.93,78.0,12.0,2.54,6.8,6.59,3.57,32.5,1.68,83.57,2.59,0.02,88.57,4.0,100.04
UAE,ARE,Asia,2012,53141.61,0.8,81.91,96.67,85.0,17.1,2.6,6.7,7.15,3.34,32.5,1.58,83.76,2.32,0.02,88.46,4.0,104.08
UAE,ARE,Asia,2013,53247.24,0.8,81.95,96.26,88.0,14.04,2.34,6.5,7.35,3.5,32.5,1.3,83.96,2.12,0.08,89.15,4.0,108.32
UAE,ARE,Asia,2014,52725.24,0.81,81.99,97.23,90.4,13.5,2.39,6.3,7.54,3.53,32.5,1.54,84.14,2.0,0.26,89.53,3.0,113.48
UAE,ARE,Asia,2015,44910.33,0.82,82.08,99.62,90.5,10.29,2.38,6.1,7.63,3.47,32.5,1.86,84.33,1.79,0.24,92.39,3.0,119.76
UAE,ARE,Asia,2016,42721.1,0.83,82.2,97.78,90.6,14.86,2.23,5.8,3.86,3.9,26.4,1.98,84.51,1.64,0.25,93.52,3.0,125.81
UAE,ARE,Asia,2017,43733.62,0.81,82.39,97.78,94.82,13.41,2.38,5.6,3.86,4.01,26.4,1.55,84.69,2.46,0.56,93.46,3.0,129.87
UAE,ARE,Asia,2018,47135.36,0.82,82.45,97.78,98.45,13.3,2.14,5.3,3.86,4.1,26.4,1.51,84.86,2.24,0.89,92.58,3.0,131.61
UAE,ARE,Asia,2019,45938.61,0.83,82.6,97.78,99.15,14.35,2.23,5.0,3.86,4.4,26.4,1.19,85.03,2.33,2.65,93.63,3.0,133.0
UAE,ARE,Asia,2020,37991.75,0.84,81.94,97.78,100.0,13.97,2.1,4.7,3.98,5.82,26.4,1.86,85.2,4.29,3.78,94.82,6.0,132.37
UAE,ARE,Asia,2021,44118.5,0.83,79.08,98.13,100.0,13.72,2.14,4.4,3.89,5.3,26.4,1.23,85.36,3.1,4.2,95.58,6.0,134.82
UAE,ARE,Asia,2022,50759.76,0.84,80.49,98.29,100.0,13.95,2.1,4.2,3.89,4.57,45.01,1.86,85.51,2.87,4.2,94.73,2.0,141.86
UAE,ARE,Asia,2023,49850.69,0.84,82.91,98.06,100.0,13.63,1.99,4.0,3.89,4.97,42.91,1.95,85.67,2.15,4.2,95.51,3.0,147.62
UK,GBR,Europe,2000,28383.88,0.79,77.74,91.43,26.82,14.43,2.83,5.5,4.02,7.15,38.9,1.51,79.82,5.56,1.3,84.21,12.0,243.43
UK,GBR,Europe,2001,28013.87,0.79,77.99,91.01,33.48,14.32,2.85,5.5,4.1,7.43,37.1,1.33,79.98,4.7,1.43,83.21,13.0,244.37
UK,GBR,Europe,2002,30158.7,0.79,78.14,93.08,56.48,13.8,2.57,5.4,4.61,7.86,35.1,0.95,80.11,5.04,1.64,83.73,13.0,245.4
UK,GBR,Europe,2003,34556.77,0.79,78.45,93.87,64.82,11.56,2.61,5.3,4.8,8.05,34.9,1.41,80.23,4.81,1.86,84.71,14.0,246.55
UK,GBR,Europe,2004,40504.41,0.79,78.75,94.17,65.61,15.79,2.69,5.2,4.74,8.32,34.8,1.27,80.34,4.59,2.36,83.94,13.0,247.96
UK,GBR,Europe,2005,42240.25,0.8,79.05,93.47,70.0,13.28,2.69,5.1,4.93,8.38,35.5,1.41,80.45,4.88,3.02,84.75,12.0,249.66
UK,GBR,Europe,2006,44695.16,0.81,79.25,94.47,68.82,13.8,2.43,5.0,4.98,8.54,35.9,1.26,80.55,5.47,3.4,88.89,12.0,251.51
UK,GBR,Europe,2007,50629.08,0.8,79.45,94.86,75.09,16.04,2.66,4.9,4.92,8.76,34.4,1.36,80.65,5.4,3.68,86.33,11.0,253.47
UK,GBR,Europe,2008,47652.4,0.81,79.6,94.94,78.39,17.08,2.41,4.8,4.91,9.03,35.4,1.32,80.75,5.75,4.4,90.52,11.0,255.47
UK,GBR,Europe,2009,39009.37,0.81,80.05,95.14,83.56,15.4,2.41,4.6,5.06,9.84,35.1,0.96,80.87,7.68,5.42,88.46,11.0,257.41
UK,GBR,Europe,2010,39778.32,0.81,80.4,96.31,85.0,14.76,2.49,4.4,5.7,9.79,33.7,1.47,81.0,7.97,5.9,88.81,10.0,259.44
UK,GBR,Europe,2011,42295.93,0.82,80.95,96.91,85.38,13.21,2.44,4.3,5.57,9.8,33.2,2.0,81.14,8.2,8.02,87.89,10.0,261.48
UK,GBR,Europe,2012,42688.33,0.82,80.9,96.81,87.48,16.94,2.4,4.1,5.57,9.89,33.1,1.78,81.29,8.28,9.87,89.22,9.0,263.34
UK,GBR,Europe,2013,43606.98,0.82,81.0,97.56,89.84,14.24,2.31,4.0,5.53,9.99,32.7,1.89,81.46,7.75,13.55,90.0,9.0,265.11
UK,GBR,Europe,2014,47746.24,0.83,81.3,96.76,91.61,14.16,2.3,3.9,5.6,9.98,33.1,1.53,81.64,6.4,17.36,90.8,9.0,267.1
UK,GBR,Europe,2015,45255.34,0.84,80.96,99.41,92.0,13.95,2.2,3.9,5.55,9.94,33.3,1.27,81.82,5.55,22.8,91.4,9.0,269.04
UK,GBR,Europe,2016,41257.91,0.83,81.16,98.44,94.78,15.17,2.24,3.8,5.43,9.87,33.1,1.8,82.02,4.91,23.02,92.0,9.0,271.18
UK,GBR,Europe,2017,40916.81,0.84,81.26,99.9,90.42,12.49,2.19,3.8,5.45,9.7,32.6,1.56,82.23,4.5,27.56,95.58,9.0,272.67
UK,GBR,Europe,2018,43703.0,0.84,81.26,98.83,90.69,12.24,2.03,3.8,5.2,9.79,33.7,2.23,82.45,4.14,31.38,94.07,9.0,274.0
UK,GBR,Europe,2019,43158.74,0.85,81.37,99.9,92.52,15.62,2.21,3.8,5.26,9.98,32.8,1.81,82.67,3.66,35.14,95.03,9.0,275.41
UK,GBR,Europe,2020,40812.68,0.84,80.33,99.9,94.82,15.8,2.21,3.9,5.44,12.1,32.7,1.95,82.9,4.47,41.16,93.65,14.0,275.88
UK,GBR,Europe,2021,47691.38,0.84,80.65,99.9,96.2,13.48,2.02,3.9,5.91,12.08,32.4,1.78,82.99,4.86,37.83,95.77,13.0,276.87
UK,GBR,Europe,2022,47057.04,0.85,81.01,99.9,95.47,12.41,1.87,4.0,5.91,11.1,32.4,1.17,83.08,3.77,37.83,96.36,15.0,279.44
UK,GBR,Europe,2023,49944.47,0.86,81.24,99.79,95.45,12.91,1.85,4.1,5.91,10.99,32.4,1.56,83.16,4.03,37.83,96.89,8.0,283.11
USA,USA,Americas,2000,36329.96,0.89,76.64,95.02,43.08,22.34,2.21,7.1,7.46,12.49,40.1,1.9,79.07,3.99,1.9,90.53,12.0,30.8
USA,USA,Americas,2001,37133.62,0.89,76.84,95.77,49.08,19.82,2.08,7.0,7.97,13.17,40.6,2.01,79.31,4.73,1.87,91.67,13.0,31.1
USA,USA,Americas,2002,37997.76,0.89,76.94,94.61,58.79,24.09,2.17,7.0,7.62,14.0,40.4,1.89,79.55,5.78,2.0,92.39,13.0,31.39
USA,USA,Americas,2003,39490.27,0.89,77.04,95.84,61.7,24.02,1.98,6.9,7.95,14.51,40.8,2.12,79.78,5.99,2.0,91.91,13.0,31.66
USA,USA,Americas,2004,41724.63,0.91,77.49,96.46,64.76,23.17,1.94,6.8,8.17,14.55,40.5,2.01,80.0,5.53,2.08,93.03,13.0,31.96
USA,USA,Americas,2005,44123.41,0.9,77.49,96.81,67.97,22.35,2.03,6.8,7.59,14.58,41.3,1.97,80.2,5.08,2.18,93.59,13.0,32.25
USA,USA,Americas,2006,46302.0,0.9,77.69,97.08,68.93,22.74,2.2,6.7,7.51,14.71,41.7,1.89,80.37,4.62,2.4,92.3,13.0,32.57
USA,USA,Americas,2007,48050.22,0.91,77.99,97.28,75.0,25.95,1.83,6.6,7.7,14.92,41.1,1.95,80.52,4.62,2.58,95.0,13.0,32.88
USA,USA,Americas,2008,48570.05,0.9,78.04,96.67,74.0,21.19,1.84,6.5,7.54,15.21,41.1,2.04,80.62,5.78,3.07,95.86,14.0,33.24
USA,USA,Americas,2009,47194.94,0.9,78.39,96.27,71.0,18.73,1.98,6.4,8.12,16.2,40.9,1.44,80.69,9.25,3.66,97.27,15.0,33.54
USA,USA,Americas,2010,48642.61,0.92,78.54,98.59,71.69,19.34,1.74,6.2,7.89,16.2,40.2,2.49,80.7,9.63,4.07,98.7,15.0,33.82
USA,USA,Americas,2011,50024.87,0.92,78.64,99.31,69.73,21.38,1.82,6.1,7.7,16.14,41.2,1.37,80.7,8.95,4.76,97.41,15.0,34.09
USA,USA,Americas,2012,51708.4,0.93,78.74,98.65,74.7,25.32,1.7,6.0,4.93,16.12,41.2,2.19,80.68,8.07,5.46,95.99,16.0,34.36
USA,USA,Americas,2013,53179.01,0.93,78.74,99.51,71.4,24.76,1.75,5.9,4.93,15.95,40.9,2.02,80.66,7.38,6.29,95.77,16.0,34.62
USA,USA,Americas,2014,54973.42,0.93,78.84,99.32,73.0,26.81,1.63,5.8,4.93,16.14,41.7,2.18,80.62,6.17,6.89,99.62,17.0,34.9
USA,USA,Americas,2015,56572.92,0.93,78.69,99.9,74.55,22.38,1.68,5.8,4.93,16.4,41.5,2.19,80.57,5.28,7.35,99.86,17.0,35.18
USA,USA,Americas,2016,57638.1,0.93,78.54,99.9,85.54,25.04,1.67,5.7,4.78,16.69,41.3,1.71,80.5,4.87,8.5,98.92,18.0,35.46
USA,USA,Americas,2017,59635.1,0.94,78.54,99.9,87.27,21.16,1.64,5.6,5.09,16.64,41.4,1.68,80.4,4.36,9.7,99.9,18.0,35.7
USA,USA,Americas,2018,62499.87,0.94,78.64,99.9,88.5,24.38,1.52,5.6,4.9,16.51,41.8,2.32,80.28,3.9,10.05,99.9,18.0,35.91
USA,USA,Americas,2019,64746.45,0.95,78.79,99.9,89.43,24.7,1.55,5.5,4.96,16.54,41.9,1.89,80.13,3.67,10.87,99.9,18.0,36.1
USA,USA,Americas,2020,63515.95,0.94,76.98,99.9,90.34,21.31,1.52,5.5,5.4,18.52,40.0,2.59,80.0,8.06,12.68,99.9,22.0,36.25
USA,USA,Americas,2021,70205.05,0.95,76.33,99.9,91.27,18.71,1.45,5.5,5.42,17.35,39.7,2.31,80.01,5.35,14.01,99.9,31.0,36.31
USA,USA,Americas,2022,76657.25,0.95,77.43,99.9,92.73,22.76,1.47,5.5,5.42,16.53,41.7,1.97,80.03,3.65,14.01,99.9,20.0,36.51
USA,USA,Americas,2023,81032.26,0.96,78.39,99.9,93.53,25.66,1.31,5.5,5.42,16.69,41.8,1.89,80.07,3.64,14.01,99.9,17.0,36.82
Uruguay,URY,Americas,2000,6987.7,0.62,74.69,88.2,10.54,5.44,3.88,14.7,2.42,9.17,43.4,0.46,91.28,12.63,0.36,71.09,23.0,18.66
Uruguay,URY,Americas,2001,6382.76,0.62,74.99,86.82,11.12,5.02,3.73,14.3,2.8,9.76,45.0,0.6,91.38,15.05,0.29,74.01,24.0,18.71
Uruguay,URY,Americas,2002,4149.76,0.63,74.98,87.86,11.42,5.68,3.62,14.0,2.32,9.64,45.5,0.86,91.49,16.65,0.29,74.11,23.0,18.73
Uruguay,URY,Americas,2003,3671.12,0.62,75.09,97.79,15.94,5.6,3.76,13.6,2.07,9.58,45.0,0.68,91.63,16.66,0.31,76.48,23.0,18.75
Uruguay,URY,Americas,2004,4168.66,0.63,75.32,97.79,17.06,5.34,3.52,13.1,2.5,8.27,45.9,0.75,91.8,12.98,0.46,75.29,21.0,18.76
Uruguay,URY,Americas,2005,5284.26,0.63,75.83,97.79,20.09,4.37,3.61,12.4,2.71,7.72,44.7,0.63,92.08,12.01,0.31,74.33,20.0,18.77
Uruguay,URY,Americas,2006,6001.33,0.64,75.89,97.79,29.4,5.85,3.61,11.7,2.86,7.71,45.9,0.66,92.48,10.84,0.7,75.77,20.0,18.8
Uruguay,URY,Americas,2007,7222.05,0.64,76.15,97.86,34.0,5.63,3.61,10.9,2.86,7.46,46.4,0.71,92.96,9.4,1.43,77.48,19.0,18.83
Uruguay,URY,Americas,2008,9423.97,0.65,76.28,98.16,39.3,4.44,3.44,10.2,2.86,8.09,45.1,0.61,93.46,8.02,10.03,77.63,19.0,18.87
Uruguay,URY,Americas,2009,9881.4,0.64,76.67,98.26,41.8,6.67,3.4,9.7,4.15,7.92,45.5,0.62,93.93,7.74,11.22,78.27,18.0,18.91
Uruguay,URY,Americas,2010,12641.06,0.65,76.69,98.07,46.4,4.88,3.25,9.2,4.15,7.88,44.5,0.66,94.33,7.16,10.81,79.21,17.0,18.96
Uruguay,URY,Americas,2011,15132.27,0.65,76.61,98.34,51.4,6.02,3.45,8.9,4.15,7.92,42.2,0.97,94.6,6.31,11.98,78.77,17.0,19.01
Uruguay,URY,Americas,2012,16259.59,0.66,76.69,98.4,54.45,4.85,3.34,8.5,4.09,8.03,39.9,0.86,94.76,6.45,13.46,78.04,16.0,19.06
Uruguay,URY,Americas,2013,18335.26,0.65,76.95,98.36,57.69,5.18,3.4,8.2,4.24,8.08,40.5,1.14,94.88,6.44,13.66,79.64,16.0,19.11
Uruguay,URY,Americas,2014,18322.43,0.66,77.19,98.44,61.46,6.14,3.25,7.9,4.27,8.04,40.1,1.18,94.99,6.55,20.27,82.17,16.0,19.18
Uruguay,URY,Americas,2015,17125.9,0.66,77.28,98.52,64.57,6.59,3.35,7.5,4.21,8.26,40.1,0.93,95.08,7.49,32.83,81.41,16.0,19.24
Uruguay,URY,Americas,2016,17009.76,0.68,77.35,98.56,66.4,4.76,3.26,7.1,4.36,8.64,39.7,0.24,95.16,7.84,39.97,83.83,16.0,19.31
Uruguay,URY,Americas,2017,19184.65,0.67,77.62,98.62,70.32,5.77,3.23,6.8,4.42,8.72,39.5,0.91,95.23,7.89,45.94,82.33,16.0,19.36
Uruguay,URY,Americas,2018,19249.94,0.67,77.53,98.7,80.73,5.9,3.24,6.5,4.6,8.9,39.7,0.81,95.29,8.34,52.53,82.95,16.0,19.4
Uruguay,URY,Americas,2019,18315.73,0.68,77.5,98.77,83.35,5.88,2.98,6.2,4.63,9.24,39.7,1.25,95.35,8.84,47.67,83.88,16.0,19.41
Uruguay,URY,Americas,2020,15757.54,0.67,78.38,98.96,85.47,5.23,3.11,6.1,4.55,9.09,40.2,0.23,95.4,10.41,63.63,81.31,20.0,19.42
Uruguay,URY,Americas,2021,17881.82,0.68,75.43,98.96,87.64,4.8,3.07,6.1,4.46,8.92,40.8,1.17,95.45,9.33,51.39,83.66,49.0,19.41
Uruguay,URY,Americas,2022,20818.61,0.68,76.47,98.85,89.87,5.58,3.02,6.1,4.48,8.89,40.6,0.97,95.5,7.88,51.39,83.74,20.0,19.37
Uruguay,URY,Americas,2023,23019.42,0.69,78.14,98.83,90.93,5.33,2.88,6.1,4.76,9.02,40.9,1.07,95.54,8.36,51.39,84.86,15.0,19.36
Venezuela,VEN,Americas,2000,4776.28,0.45,72.39,92.98,3.36,1.29,4.76,17.5,5.16,7.31,47.7,0.37,88.22,13.99,29.35,60.99,86.0,27.81
Venezuela,VEN,Americas,2001,4920.39,0.45,71.02,92.98,4.64,1.22,4.85,17.0,5.62,7.29,47.2,0.42,88.37,13.04,37.34,60.85,101.0,28.32
Venezuela,VEN,Americas,2002,3652.1,0.46,72.82,92.98,4.91,1.13,4.67,16.6,5.17,6.99,48.9,0.39,88.46,16.17,32.35,62.02,87.0,28.84
Venezuela,VEN,Americas,2003,3229.51,0.46,72.06,92.98,7.5,1.13,4.75,16.2,3.67,7.85,47.9,0.49,88.52,16.78,36.91,60.12,97.0,29.36
Venezuela,VEN,Americas,2004,4269.09,0.46,72.75,94.37,8.4,1.2,4.61,15.7,3.67,7.72,47.3,0.91,88.58,15.07,38.47,63.05,94.0,29.86
Venezuela,VEN,Americas,2005,5432.49,0.47,73.08,94.37,12.55,1.19,4.64,15.3,3.67,7.96,49.3,0.1,88.64,10.66,0.0,65.74,93.0,30.37
Venezuela,VEN,Americas,2006,6739.38,0.47,72.97,94.66,15.22,1.24,4.59,14.8,3.67,7.8,44.7,0.01,88.69,8.61,0.0,62.91,96.0,30.87
Venezuela,VEN,Americas,2007,8331.62,0.47,73.35,95.15,20.83,1.11,4.62,14.5,3.63,7.25,44.7,0.29,88.73,7.28,0.0,64.67,92.0,31.35
Venezuela,VEN,Americas,2008,11262.45,0.48,72.58,95.31,25.88,1.0,4.6,14.4,3.63,7.93,44.7,0.39,88.76,6.24,0.0,65.52,103.0,31.81
Venezuela,VEN,Americas,2009,11596.6,0.47,72.78,95.51,32.7,1.22,4.58,14.4,6.87,8.18,44.7,0.61,88.79,6.1,0.0,64.88,109.0,32.24
Venezuela,VEN,Americas,2010,13646.3,0.48,73.09,95.39,37.37,1.22,4.54,14.5,6.87,7.1,49.15,0.48,88.8,7.11,0.0,66.03,110.0,32.67
Venezuela,VEN,Americas,2011,10843.92,0.49,73.09,94.77,40.22,1.2,4.4,14.8,6.87,7.35,49.81,0.45,88.81,6.9,0.0,66.83,104.0,33.09
Venezuela,VEN,Americas,2012,12607.24,0.48,73.09,95.99,49.05,1.27,4.33,15.1,6.87,7.68,49.39,0.07,88.84,6.6,19.92,66.41,113.0,33.51
Venezuela,VEN,Americas,2013,8656.36,0.49,73.08,95.99,54.9,1.05,4.26,15.4,5.91,6.9,53.01,1.29,88.88,7.54,1.16,67.88,123.0,33.91
Venezuela,VEN,Americas,2014,7096.22,0.49,72.84,96.61,57.0,1.05,4.23,15.8,5.6,8.02,52.82,0.31,88.92,6.82,15.58,68.5,133.0,34.3
Venezuela,VEN,Americas,2015,4103.14,0.5,73.0,96.61,58.0,1.28,4.27,16.5,5.51,2.42,47.34,1.3,88.95,6.14,0.23,70.73,136.0,34.66
Venezuela,VEN,Americas,2016,3670.16,0.5,72.0,97.13,60.0,1.11,4.19,21.2,5.19,2.42,48.41,0.11,88.99,5.32,0.1,71.48,162.0,34.88
Venezuela,VEN,Americas,2017,3791.33,0.5,71.9,97.18,60.0,1.16,4.19,21.2,5.04,2.42,54.21,0.06,89.03,5.04,37.78,72.16,195.0,34.65
Venezuela,VEN,Americas,2018,3422.65,0.5,72.64,97.18,49.05,1.29,4.15,21.2,5.5,2.42,48.86,0.05,89.07,5.47,7.14,72.68,205.0,33.79
Venezuela,VEN,Americas,2019,2523.11,0.51,72.77,97.18,49.05,1.14,4.02,21.2,5.69,2.19,53.51,0.05,89.1,5.89,18.6,70.76,202.0,32.81
Venezuela,VEN,Americas,2020,1506.04,0.5,72.37,97.18,72.44,1.31,3.9,21.2,5.98,4.12,49.68,0.77,89.14,7.53,14.21,71.71,207.0,32.25
Venezuela,VEN,Americas,2021,2004.93,0.51,71.54,91.22,74.11,1.22,3.95,21.2,5.25,4.1,47.92,0.23,89.18,7.03,4.7,71.84,251.0,32.01
Venezuela,VEN,Americas,2022,3155.04,0.51,72.57,92.6,75.82,1.38,4.03,21.2,5.3,4.55,45.15,0.91,89.21,5.65,4.27,73.85,219.0,31.99
Venezuela,VEN,Americas,2023,3617.44,0.52,72.51,92.72,76.33,1.51,3.89,21.2,5.66,3.78,49.55,0.34,89.25,5.41,7.82,74.35,227.0,32.09
Vietnam,VNM,Asia,2000,404.03,0.44,72.75,90.16,0.25,0.91,4.82,22.1,5.03,4.11,37.0,0.77,24.37,2.26,14.92,59.12,83.0,248.04
Vietnam,VNM,Asia,2001,419.21,0.45,72.98,90.16,1.27,0.91,4.83,21.2,4.91,4.8,37.0,0.28,24.95,2.76,7.14,60.3,78.0,250.63
Vietnam,VNM,Asia,2002,445.13,0.45,73.14,90.16,1.85,1.26,4.97,20.3,5.3,3.87,37.0,0.03,25.55,2.12,1.05,60.7,74.0,253.65
Vietnam,VNM,Asia,2003,497.12,0.45,73.24,90.16,3.78,0.99,4.76,19.6,5.23,3.94,37.0,0.23,26.17,2.25,12.37,60.73,71.0,256.6
Vietnam,VNM,Asia,2004,565.45,0.46,73.06,83.59,7.64,0.98,4.52,19.0,5.21,4.09,36.8,0.3,26.8,2.14,0.45,64.6,72.0,259.1
Vietnam,VNM,Asia,2005,710.75,0.46,73.2,83.58,12.74,1.2,4.67,18.5,4.89,4.32,36.8,0.61,27.43,2.08,2.29,64.38,69.0,259.2
Vietnam,VNM,Asia,2006,807.76,0.47,73.29,93.52,17.25,0.88,4.6,18.0,4.89,4.57,35.8,0.34,28.05,2.05,5.83,63.18,67.0,262.69
Vietnam,VNM,Asia,2007,925.64,0.47,73.39,93.52,20.76,1.14,4.53,17.6,4.89,4.63,35.8,0.05,28.65,2.03,0.69,65.74,66.0,267.58
Vietnam,VNM,Asia,2008,1163.83,0.46,73.46,93.52,23.92,0.91,4.56,17.3,4.89,4.36,35.6,0.79,29.22,1.89,0.03,64.77,65.0,272.31
Vietnam,VNM,Asia,2009,1226.17,0.47,73.53,93.52,26.55,1.03,4.59,17.0,4.82,4.49,35.6,0.15,29.76,1.74,0.6,64.96,64.0,276.44
Vietnam,VNM,Asia,2010,1683.16,0.47,73.61,93.52,30.65,1.04,4.48,16.7,4.05,5.07,39.3,0.04,30.25,1.11,9.66,65.05,62.0,279.15
Vietnam,VNM,Asia,2011,1950.93,0.47,73.71,93.52,35.07,1.13,4.46,16.4,3.78,4.97,39.3,0.06,30.7,1.0,1.75,62.22,61.0,282.39
Vietnam,VNM,Asia,2012,2185.12,0.47,73.76,93.52,36.8,1.02,4.48,16.2,4.41,5.0,35.6,0.9,31.12,1.03,3.21,66.33,60.0,285.56
Vietnam,VNM,Asia,2013,2359.52,0.48,73.82,87.36,38.5,0.85,4.41,16.0,4.53,4.41,35.6,0.45,31.53,1.32,5.54,67.67,60.0,289.36
Vietnam,VNM,Asia,2014,2546.38,0.48,73.89,89.23,41.0,0.98,4.42,15.7,3.54,4.69,34.8,0.27,31.95,1.26,1.23,66.61,59.0,292.56
Vietnam,VNM,Asia,2015,2577.57,0.49,73.96,88.06,45.0,1.09,4.36,15.5,3.42,4.71,34.8,0.33,32.38,1.85,0.73,67.66,58.0,296.2
Vietnam,VNM,Asia,2016,2735.06,0.49,73.98,95.75,53.0,1.25,4.31,15.2,3.47,4.87,35.3,0.0,32.85,1.85,0.6,68.07,56.0,299.95
Vietnam,VNM,Asia,2017,2956.11,0.48,74.03,95.75,58.14,1.3,4.27,14.9,3.42,4.99,35.3,0.24,33.36,1.87,1.32,69.77,55.0,303.69
Vietnam,VNM,Asia,2018,3222.31,0.49,74.1,95.75,69.85,1.22,4.25,14.5,3.3,5.03,35.7,0.38,33.94,1.16,1.3,71.94,53.0,307.05
Vietnam,VNM,Asia,2019,3440.9,0.49,74.21,95.75,68.66,0.85,4.19,14.1,3.08,4.97,35.7,0.13,34.62,1.68,2.94,70.14,52.0,310.03
Vietnam,VNM,Asia,2020,3534.04,0.5,75.38,95.75,70.3,1.12,4.22,13.7,3.22,4.33,36.8,0.33,35.57,2.1,5.38,73.16,51.0,312.92
Vietnam,VNM,Asia,2021,3704.19,0.5,74.14,96.13,74.21,1.1,4.09,13.3,2.95,4.54,36.8,0.38,36.65,2.38,10.17,73.3,52.0,315.65
Vietnam,VNM,Asia,2022,4147.7,0.51,74.5,96.13,78.59,1.35,4.04,12.9,2.89,4.54,36.1,0.52,37.55,1.57,10.17,71.93,49.0,318.03
Vietnam,VNM,Asia,2023,4323.35,0.51,74.59,96.13,78.08,1.25,4.04,12.4,2.89,4.56,36.1,0.12,38.13,1.64,10.17,71.58,48.0,320.18
Yemen,YEM,Asia,2000,493.24,0.37,62.76,77.81,0.08,0.19,5.41,75.8,9.66,4.67,35.0,0.43,26.61,11.56,32.47,54.8,241.0,37.17
Yemen,YEM,Asia,2001,487.14,0.36,63.29,78.34,0.09,0.21,5.26,72.2,9.24,4.95,35.0,0.03,27.1,11.72,37.06,53.93,231.0,38.31
Yemen,YEM,Asia,2002,513.24,0.37,63.81,78.82,0.52,0.24,5.16,68.7,9.24,4.83,34.7,0.6,27.58,11.84,43.73,55.52,218.0,39.46
Yemen,YEM,Asia,2003,548.91,0.36,64.41,79.38,0.6,0.23,5.3,65.2,9.24,5.76,34.7,0.24,28.03,12.01,35.43,54.13,205.0,40.64
Yemen,YEM,Asia,2004,627.63,0.37,64.88,79.69,0.88,0.28,5.03,61.9,9.24,5.51,34.7,1.5,28.45,12.13,35.42,54.63,194.0,41.85
Yemen,YEM,Asia,2005,734.16,0.38,65.36,81.5,1.05,0.25,5.25,58.8,5.15,5.21,34.7,0.91,28.85,12.21,37.19,56.66,181.0,43.17
Yemen,YEM,Asia,2006,809.71,0.37,65.8,81.86,1.25,0.25,5.13,55.9,5.15,5.53,34.7,0.38,29.24,12.35,41.4,57.78,171.0,44.59
Yemen,YEM,Asia,2007,890.31,0.37,66.23,83.49,5.01,0.23,5.01,53.2,5.15,5.82,34.7,1.19,29.61,12.49,48.87,61.13,161.0,46.06
Yemen,YEM,Asia,2008,1071.64,0.39,66.61,83.19,6.89,0.3,5.04,50.8,5.15,5.76,34.7,0.54,29.96,12.66,0.03,58.9,153.0,47.56
Yemen,YEM,Asia,2009,969.24,0.38,66.9,82.69,9.96,0.29,4.96,48.6,5.15,5.99,55.18,0.54,30.3,12.76,0.03,60.26,149.0,49.11
Yemen,YEM,Asia,2010,1155.2,0.39,67.22,82.46,12.35,0.3,5.0,46.7,5.15,5.16,52.19,0.14,30.62,12.78,0.03,60.17,144.0,50.67
Yemen,YEM,Asia,2011,1186.48,0.39,67.41,82.0,14.9,0.32,5.07,45.2,5.15,4.77,36.7,1.28,30.92,13.31,0.04,61.04,140.0,52.24
Yemen,YEM,Asia,2012,1245.05,0.39,67.57,84.17,17.45,0.3,4.98,44.0,4.19,5.2,36.7,1.92,31.2,13.47,0.04,59.73,137.0,53.85
Yemen,YEM,Asia,2013,1378.75,0.4,67.96,84.06,20.0,0.31,4.89,42.6,4.8,4.96,36.7,0.06,31.44,13.67,0.05,61.3,135.0,55.52
Yemen,YEM,Asia,2014,1430.16,0.4,68.0,83.62,22.55,0.31,4.89,41.8,4.77,5.84,36.7,0.26,31.86,13.47,0.13,63.46,134.0,57.25
Yemen,YEM,Asia,2015,1362.17,0.4,66.76,86.19,24.09,0.38,4.68,41.6,4.33,6.49,36.7,0.14,32.39,17.9,2.02,63.69,135.0,59.02
Yemen,YEM,Asia,2016,975.36,0.4,67.1,84.75,24.58,0.33,4.8,40.7,5.33,7.71,36.7,0.16,32.95,18.42,3.23,65.99,134.0,60.82
Yemen,YEM,Asia,2017,811.17,0.41,67.12,86.37,24.58,0.33,4.76,40.1,4.7,8.15,36.7,0.31,33.56,18.61,4.88,64.71,142.0,62.68
Yemen,YEM,Asia,2018,633.89,0.41,65.92,85.7,17.49,0.36,4.77,39.7,4.6,9.09,52.17,1.14,34.21,17.59,8.9,67.49,134.0,64.56
Yemen,YEM,Asia,2019,633.89,0.42,66.57,88.2,17.49,0.39,4.77,39.0,5.23,10.97,49.53,2.06,34.91,17.21,7.69,65.65,131.0,66.5
Yemen,YEM,Asia,2020,633.89,0.41,66.44,87.9,17.49,0.34,4.59,37.6,5.11,11.65,54.89,0.12,35.7,17.96,10.16,66.51,135.0,68.44
Yemen,YEM,Asia,2021,633.89,0.42,66.02,88.22,17.49,0.35,4.62,36.9,5.04,9.44,49.39,0.0,36.07,18.31,10.45,66.71,156.0,70.35
Yemen,YEM,Asia,2022,473.0,0.42,67.95,88.3,17.49,0.38,4.34,36.0,5.0,8.82,49.19,0.78,36.32,17.22,10.45,66.31,125.0,72.4
Yemen,YEM,Asia,2023,481.5,0.42,69.3,89.23,50.58,0.42,4.52,34.9,4.91,9.7,52.66,0.25,36.57,16.94,10.45,68.23,118.0,74.61
Zambia,ZMB,Africa,2000,359.43,0.37,46.58,68.0,0.19,0.37,5.23,89.3,1.79,4.12,49.1,0.09,35.87,12.93,1.11,53.77,340.0,13.48
Zambia,ZMB,Africa,2001,396.55,0.39,47.41,69.15,0.23,0.34,5.19,84.6,1.79,4.78,42.1,0.04,35.88,13.4,14.11,54.63,306.0,13.89
Zambia,ZMB,Africa,2002,393.86,0.39,48.46,69.15,0.48,0.36,4.97,78.7,1.79,5.89,42.1,0.23,36.07,14.13,2.88,56.35,274.0,14.32
Zambia,ZMB,Africa,2003,446.29,0.39,49.62,69.15,0.98,0.35,5.11,72.3,2.46,6.0,42.1,0.04,36.39,14.7,1.09,56.77,250.0,14.78
Zambia,ZMB,Africa,2004,548.69,0.4,50.54,69.15,1.1,0.41,4.83,65.8,2.46,5.47,54.3,0.68,36.8,15.33,4.56,59.17,260.0,15.25
Zambia,ZMB,Africa,2005,710.98,0.4,51.62,69.15,1.3,0.4,5.02,60.2,1.74,6.33,54.3,0.28,37.3,15.9,3.29,57.13,264.0,15.76
Zambia,ZMB,Africa,2006,1051.72,0.4,52.69,81.7,1.6,0.41,5.1,56.4,1.74,5.58,54.6,0.21,37.84,13.23,2.06,57.41,262.0,16.32
Zambia,ZMB,Africa,2007,1118.73,0.4,53.73,83.14,1.9,0.39,5.05,54.3,1.24,4.56,54.6,0.16,38.4,10.56,3.02,60.13,324.0,16.9
Zambia,ZMB,Africa,2008,1375.5,0.41,54.84,83.14,2.2,0.4,5.0,52.1,1.1,4.49,54.6,0.13,38.96,7.93,3.57,60.84,394.0,17.52
Zambia,ZMB,Africa,2009,1136.24,0.41,55.89,83.14,2.5,0.41,5.01,50.2,1.1,5.23,52.0,0.02,39.49,10.58,7.24,63.03,406.0,18.15
Zambia,ZMB,Africa,2010,1451.11,0.41,56.9,83.14,3.0,0.44,4.86,48.6,3.42,4.13,52.0,0.44,39.96,13.19,4.34,60.76,332.0,18.79
Zambia,ZMB,Africa,2011,1624.87,0.42,57.84,83.14,3.5,0.45,4.82,47.4,3.36,3.96,52.0,0.18,40.37,10.55,3.94,63.9,291.0,19.42
Zambia,ZMB,Africa,2012,1710.05,0.42,58.7,83.14,4.1,0.45,4.8,46.1,3.7,4.05,52.0,0.36,40.77,7.85,0.56,61.43,256.0,20.06
Zambia,ZMB,Africa,2013,1820.72,0.42,59.44,83.14,4.8,0.41,4.7,44.5,3.72,4.57,55.8,0.58,41.17,7.27,0.51,63.65,213.0,20.71
Zambia,ZMB,Africa,2014,1707.49,0.43,60.11,87.44,6.5,0.5,4.68,43.0,5.15,3.83,55.8,0.22,41.56,6.58,0.5,64.28,174.0,21.38
Zambia,ZMB,Africa,2015,1295.88,0.42,60.73,71.13,8.8,0.48,4.75,42.4,4.62,4.43,55.8,0.3,41.96,5.95,0.48,65.33,154.0,22.06
Zambia,ZMB,Africa,2016,1239.09,0.43,61.13,71.13,10.3,0.54,4.64,40.6,3.75,4.47,55.8,0.43,42.34,5.24,0.54,63.79,158.0,22.75
Zambia,ZMB,Africa,2017,1483.47,0.43,61.56,71.13,12.2,0.47,4.6,38.8,3.73,4.78,55.8,0.18,42.73,4.53,0.37,65.58,141.0,23.46
Zambia,ZMB,Africa,2018,1463.9,0.43,62.14,71.13,14.3,0.52,4.61,37.7,4.74,4.77,55.8,0.79,43.11,5.03,0.38,69.24,117.0,24.18
Zambia,ZMB,Africa,2019,1258.99,0.44,62.91,71.13,14.47,0.52,4.58,36.1,4.42,6.75,51.5,0.19,43.49,5.54,0.98,67.04,103.0,24.9
Zambia,ZMB,Africa,2020,951.64,0.43,63.36,81.75,14.65,0.56,4.54,35.7,3.94,6.31,51.5,0.17,43.86,6.03,1.58,66.59,99.0,25.64
Zambia,ZMB,Africa,2021,1127.16,0.44,62.36,79.95,14.82,0.55,4.62,35.6,3.11,6.64,51.5,0.08,44.24,5.2,1.34,67.3,140.0,26.37
Zambia,ZMB,Africa,2022,1447.12,0.45,65.28,79.98,15.0,0.56,4.38,35.4,3.66,5.21,51.5,0.13,44.6,5.99,1.34,69.59,89.0,27.11
Zambia,ZMB,Africa,2023,1330.73,0.44,66.35,79.98,16.45,0.56,4.41,35.0,4.07,5.98,51.5,0.03,45.03,5.86,1.34,69.23,85.0,27.88
Zimbabwe,ZWE,Africa,2000,562.83,0.39,46.03,80.07,0.4,0.41,5.18,58.3,4.24,5.84,51.29,0.09,32.4,5.68,1.37,56.7,405.0,30.74
Zimbabwe,ZWE,Africa,2001,566.39,0.4,44.52,80.15,0.8,0.41,4.97,58.3,4.84,6.8,50.04,0.17,32.5,5.31,1.69,59.64,467.0,30.95
Zimbabwe,ZWE,Africa,2002,524.94,0.4,45.94,80.93,1.1,0.47,5.08,58.7,5.03,6.51,50.57,0.23,32.56,5.0,0.82,56.43,418.0,31.25
Zimbabwe,ZWE,Africa,2003,468.47,0.4,45.37,81.39,1.8,0.36,5.03,59.5,4.69,6.22,47.92,0.41,32.6,4.74,0.6,58.36,455.0,31.62
Zimbabwe,ZWE,Africa,2004,469.72,0.41,46.04,83.01,2.1,0.47,5.0,61.7,5.16,7.96,57.62,0.0,32.63,4.39,0.89,58.33,451.0,31.97
Zimbabwe,ZWE,Africa,2005,461.27,0.4,46.57,82.43,2.4,0.58,4.88,64.5,4.74,6.3,51.94,0.43,32.65,4.63,0.65,59.02,454.0,32.27
Zimbabwe,ZWE,Africa,2006,431.03,0.41,47.06,81.48,2.4,0.49,5.0,65.9,4.45,7.23,53.1,0.12,32.66,4.77,0.96,62.14,480.0,32.66
Zimbabwe,ZWE,Africa,2007,413.52,0.41,47.58,82.58,3.0,0.48,4.78,68.8,1.54,10.48,46.02,0.08,32.68,5.01,0.8,60.75,519.0,33.1
Zimbabwe,ZWE,Africa,2008,340.92,0.42,48.46,83.22,3.5,0.46,4.97,69.8,1.54,10.48,43.2,0.03,32.69,5.4,0.71,60.07,526.0,33.5
Zimbabwe,ZWE,Africa,2009,735.82,0.41,49.75,83.93,4.0,0.52,4.82,69.8,1.54,10.48,43.2,0.12,32.71,5.48,0.74,62.22,540.0,33.97
Zimbabwe,ZWE,Africa,2010,902.01,0.41,51.92,83.67,6.4,0.54,4.63,67.4,1.54,10.48,43.2,0.43,32.73,5.47,0.71,60.05,567.0,34.53
Zimbabwe,ZWE,Africa,2011,1037.78,0.42,53.91,85.34,8.4,0.51,4.97,64.2,1.54,8.08,43.2,0.1,32.76,5.37,0.77,62.89,564.0,35.14
Zimbabwe,ZWE,Africa,2012,1239.23,0.42,55.39,85.59,12.0,0.6,4.72,58.8,6.07,6.92,43.2,0.02,32.79,5.06,2.72,64.8,558.0,35.72
Zimbabwe,ZWE,Africa,2013,1362.99,0.43,56.84,86.61,15.5,0.57,4.72,56.6,6.0,7.11,43.2,0.63,32.9,4.95,2.63,64.52,525.0,36.23
Zimbabwe,ZWE,Africa,2014,1372.92,0.43,58.11,86.74,16.36,0.5,4.56,54.7,6.14,8.13,43.2,0.27,33.16,4.77,2.61,63.16,468.0,36.73
Zimbabwe,ZWE,Africa,2015,1387.13,0.44,58.99,88.11,22.74,0.47,4.68,54.7,6.14,7.45,44.3,0.12,33.56,5.4,2.64,66.54,428.0,37.22
Zimbabwe,ZWE,Africa,2016,1408.14,0.43,59.76,93.23,23.12,0.53,4.66,54.3,6.14,7.26,44.3,0.44,34.08,5.9,0.25,65.83,411.0,37.74
Zimbabwe,ZWE,Africa,2017,3445.45,0.44,60.26,93.23,24.4,0.5,4.38,54.2,6.14,6.17,44.3,0.15,34.7,6.35,2.63,68.27,389.0,38.29
Zimbabwe,ZWE,Africa,2018,2270.9,0.44,60.91,93.23,25.0,0.62,4.73,54.4,5.42,4.67,44.3,0.37,35.41,6.79,9.15,66.24,386.0,38.86
Zimbabwe,ZWE,Africa,2019,2184.33,0.44,61.06,93.23,26.59,0.63,4.5,55.8,4.87,3.23,50.3,0.27,36.18,7.37,14.61,68.6,388.0,39.48
Zimbabwe,ZWE,Africa,2020,2059.67,0.45,61.53,93.23,29.3,0.59,4.4,57.8,0.38,2.95,50.3,0.16,37.01,8.62,0.26,69.41,380.0,40.14
Zimbabwe,ZWE,Africa,2021,2613.61,0.45,60.14,93.23,32.59,0.58,4.37,59.8,0.38,2.67,50.3,0.61,37.87,9.54,24.22,69.97,446.0,40.84
Zimbabwe,ZWE,Africa,2022,2536.4,0.45,62.36,93.23,36.26,0.61,4.42,61.6,0.38,3.4,50.3,0.01,38.71,10.09,24.22,69.62,368.0,41.54
Zimbabwe,ZWE,Africa,2023,2195.22,0.46,62.78,91.89,38.67,0.59,4.35,62.2,0.38,2.93,48.72,0.01,39.29,9.35,24.22,68.86,358.0,42.24
Palestine,PSE,Asia,2000,1476.17,0.45,70.3,86.08,1.11,1.0,4.83,26.3,5.25,9.47,49.27,0.16,72.07,10.62,29.41,58.66,59.0,485.41
Palestine,PSE,Asia,2001,1335.55,0.45,69.75,92.48,1.84,1.12,4.56,25.5,5.21,10.32,34.0,0.94,73.73,21.49,29.85,60.84,60.0,497.97
Palestine,PSE,Asia,2002,1156.22,0.46,70.88,92.48,3.1,0.95,4.58,24.8,5.47,11.05,34.0,1.12,75.5,27.46,36.77,64.78,58.0,510.86
Palestine,PSE,Asia,2003,1257.7,0.45,70.97,92.48,4.13,1.06,4.62,24.0,5.59,9.56,34.0,1.48,77.29,23.0,37.3,63.06,56.0,524.08
Palestine,PSE,Asia,2004,1422.19,0.46,71.09,92.48,4.4,1.14,4.59,23.3,5.07,11.38,34.0,0.88,78.99,23.22,34.21,62.95,55.0,537.65
Palestine,PSE,Asia,2005,1543.7,0.46,72.0,92.48,16.0,1.28,4.62,22.6,5.84,11.0,34.7,0.52,80.52,20.02,30.95,65.37,52.0,551.56
Palestine,PSE,Asia,2006,1570.1,0.47,71.83,93.45,18.41,1.0,4.54,21.8,4.95,10.5,34.0,0.15,81.76,19.01,30.78,62.84,51.0,565.84
Palestine,PSE,Asia,2007,1664.25,0.48,72.06,93.76,21.18,0.97,4.53,21.1,6.19,9.59,35.6,0.82,82.6,18.28,41.7,65.98,49.0,580.48
Palestine,PSE,Asia,2008,2035.2,0.47,72.2,94.01,24.36,1.31,4.51,20.4,6.19,10.53,35.6,0.55,83.1,22.91,42.22,64.75,49.0,596.67
Palestine,PSE,Asia,2009,2191.78,0.48,72.31,94.43,32.23,1.1,4.53,19.7,6.19,10.76,34.5,0.32,83.51,20.45,29.98,65.9,48.0,612.81
Palestine,PSE,Asia,2010,2557.08,0.47,73.3,94.72,37.4,1.09,4.47,19.0,6.19,9.1,35.3,0.42,83.89,21.42,43.33,65.98,42.0,628.93
Palestine,PSE,Asia,2011,2880.8,0.49,73.56,95.03,41.08,1.12,4.37,18.3,5.34,11.35,34.4,0.01,84.23,17.6,39.91,68.18,39.0,645.01
Palestine,PSE,Asia,2012,3067.44,0.48,73.72,95.67,43.4,1.04,4.3,17.7,4.74,10.3,34.4,0.22,84.55,19.2,0.22,66.15,36.0,661.13
Palestine,PSE,Asia,2013,3315.3,0.48,74.14,96.05,46.6,1.24,4.46,17.0,4.89,10.45,34.4,0.41,84.82,19.89,0.37,67.75,32.0,677.19
Palestine,PSE,Asia,2014,3352.11,0.49,72.78,96.21,53.67,1.2,4.18,17.6,4.89,9.92,33.7,0.14,85.04,20.53,0.88,70.09,29.0,693.26
Palestine,PSE,Asia,2015,3272.15,0.49,74.58,96.48,56.7,1.19,4.12,15.8,4.66,9.28,33.7,0.46,85.22,23.0,1.8,68.66,26.0,709.32
Palestine,PSE,Asia,2016,3527.61,0.49,74.92,96.72,59.9,1.14,4.31,15.2,4.98,9.0,33.7,1.02,85.34,23.94,7.91,71.38,23.0,725.43
Palestine,PSE,Asia,2017,3620.36,0.5,75.22,96.92,63.3,0.98,4.09,14.6,4.72,9.12,33.7,0.28,85.38,25.68,8.35,70.03,21.0,740.0
Palestine,PSE,Asia,2018,3562.33,0.5,75.38,97.22,64.4,1.02,4.13,14.1,4.72,9.66,33.7,0.26,85.54,26.26,14.33,72.29,19.0,758.98
Palestine,PSE,Asia,2019,3656.86,0.5,75.81,97.38,70.62,1.09,4.12,13.6,4.72,9.19,33.7,1.25,85.81,25.34,15.17,74.31,18.0,778.29
Palestine,PSE,Asia,2020,3233.57,0.5,75.0,97.51,76.18,1.16,4.1,13.2,5.43,10.28,36.4,0.24,86.07,25.9,21.27,72.23,20.0,797.89
Palestine,PSE,Asia,2021,3678.64,0.51,73.89,97.68,76.18,1.21,4.04,12.8,5.43,10.43,36.4,0.07,86.33,26.39,24.46,72.9,29.0,817.05
Palestine,PSE,Asia,2022,3799.96,0.51,76.66,97.84,88.65,0.96,4.05,12.3,5.43,9.71,36.4,0.19,86.6,24.42,24.46,73.8,17.0,837.11
Palestine,PSE,Asia,2023,3455.03,0.52,65.17,97.84,86.64,1.26,3.93,16.8,5.43,10.73,36.4,0.3,86.86,24.42,24.46,75.34,16.0,857.39
Luxembourg,LUX,Europe,2000,48659.6,0.95,77.87,95.45,22.89,44.66,1.77,3.9,3.54,5.93,30.1,1.53,84.42,2.35,4.09,95.27,18.0,169.47
Luxembourg,LUX,Europe,2001,48440.14,0.95,77.82,97.13,36.16,40.21,1.87,3.7,3.54,6.38,30.9,1.83,84.82,1.8,3.07,96.3,19.0,171.5
Luxembourg,LUX,Europe,2002,53005.73,0.96,77.97,96.35,39.84,39.26,1.77,3.5,3.54,6.76,31.1,2.1,85.2,2.62,1.42,94.53,17.0,173.31
Luxembourg,LUX,Europe,2003,65689.32,0.96,77.73,95.03,54.55,37.88,1.7,3.3,3.54,6.96,30.2,2.46,85.59,3.68,1.73,96.12,15.0,175.43
Luxembourg,LUX,Europe,2004,76544.92,0.97,79.12,98.74,65.88,36.4,1.68,3.1,3.54,7.28,30.2,2.8,85.98,5.11,2.21,99.24,17.0,177.94
Luxembourg,LUX,Europe,2005,80988.14,0.96,79.43,97.21,70.0,41.46,1.6,2.9,7.68,7.12,30.8,1.66,86.37,4.49,2.82,97.79,17.0,180.68
Luxembourg,LUX,Europe,2006,90788.8,0.96,79.29,99.17,72.51,33.57,1.52,2.7,7.64,6.64,30.9,2.75,86.77,4.73,3.11,96.59,16.0,183.59
Luxembourg,LUX,Europe,2007,107475.32,0.97,79.38,99.64,78.92,33.45,1.57,2.6,8.13,6.16,31.1,2.63,87.18,4.07,3.7,99.9,14.0,186.44
Luxembourg,LUX,Europe,2008,120422.14,0.97,80.54,99.47,82.23,34.91,1.66,2.5,8.07,6.23,32.6,2.11,87.6,5.06,4.23,99.85,13.0,189.81
Luxembourg,LUX,Europe,2009,109419.75,0.97,80.64,99.22,87.31,34.74,1.59,2.4,3.88,6.95,31.2,2.44,88.04,5.19,4.2,98.24,15.0,193.35
Luxembourg,LUX,Europe,2010,110885.99,0.98,80.63,99.9,90.62,42.92,1.56,2.4,3.88,6.66,30.5,1.93,88.49,4.42,3.51,99.9,17.0,196.92
Luxembourg,LUX,Europe,2011,119025.06,0.98,80.99,99.9,90.03,40.38,1.38,2.3,3.88,5.95,32.1,2.08,88.96,5.12,4.93,99.9,13.0,201.34
Luxembourg,LUX,Europe,2012,112584.68,0.98,81.39,99.9,91.95,47.72,1.38,2.2,3.88,5.29,34.3,2.35,89.44,5.03,5.51,99.82,13.0,206.24
Luxembourg,LUX,Europe,2013,120000.14,0.99,81.8,99.9,93.78,37.33,1.35,2.2,3.88,5.24,32.0,2.29,89.94,6.04,8.69,99.9,15.0,211.06
Luxembourg,LUX,Europe,2014,123678.7,0.99,82.23,99.9,94.67,35.27,1.36,2.2,3.86,5.23,31.2,2.41,90.46,6.04,9.79,99.9,13.0,216.09
Luxembourg,LUX,Europe,2015,105462.01,0.99,82.29,99.9,96.38,47.06,1.21,2.1,3.77,5.08,32.9,2.48,90.99,6.8,12.01,99.9,13.0,221.25
Luxembourg,LUX,Europe,2016,106899.29,1.0,82.69,99.9,98.14,38.48,1.16,2.1,3.77,5.07,31.7,2.47,91.54,6.67,15.56,99.9,13.0,226.07
Luxembourg,LUX,Europe,2017,110193.21,1.0,82.1,99.9,97.36,41.25,1.22,2.1,3.49,5.14,34.5,2.72,92.1,5.52,23.07,99.9,15.0,231.64
Luxembourg,LUX,Europe,2018,116926.76,1.0,82.3,99.9,97.06,32.93,1.31,2.1,3.66,5.27,35.4,2.53,92.67,5.59,26.89,99.9,9.0,236.15
Luxembourg,LUX,Europe,2019,112696.65,1.0,82.64,99.9,97.12,42.71,1.09,2.0,3.74,5.47,34.2,2.16,93.26,5.59,36.17,99.9,12.0,240.83
Luxembourg,LUX,Europe,2020,116860.03,1.0,82.14,99.9,98.46,37.2,1.18,2.0,3.85,5.77,33.4,2.59,93.86,6.77,39.6,99.9,6.0,244.87
Luxembourg,LUX,Europe,2021,134965.82,1.0,82.6,99.9,98.66,40.0,1.23,2.0,3.69,5.61,32.7,2.51,94.59,5.57,40.0,99.9,6.0,248.62
Luxembourg,LUX,Europe,2022,123719.66,1.0,82.95,99.9,98.24,38.81,1.11,2.0,3.74,5.61,34.1,2.23,94.76,4.59,40.0,99.9,6.0,253.69
Luxembourg,LUX,Europe,2023,133230.62,1.0,83.31,99.9,99.35,37.44,1.08,1.9,3.74,5.79,33.6,2.32,94.8,5.18,40.0,99.9,11.0,258.86
Iceland,ISL,Europe,2000,32503.58,0.9,79.65,95.3,44.47,23.76,2.06,3.1,6.43,8.9,26.8,1.68,91.97,1.94,17.22,91.85,7.0,2.81
Iceland,ISL,Europe,2001,29208.2,0.9,80.69,94.84,49.39,21.03,2.12,2.9,6.71,8.75,26.8,2.33,92.05,1.87,18.06,93.0,6.0,2.84
Iceland,ISL,Europe,2002,32749.38,0.91,80.5,95.47,79.12,25.37,1.98,2.8,7.3,9.4,26.8,1.88,92.17,2.99,17.03,90.59,7.0,2.87
Iceland,ISL,Europe,2003,39944.21,0.9,80.96,95.52,83.14,25.02,2.03,2.6,7.25,9.73,26.8,1.85,92.32,4.0,16.54,91.28,6.0,2.89
Iceland,ISL,Europe,2004,47809.61,0.91,81.0,97.79,83.88,24.12,1.83,2.5,7.16,9.33,28.0,2.3,92.44,4.03,17.23,92.49,6.0,2.91
Iceland,ISL,Europe,2005,57783.77,0.91,81.5,95.22,87.0,24.07,1.98,2.4,7.34,8.95,29.0,2.21,92.38,2.55,19.14,93.91,5.0,2.96
Iceland,ISL,Europe,2006,58172.14,0.92,81.16,97.29,89.51,22.41,1.96,2.3,7.2,8.56,30.2,2.29,92.19,2.83,26.52,96.45,5.0,3.03
Iceland,ISL,Europe,2007,70483.01,0.91,81.45,97.49,90.6,22.98,1.81,2.2,6.94,8.35,29.5,2.22,92.36,2.25,29.89,92.54,5.0,3.11
Iceland,ISL,Europe,2008,57489.34,0.92,81.61,95.86,91.0,25.86,1.83,2.1,7.04,8.34,31.8,1.87,93.06,2.95,24.52,95.0,4.0,3.17
Iceland,ISL,Europe,2009,41483.78,0.92,81.75,98.94,93.0,19.44,1.79,2.1,7.19,8.78,28.7,2.01,93.44,7.22,27.05,95.78,5.0,3.18
Iceland,ISL,Europe,2010,43776.47,0.92,81.9,99.47,93.39,19.81,1.62,2.0,6.94,8.36,26.2,2.46,93.46,7.56,26.18,95.39,5.0,3.17
Iceland,ISL,Europe,2011,48254.95,0.92,82.36,98.57,94.82,24.4,1.74,2.0,6.79,8.25,26.8,1.4,93.41,7.03,27.32,95.38,4.0,3.18
Iceland,ISL,Europe,2012,46594.99,0.93,82.92,98.64,96.21,22.15,1.55,2.0,7.58,8.23,26.8,2.08,93.51,6.0,29.69,97.68,4.0,3.2
Iceland,ISL,Europe,2013,50173.34,0.94,82.06,99.48,96.55,23.56,1.64,2.0,7.45,8.23,25.4,1.73,93.62,5.38,28.97,97.79,4.0,3.23
Iceland,ISL,Europe,2014,55140.36,0.94,82.86,99.9,98.16,23.24,1.66,2.0,7.64,8.29,27.8,2.65,93.62,4.9,28.96,99.9,4.0,3.27
Iceland,ISL,Europe,2015,53505.7,0.94,82.47,99.9,98.2,22.1,1.5,2.0,7.46,8.13,26.8,2.45,93.73,3.98,26.68,96.19,4.0,3.3
Iceland,ISL,Europe,2016,62854.09,0.94,82.2,99.9,98.24,26.96,1.65,2.0,7.43,8.16,27.2,1.91,93.78,2.98,27.38,99.9,3.0,3.35
Iceland,ISL,Europe,2017,72976.37,0.95,82.66,99.9,98.26,23.55,1.51,2.0,7.58,8.32,26.1,2.04,93.77,2.74,26.94,99.9,3.0,3.43
Iceland,ISL,Europe,2018,75633.87,0.95,82.86,99.9,99.01,22.7,1.53,2.1,7.56,8.44,26.6,2.21,93.85,2.7,30.35,99.12,4.0,3.5
Iceland,ISL,Europe,2019,69296.31,0.95,83.16,99.9,99.5,24.47,1.49,2.1,7.6,8.64,26.8,2.26,93.98,3.51,30.95,99.9,4.0,3.58
Iceland,ISL,Europe,2020,60127.94,0.96,83.06,99.9,99.53,18.33,1.25,2.1,8.58,9.65,26.8,2.27,94.14,5.48,31.23,99.9,12.0,3.63
Iceland,ISL,Europe,2021,70425.41,0.95,83.17,99.9,99.69,25.02,1.31,2.1,8.23,9.72,26.8,1.89,94.21,6.03,29.64,99.9,5.0,3.69
Iceland,ISL,Europe,2022,76350.46,0.95,82.12,99.9,97.58,21.89,1.38,2.2,7.31,9.08,26.8,2.21,94.18,3.79,29.64,99.9,5.0,3.79
Iceland,ISL,Europe,2023,82138.79,0.97,82.46,99.9,97.95,24.35,1.29,2.1,7.31,8.71,39.21,2.07,94.15,3.52,29.64,99.9,3.0,3.82
Malta,MLT,Europe,2000,10348.49,0.72,78.35,89.44,13.11,10.94,3.21,6.7,4.19,6.63,43.76,1.27,93.28,6.32,19.37,79.25,13.0,1219.02
Malta,MLT,Europe,2001,10357.7,0.72,78.84,91.86,17.88,11.32,3.25,6.5,4.16,7.03,42.25,1.24,93.36,7.11,24.3,82.51,12.0,1228.21
Malta,MLT,Europe,2002,11251.2,0.73,78.74,92.36,28.92,10.34,3.01,6.3,4.16,7.73,42.03,1.23,93.44,6.9,24.05,79.82,13.0,1237.4
Malta,MLT,Europe,2003,13593.98,0.72,78.55,92.36,31.64,11.07,3.03,6.2,4.16,7.94,28.0,0.9,93.52,7.49,21.53,81.1,13.0,1245.57
Malta,MLT,Europe,2004,15212.13,0.73,79.25,92.36,34.62,10.69,3.15,6.1,4.43,8.04,28.0,1.18,93.61,7.32,26.08,79.37,11.0,1253.96
Malta,MLT,Europe,2005,15831.34,0.74,79.3,92.36,41.24,10.19,2.86,6.1,4.43,8.69,28.0,1.39,93.7,6.92,0.0,84.0,11.0,1261.98
Malta,MLT,Europe,2006,16653.6,0.74,79.44,92.36,40.41,10.23,2.99,6.0,5.96,8.85,28.0,1.02,93.8,6.8,0.0,82.32,12.0,1266.59
Malta,MLT,Europe,2007,19444.17,0.73,79.79,92.36,46.9,9.79,2.9,6.0,5.96,8.19,29.2,1.13,93.91,6.47,0.0,83.3,10.0,1271.01
Malta,MLT,Europe,2008,22315.31,0.74,79.64,92.36,50.08,9.45,3.05,6.0,5.47,7.82,29.0,0.92,94.03,5.98,0.01,82.01,10.0,1279.31
Malta,MLT,Europe,2009,21176.32,0.74,80.24,93.31,58.86,8.36,2.96,6.0,5.05,7.89,30.2,1.0,94.14,6.9,0.03,83.26,11.0,1288.99
Malta,MLT,Europe,2010,21946.61,0.75,81.4,93.31,63.0,8.9,2.86,6.0,6.21,7.9,29.0,0.43,94.24,6.86,0.03,83.83,9.0,1295.34
Malta,MLT,Europe,2011,23516.97,0.75,80.75,93.31,68.02,7.8,2.79,6.0,7.58,8.32,29.1,1.58,94.32,6.39,0.46,84.81,11.0,1300.84
Malta,MLT,Europe,2012,22878.31,0.75,80.75,93.31,68.2,9.45,2.75,6.0,6.25,8.25,29.4,1.17,94.36,6.2,1.12,89.18,9.0,1312.59
Malta,MLT,Europe,2013,25415.56,0.75,81.75,93.31,68.91,11.23,2.83,5.9,7.41,8.3,28.8,1.62,94.39,6.12,1.58,86.13,7.0,1327.53
Malta,MLT,Europe,2014,27424.58,0.76,81.9,93.31,73.11,11.36,2.65,5.9,6.85,8.88,29.0,1.39,94.41,5.74,3.36,88.29,8.0,1354.63
Malta,MLT,Europe,2015,25529.68,0.76,81.8,99.03,75.96,8.67,2.69,5.8,4.91,8.7,29.4,1.24,94.44,5.39,7.83,87.07,7.0,1388.19
Malta,MLT,Europe,2016,26459.08,0.77,82.35,96.18,78.08,10.97,2.64,5.7,4.96,8.7,29.1,1.11,94.48,4.69,15.9,87.26,10.0,1420.33
Malta,MLT,Europe,2017,30317.24,0.77,82.2,97.54,81.01,8.97,2.36,5.6,4.34,8.31,29.2,1.66,94.57,4.01,10.42,88.52,7.0,1459.71
Malta,MLT,Europe,2018,33382.27,0.77,82.25,97.62,81.66,10.86,2.49,5.5,4.34,8.11,28.7,1.77,94.72,3.96,10.14,90.04,9.0,1512.2
Malta,MLT,Europe,2019,32421.92,0.77,82.66,99.18,85.78,9.99,2.48,5.4,4.8,8.89,31.0,1.6,94.93,4.08,9.8,89.24,8.0,1574.72
Malta,MLT,Europe,2020,31823.44,0.78,82.1,99.04,86.86,8.97,2.51,5.2,4.8,9.85,31.4,1.18,95.18,4.86,11.33,88.7,10.0,1610.91
Malta,MLT,Europe,2021,38096.84,0.78,82.26,99.38,87.47,9.24,2.49,5.1,4.93,9.53,31.6,2.05,95.51,3.75,11.89,90.73,10.0,1619.22
Malta,MLT,Europe,2022,35638.89,0.78,82.3,99.9,91.54,11.15,2.36,5.0,4.71,9.09,34.6,1.17,95.6,3.47,11.89,91.29,10.0,1659.73
Malta,MLT,Europe,2023,40905.81,0.78,83.36,99.9,92.07,10.11,2.47,4.8,4.71,8.84,31.8,1.56,95.63,3.48,11.89,93.29,8.0,1727.33
Cyprus,CYP,Asia,2000,14388.35,0.71,77.9,96.8,15.26,10.36,3.12,5.7,4.99,5.31,45.08,0.64,68.77,4.77,16.41,78.3,12.0,102.56
Cyprus,CYP,Asia,2001,14821.45,0.71,78.18,96.8,18.82,9.07,3.22,5.3,5.12,5.34,30.1,0.65,68.8,4.04,23.42,80.12,11.0,104.34
Cyprus,CYP,Asia,2002,16093.22,0.71,78.76,96.8,28.32,9.39,3.34,5.0,5.58,5.62,30.1,0.67,68.79,3.34,27.3,78.03,11.0,106.22
Cyprus,CYP,Asia,2003,20252.25,0.71,78.91,96.8,30.09,8.04,3.29,4.7,6.67,5.64,30.1,1.23,68.71,4.15,27.79,80.4,10.0,108.18
Cyprus,CYP,Asia,2004,23792.62,0.72,79.01,96.8,33.83,10.68,3.16,4.4,6.12,5.41,30.1,1.22,68.59,4.77,0.02,78.75,10.0,110.16
Cyprus,CYP,Asia,2005,24959.26,0.73,79.2,92.84,32.81,8.94,2.91,4.1,6.29,5.44,30.3,1.03,68.43,5.48,0.02,81.31,10.0,112.14
Cyprus,CYP,Asia,2006,26729.28,0.73,79.46,92.66,35.83,9.1,3.13,3.8,6.33,5.46,31.1,1.72,68.25,4.59,0.03,83.2,10.0,114.11
Cyprus,CYP,Asia,2007,31244.88,0.72,79.8,91.3,40.77,9.49,2.97,3.5,6.28,5.36,31.1,0.92,68.06,3.95,0.06,80.61,10.0,116.09
Cyprus,CYP,Asia,2008,35397.3,0.73,79.91,98.68,42.31,9.33,2.85,3.2,6.72,6.01,31.7,0.92,67.87,3.76,0.29,83.98,10.0,118.08
Cyprus,CYP,Asia,2009,32236.45,0.73,80.38,98.68,49.81,10.83,3.02,3.0,7.21,6.47,32.1,1.01,67.68,5.59,0.6,84.35,10.0,120.06
Cyprus,CYP,Asia,2010,31105.03,0.73,80.63,98.68,52.99,8.52,2.97,2.7,6.53,6.5,31.5,1.45,67.52,6.36,1.37,83.41,10.0,122.06
Cyprus,CYP,Asia,2011,32485.8,0.73,80.86,98.68,56.86,9.8,2.93,2.6,6.52,6.43,32.6,0.93,67.4,7.94,3.62,82.64,10.0,124.08
Cyprus,CYP,Asia,2012,28991.94,0.75,81.13,98.68,60.69,8.79,2.77,2.4,6.52,6.54,34.3,1.45,67.3,12.1,5.45,84.81,10.0,126.13
Cyprus,CYP,Asia,2013,27764.73,0.75,81.32,98.68,65.45,8.77,2.66,2.3,6.47,6.93,37.0,0.94,67.21,16.13,7.63,86.33,10.0,128.13
Cyprus,CYP,Asia,2014,26993.1,0.75,81.34,98.68,69.33,10.45,2.69,2.2,6.42,6.93,35.6,1.04,67.12,16.28,7.3,87.03,11.0,130.07
Cyprus,CYP,Asia,2015,23088.44,0.75,81.46,97.45,71.72,9.53,2.73,2.1,6.3,6.79,34.0,1.31,67.04,15.03,8.81,87.54,11.0,131.98
Cyprus,CYP,Asia,2016,24280.06,0.75,81.53,94.88,75.9,9.67,2.75,2.1,6.12,6.65,32.9,1.72,66.96,13.01,8.69,89.71,12.0,133.89
Cyprus,CYP,Asia,2017,26247.45,0.75,81.54,97.51,80.74,8.5,2.8,2.2,5.7,6.62,31.4,1.17,66.89,11.16,8.7,89.25,12.0,135.74
Cyprus,CYP,Asia,2018,29120.38,0.75,81.56,97.85,84.43,11.67,2.62,2.3,5.7,6.78,32.7,1.83,66.83,8.5,9.44,86.24,13.0,137.53
Cyprus,CYP,Asia,2019,29227.17,0.75,81.45,96.48,86.06,9.61,2.58,2.5,5.16,7.0,31.2,1.2,66.77,7.16,10.01,91.32,13.0,139.25
Cyprus,CYP,Asia,2020,28130.34,0.76,81.23,97.79,90.8,9.48,2.58,2.7,5.56,8.65,31.7,1.77,66.72,7.76,12.3,88.85,87.0,140.94
Cyprus,CYP,Asia,2021,32937.84,0.77,80.57,98.05,90.76,8.35,2.53,3.0,5.08,8.87,31.3,1.45,66.67,7.51,15.13,88.77,98.0,142.57
Cyprus,CYP,Asia,2022,33231.04,0.76,80.43,98.86,89.6,7.82,2.58,3.4,4.74,8.27,31.5,0.48,66.67,6.81,15.13,91.16,53.0,144.09
Cyprus,CYP,Asia,2023,36623.69,0.77,81.65,98.84,91.22,9.83,2.52,3.8,4.74,8.12,31.8,1.46,66.67,5.84,15.13,91.6,14.0,145.56
Botswana,BWA,Africa,2000,3450.81,0.53,52.26,81.19,2.9,2.14,4.21,39.4,6.0,6.11,61.5,0.41,53.2,15.88,28.24,65.08,136.0,2.96
Botswana,BWA,Africa,2001,3206.07,0.54,52.21,81.19,3.43,2.64,4.24,39.0,6.53,6.37,61.5,0.55,54.05,18.54,34.28,66.45,138.0,3.02
Botswana,BWA,Africa,2002,3117.25,0.55,52.37,81.19,3.39,2.78,4.19,39.7,10.68,6.67,61.5,0.55,55.01,21.28,31.29,67.38,140.0,3.08
Botswana,BWA,Africa,2003,4230.12,0.54,52.85,81.19,3.35,2.87,4.24,41.4,10.68,6.41,61.5,0.35,56.1,23.8,29.57,68.53,142.0,3.13
Botswana,BWA,Africa,2004,4956.69,0.55,53.57,81.19,3.3,2.91,4.17,44.0,10.68,6.09,61.5,0.74,57.26,21.76,33.79,69.7,151.0,3.19
Botswana,BWA,Africa,2005,5391.07,0.55,54.39,81.19,3.26,2.79,4.13,43.6,10.68,5.27,61.5,0.56,58.45,19.85,27.93,67.96,166.0,3.25
Botswana,BWA,Africa,2006,5291.58,0.55,55.11,81.19,4.29,2.94,4.2,45.8,10.68,4.88,56.9,0.26,59.64,17.78,31.51,70.97,204.0,3.31
Botswana,BWA,Africa,2007,5529.13,0.55,56.74,88.69,5.28,3.31,4.07,50.3,9.05,5.52,56.9,0.04,60.78,16.98,37.08,70.5,201.0,3.37
Botswana,BWA,Africa,2008,5503.07,0.56,57.66,88.98,6.25,2.71,3.99,52.8,9.05,5.9,56.9,0.05,61.83,16.29,37.36,68.9,199.0,3.44
Botswana,BWA,Africa,2009,5082.93,0.56,58.3,88.27,6.15,2.82,3.92,52.5,9.83,6.62,56.9,0.58,62.75,16.17,34.71,73.35,213.0,3.51
Botswana,BWA,Africa,2010,6215.73,0.56,59.14,89.59,6.0,2.68,3.94,53.3,9.83,6.27,56.9,0.62,63.49,17.86,0.05,72.62,228.0,3.59
Botswana,BWA,Africa,2011,7287.38,0.57,59.72,90.12,9.0,2.88,4.0,54.3,10.83,5.87,56.9,0.6,64.02,18.05,0.08,75.84,269.0,3.66
Botswana,BWA,Africa,2012,6595.54,0.57,60.38,89.99,16.0,3.19,3.74,49.5,8.11,6.35,56.9,0.7,64.4,17.92,0.15,74.86,288.0,3.72
Botswana,BWA,Africa,2013,6666.91,0.57,61.22,90.15,30.0,2.68,3.74,47.0,8.02,6.5,54.9,0.38,64.76,18.17,0.12,73.89,221.0,3.78
Botswana,BWA,Africa,2014,7122.36,0.58,62.17,91.47,36.74,3.07,3.77,46.2,7.89,5.88,54.9,0.06,65.1,18.48,0.1,76.71,212.0,3.83
Botswana,BWA,Africa,2015,6141.2,0.58,63.22,91.47,38.89,3.11,3.65,44.2,8.39,6.1,54.9,0.29,65.41,18.92,0.12,75.72,141.0,3.89
Botswana,BWA,Africa,2016,6749.06,0.57,64.32,90.91,41.17,3.25,3.95,42.8,8.74,5.77,54.9,0.34,65.69,19.33,0.19,76.35,72.0,3.94
Botswana,BWA,Africa,2017,7104.96,0.59,65.42,92.37,43.58,2.96,3.79,40.0,7.81,6.63,54.9,0.61,65.95,19.67,0.16,77.09,46.0,4.0
Botswana,BWA,Africa,2018,7407.96,0.58,66.37,93.37,46.13,2.59,3.54,38.7,7.91,6.04,54.9,0.9,66.16,19.66,0.19,77.48,99.0,4.06
Botswana,BWA,Africa,2019,7172.09,0.59,67.17,95.47,48.82,2.61,3.53,37.4,8.4,6.12,44.37,0.85,66.33,20.09,0.24,77.2,100.0,4.11
Botswana,BWA,Africa,2020,6323.3,0.59,67.64,93.01,51.68,3.02,3.64,36.5,8.06,6.12,49.1,0.57,66.45,21.02,0.26,78.01,98.0,4.17
Botswana,BWA,Africa,2021,7807.89,0.59,63.3,93.9,54.7,3.31,3.47,35.4,8.06,6.3,49.48,0.4,66.52,23.11,0.25,78.6,165.0,4.24
Botswana,BWA,Africa,2022,8328.71,0.6,68.75,94.58,57.9,3.0,3.7,34.3,8.06,5.74,47.66,0.48,66.59,23.62,0.25,79.77,120.0,4.31
Botswana,BWA,Africa,2023,7826.35,0.6,69.16,96.65,57.9,3.11,3.46,33.3,8.06,6.26,51.32,0.25,67.02,23.38,0.25,80.96,155.0,4.38
Mauritius,MUS,Africa,2000,3981.98,0.57,71.66,84.3,7.28,3.58,4.18,16.5,3.72,2.86,45.21,0.35,42.06,9.12,24.17,70.52,43.0,584.67
Mauritius,MUS,Africa,2001,3908.56,0.57,71.77,84.3,8.78,3.95,4.14,15.4,3.07,2.92,52.37,0.55,41.88,9.14,24.97,71.06,42.0,589.3
Mauritius,MUS,Africa,2002,4073.06,0.58,71.97,84.3,10.25,3.73,3.99,14.6,3.02,3.19,45.88,0.82,41.7,8.2,23.18,70.31,42.0,593.41
Mauritius,MUS,Africa,2003,4858.27,0.57,72.12,84.3,12.19,3.6,4.11,14.1,4.36,3.18,35.7,0.6,41.51,8.32,21.56,69.0,42.0,597.72
Mauritius,MUS,Africa,2004,5460.61,0.58,72.27,88.33,13.69,3.81,3.98,13.8,4.26,3.32,35.7,0.81,41.33,8.34,21.72,71.37,43.0,601.48
Mauritius,MUS,Africa,2005,5354.03,0.58,72.43,88.36,15.17,4.27,3.88,13.7,4.02,3.52,35.7,0.53,41.14,9.52,19.95,70.58,43.0,605.05
Mauritius,MUS,Africa,2006,5784.22,0.58,72.43,87.74,16.7,3.96,4.0,13.5,3.65,3.61,35.7,0.46,40.96,9.04,18.97,71.21,45.0,607.88
Mauritius,MUS,Africa,2007,6677.35,0.58,72.57,87.72,20.22,3.5,3.9,13.3,3.19,3.52,35.7,0.57,40.78,8.48,18.99,70.82,46.0,610.66
Mauritius,MUS,Africa,2008,8140.51,0.59,72.57,89.25,21.81,3.81,3.84,13.2,3.06,3.94,35.7,0.41,40.62,7.17,19.04,72.23,48.0,612.87
Mauritius,MUS,Africa,2009,7426.89,0.59,72.88,89.25,22.51,3.83,3.84,13.1,3.05,4.17,35.7,0.07,40.45,7.26,18.9,73.32,51.0,614.5
Mauritius,MUS,Africa,2010,8113.18,0.59,72.97,89.25,28.33,3.89,3.85,13.0,3.55,4.52,38.5,0.58,40.3,7.65,17.74,73.41,53.0,615.96
Mauritius,MUS,Africa,2011,9324.24,0.6,73.27,89.25,34.95,3.4,3.74,13.1,3.33,4.25,38.5,0.08,40.17,7.45,18.03,76.04,55.0,627.14
Mauritius,MUS,Africa,2012,9421.53,0.61,73.86,91.77,35.42,3.71,3.65,13.2,3.42,4.22,38.5,0.6,40.04,7.47,17.64,73.76,55.0,628.88
Mauritius,MUS,Africa,2013,9877.14,0.6,74.02,91.49,40.12,4.33,3.6,13.2,3.57,4.62,38.5,0.16,39.91,7.32,17.33,77.66,58.0,630.41
Mauritius,MUS,Africa,2014,10490.33,0.61,74.19,92.47,44.8,4.09,3.69,13.0,4.82,5.38,38.5,0.79,39.79,7.47,17.25,76.28,60.0,631.55
Mauritius,MUS,Africa,2015,9630.54,0.6,74.35,92.71,50.14,3.86,3.66,12.9,4.76,5.55,36.8,0.34,39.67,7.41,18.69,77.74,61.0,632.39
Mauritius,MUS,Africa,2016,10095.12,0.61,74.39,93.16,52.19,3.43,3.64,13.0,4.88,5.54,36.8,0.62,39.56,6.81,18.62,78.16,62.0,632.82
Mauritius,MUS,Africa,2017,10986.7,0.61,74.51,93.16,55.4,2.81,3.42,13.3,4.88,5.6,36.8,0.8,39.45,6.75,17.35,78.14,66.0,633.39
Mauritius,MUS,Africa,2018,11818.75,0.62,74.42,93.16,58.6,3.54,3.44,13.7,4.67,5.6,36.8,0.55,39.35,6.43,16.97,81.33,67.0,633.74
Mauritius,MUS,Africa,2019,11568.25,0.62,74.24,92.98,61.73,4.08,3.54,14.0,4.54,5.7,36.8,0.13,39.25,6.33,18.92,81.5,67.0,633.94
Mauritius,MUS,Africa,2020,9135.85,0.62,74.18,92.98,67.73,3.31,3.47,14.1,4.35,6.1,36.8,0.76,39.16,8.63,20.12,80.04,58.0,633.96
Mauritius,MUS,Africa,2021,9177.71,0.62,73.68,92.98,71.6,3.77,3.42,14.1,4.67,6.62,47.71,0.07,39.08,7.72,18.14,80.7,80.0,634.12
Mauritius,MUS,Africa,2022,10246.5,0.63,73.51,92.98,75.5,3.9,3.31,13.9,4.84,5.84,44.99,0.65,39.0,6.32,18.14,81.8,61.0,632.21
Mauritius,MUS,Africa,2023,11269.97,0.64,73.41,94.29,79.5,3.84,3.32,13.8,4.57,5.57,48.43,0.8,39.0,5.57,18.14,83.68,66.0,625.26
Dominican Republic,DOM,Americas,2000,2831.46,0.54,70.36,87.0,3.7,2.65,4.2,33.5,1.89,4.88,51.5,0.27,61.31,6.43,0.8,67.63,76.0,177.69
Dominican Republic,DOM,Americas,2001,2935.89,0.54,70.55,87.0,4.43,2.78,4.2,32.7,1.97,4.88,50.0,0.11,62.3,7.26,0.84,66.49,68.0,180.51
Dominican Republic,DOM,Americas,2002,3065.6,0.54,70.72,87.0,6.82,2.8,4.11,32.1,1.91,4.99,49.7,0.17,63.29,6.78,0.77,67.85,68.0,183.24
Dominican Republic,DOM,Americas,2003,2383.26,0.55,70.86,87.0,7.9,2.98,4.14,31.7,1.84,4.39,52.1,0.78,64.43,6.94,0.74,69.79,71.0,185.9
Dominican Republic,DOM,Americas,2004,2451.69,0.55,70.73,87.0,8.87,3.19,3.94,31.3,1.84,4.29,52.1,0.53,65.89,6.3,0.88,69.75,78.0,188.47
Dominican Republic,DOM,Americas,2005,3878.31,0.56,71.04,88.24,11.48,3.07,4.07,31.0,1.84,4.35,50.0,0.7,67.58,6.59,0.8,69.74,83.0,190.95
Dominican Republic,DOM,Americas,2006,4055.14,0.56,71.05,88.24,14.84,2.78,3.93,30.8,2.05,3.99,52.0,0.29,69.33,5.65,0.76,70.8,87.0,193.36
Dominican Republic,DOM,Americas,2007,4649.65,0.56,71.1,88.24,17.66,3.04,4.03,30.6,2.05,4.09,48.9,0.06,71.02,5.16,0.74,68.87,90.0,195.73
Dominican Republic,DOM,Americas,2008,5023.59,0.57,71.33,88.24,20.82,2.92,3.71,30.5,2.05,4.56,48.1,0.48,72.49,4.76,0.74,71.64,94.0,198.16
Dominican Republic,DOM,Americas,2009,4973.95,0.56,71.59,89.54,27.72,3.38,3.8,30.5,1.89,4.77,48.9,0.35,73.59,5.47,0.8,72.38,96.0,200.69
Dominican Republic,DOM,Americas,2010,5478.62,0.57,72.04,89.54,31.4,3.46,3.68,30.5,1.89,4.93,47.3,0.55,74.16,5.21,0.75,71.28,92.0,203.27
Dominican Republic,DOM,Americas,2011,5826.51,0.57,72.5,90.11,38.0,2.68,3.89,30.6,1.88,5.05,47.7,0.33,74.24,6.09,0.79,72.91,91.0,205.87
Dominican Republic,DOM,Americas,2012,6013.82,0.58,72.82,90.16,42.32,3.18,3.89,30.6,1.88,5.06,46.1,0.9,74.24,6.72,1.27,75.0,89.0,208.45
Dominican Republic,DOM,Americas,2013,6136.59,0.58,73.04,90.86,45.9,2.91,3.81,30.8,3.63,4.93,47.7,0.47,74.23,7.35,2.09,74.26,91.0,211.01
Dominican Republic,DOM,Americas,2014,6496.45,0.59,73.14,91.76,49.58,3.16,3.67,30.9,3.62,4.81,44.3,0.53,74.19,6.72,2.24,75.4,95.0,213.53
Dominican Republic,DOM,Americas,2015,6800.95,0.59,72.98,91.99,54.22,2.78,3.83,31.0,3.6,4.74,45.2,0.27,74.14,7.6,2.51,75.42,102.0,216.0
Dominican Republic,DOM,Americas,2016,7160.44,0.58,72.89,93.78,63.87,2.85,3.64,31.2,3.85,4.59,45.7,0.57,74.05,7.28,3.19,75.45,106.0,218.41
Dominican Republic,DOM,Americas,2017,7412.72,0.59,73.37,93.23,67.57,2.81,3.74,31.2,3.92,4.45,42.2,1.07,73.93,5.83,3.72,77.33,104.0,220.8
Dominican Republic,DOM,Americas,2018,7882.98,0.59,73.56,93.44,74.82,3.1,3.58,31.1,3.93,4.22,43.7,0.5,73.76,5.86,4.88,78.99,107.0,223.18
Dominican Republic,DOM,Americas,2019,8183.02,0.6,73.11,93.67,79.72,3.2,3.64,30.9,4.04,4.37,41.9,0.16,73.54,6.36,6.11,77.83,118.0,226.03
Dominican Republic,DOM,Americas,2020,7135.22,0.6,72.64,93.69,81.62,3.11,3.61,30.4,4.52,4.96,39.6,0.93,73.26,6.13,8.23,79.19,121.0,228.4
Dominican Republic,DOM,Americas,2021,8527.08,0.6,71.76,93.73,85.24,2.94,3.47,29.8,3.58,5.09,38.5,0.35,72.92,7.7,9.06,78.95,153.0,230.79
Dominican Republic,DOM,Americas,2022,10104.24,0.6,74.21,93.7,81.51,3.07,3.51,29.1,3.61,4.65,37.0,1.03,72.42,5.5,9.06,80.24,124.0,233.01
Dominican Republic,DOM,Americas,2023,10630.43,0.6,73.72,94.31,86.13,3.56,3.55,28.4,3.76,4.6,38.4,0.41,72.36,5.56,9.06,80.78,124.0,235.1
Bahrain,BHR,Asia,2000,14214.48,0.69,74.67,86.55,6.15,8.47,3.37,10.5,6.68,3.2,46.33,0.81,87.84,1.08,19.62,77.98,25.0,898.0
Bahrain,BHR,Asia,2001,13573.23,0.69,74.94,86.55,15.04,9.09,3.36,10.0,6.32,3.34,48.38,0.68,87.84,1.12,23.24,77.53,24.0,931.43
Bahrain,BHR,Asia,2002,13501.47,0.7,75.21,86.55,18.05,9.5,3.25,9.7,6.23,3.53,45.83,1.39,88.14,1.14,23.3,78.53,23.0,1000.78
Bahrain,BHR,Asia,2003,14486.03,0.71,75.49,86.55,21.55,8.43,3.12,9.4,2.87,3.73,44.34,1.29,88.83,1.13,24.4,78.88,22.0,1061.83
Bahrain,BHR,Asia,2004,15963.95,0.7,75.79,86.55,21.46,8.27,3.16,9.1,2.87,3.35,44.23,0.98,89.86,1.06,21.98,80.73,21.0,1128.41
Bahrain,BHR,Asia,2005,17966.17,0.71,76.12,92.85,21.3,8.72,3.08,8.8,2.87,3.13,45.39,1.04,91.17,1.02,23.01,79.87,20.0,1201.11
Bahrain,BHR,Asia,2006,19267.28,0.71,76.51,90.76,28.24,7.55,3.06,8.5,2.87,2.98,45.75,1.24,92.72,1.02,26.76,81.42,20.0,1297.87
Bahrain,BHR,Asia,2007,20908.4,0.71,76.95,93.37,32.91,7.51,3.29,8.1,2.58,3.16,40.18,0.81,94.46,1.01,31.53,80.59,19.0,1385.73
Bahrain,BHR,Asia,2008,23299.5,0.71,77.46,93.22,51.95,8.6,2.83,7.8,2.5,3.07,45.71,1.43,96.35,1.01,0.01,81.85,19.0,1451.97
Bahrain,BHR,Asia,2009,19465.31,0.72,78.02,91.86,53.0,8.71,2.92,7.4,2.5,4.15,48.91,1.23,98.33,1.07,0.01,81.73,18.0,1550.55
Bahrain,BHR,Asia,2010,21819.33,0.72,78.59,92.66,55.0,10.0,3.06,7.1,2.35,3.92,40.55,1.13,100.0,1.13,0.01,81.24,18.0,1612.26
Bahrain,BHR,Asia,2011,25032.79,0.72,79.14,94.23,77.0,9.54,2.94,6.8,2.31,3.72,43.39,1.43,100.0,1.21,0.0,81.64,18.0,1558.04
Bahrain,BHR,Asia,2012,26438.67,0.73,79.62,93.96,88.0,9.08,2.98,6.6,2.54,3.95,42.84,1.04,100.0,1.2,0.01,82.78,17.0,1570.08
Bahrain,BHR,Asia,2013,26989.76,0.73,80.0,93.79,90.0,6.93,2.88,6.5,2.38,4.14,43.78,1.9,100.0,1.18,0.01,86.41,17.0,1627.52
Bahrain,BHR,Asia,2014,26451.8,0.73,80.21,95.96,90.5,9.6,2.81,6.4,2.37,4.24,41.97,1.08,100.0,1.14,0.03,85.2,16.0,1705.01
Bahrain,BHR,Asia,2015,23734.06,0.74,80.34,97.19,93.48,9.7,2.81,6.3,2.55,4.75,44.67,1.37,100.0,1.16,0.03,87.24,16.0,1761.34
Bahrain,BHR,Asia,2016,23800.0,0.74,80.41,95.61,98.0,8.63,2.9,6.3,2.8,4.62,43.89,1.11,100.0,1.19,0.03,86.21,17.0,1827.63
Bahrain,BHR,Asia,2017,24784.77,0.74,80.41,97.71,95.88,7.04,2.86,6.3,2.22,4.3,46.89,1.14,100.0,1.18,0.03,85.2,17.0,1924.51
Bahrain,BHR,Asia,2018,26324.41,0.74,80.41,97.36,98.64,9.05,2.76,6.4,2.39,3.94,45.98,1.17,100.0,1.19,0.03,88.06,16.0,1931.99
Bahrain,BHR,Asia,2019,27259.74,0.74,80.47,97.87,99.7,7.84,2.61,6.5,2.11,3.78,43.67,1.86,100.0,1.22,0.03,87.28,17.0,1902.25
Bahrain,BHR,Asia,2020,24342.84,0.75,78.68,97.87,99.67,9.7,2.65,6.6,2.06,4.56,44.92,1.46,100.0,1.76,0.03,88.1,7.0,1875.42
Bahrain,BHR,Asia,2021,27147.81,0.75,78.08,97.87,100.0,9.33,2.53,6.8,1.85,4.33,46.48,1.4,100.0,1.55,0.04,90.18,10.0,1904.26
Bahrain,BHR,Asia,2022,30470.52,0.76,80.99,97.87,100.0,7.19,2.71,7.0,1.71,3.89,42.54,1.19,100.0,1.26,0.04,90.27,5.0,1929.99
Bahrain,BHR,Asia,2023,29290.13,0.77,81.28,97.85,100.0,8.85,2.44,7.2,1.89,4.0,45.84,1.34,100.0,1.05,0.04,91.92,17.0,1971.32
Estonia,EST,Europe,2000,4070.61,0.67,70.42,99.77,28.58,8.34,3.44,8.8,5.34,5.17,35.8,1.08,67.39,13.36,0.16,76.0,27.0,32.96
Estonia,EST,Europe,2001,4502.67,0.68,70.26,99.77,31.53,8.1,3.48,8.1,5.23,4.78,36.0,0.57,67.39,13.13,0.13,78.84,25.0,32.75
Estonia,EST,Europe,2002,5343.18,0.68,70.9,99.77,41.52,7.95,3.3,7.4,5.43,4.7,35.8,0.88,67.41,10.03,0.28,73.74,22.0,32.54
Estonia,EST,Europe,2003,7205.41,0.68,71.32,99.77,45.32,7.73,3.48,6.7,5.27,5.14,37.2,0.96,67.43,11.29,0.35,78.63,18.0,32.34
Estonia,EST,Europe,2004,8916.07,0.69,71.91,89.94,53.2,7.68,3.4,6.2,4.88,5.34,33.6,1.22,67.47,10.25,0.37,79.61,15.0,32.14
Estonia,EST,Europe,2005,10414.64,0.69,72.57,89.97,61.45,7.61,3.32,5.6,4.81,5.29,33.4,0.69,67.51,8.03,0.87,78.14,15.0,31.96
Estonia,EST,Europe,2006,12641.48,0.69,72.69,91.69,63.51,8.35,3.29,5.1,4.81,4.97,33.7,1.09,67.56,5.92,1.19,79.1,13.0,31.77
Estonia,EST,Europe,2007,16745.43,0.7,72.81,91.84,66.19,8.64,3.13,4.7,4.62,5.18,31.2,1.18,67.61,4.59,1.02,81.14,13.0,31.63
Estonia,EST,Europe,2008,18205.91,0.7,73.77,99.89,70.58,8.18,3.14,4.3,5.48,5.96,31.9,1.52,67.67,5.46,1.6,80.58,11.0,31.54
Estonia,EST,Europe,2009,14712.45,0.7,74.82,99.89,72.5,7.96,3.16,3.9,5.96,6.84,31.4,1.16,67.73,13.55,5.81,81.06,10.0,31.48
Estonia,EST,Europe,2010,14663.7,0.71,75.43,99.89,74.1,8.21,3.04,3.6,5.52,6.59,32.0,1.17,67.8,16.71,7.84,82.6,8.0,31.41
Estonia,EST,Europe,2011,17555.55,0.71,76.23,99.89,76.5,9.45,2.97,3.3,5.0,6.05,32.5,0.57,67.88,12.33,8.92,81.7,9.0,31.31
Estonia,EST,Europe,2012,17568.21,0.71,76.33,99.89,78.39,7.21,3.0,3.0,4.67,6.04,32.9,1.07,67.96,10.02,11.99,82.44,8.0,31.2
Estonia,EST,Europe,2013,19310.39,0.72,77.14,99.89,80.0,8.69,2.87,2.8,4.78,6.2,35.1,1.22,68.09,8.63,9.0,84.35,6.0,30.32
Estonia,EST,Europe,2014,20581.79,0.71,77.03,99.89,84.24,7.12,2.96,2.6,4.33,6.26,34.6,1.81,68.27,7.35,10.97,84.38,7.0,30.24
Estonia,EST,Europe,2015,17722.16,0.72,77.59,96.36,88.41,8.26,2.87,2.4,5.05,6.52,32.7,0.65,68.48,6.41,15.16,85.98,6.0,30.26
Estonia,EST,Europe,2016,18666.37,0.72,77.64,96.12,87.24,8.84,3.03,2.3,5.06,6.57,31.2,1.15,68.72,6.88,12.76,85.41,7.0,30.27
Estonia,EST,Europe,2017,20851.52,0.72,78.09,95.49,88.1,7.13,2.88,2.2,4.86,6.47,30.4,1.12,68.99,5.81,13.92,85.66,5.0,30.82
Estonia,EST,Europe,2018,23618.14,0.73,78.24,97.68,89.36,8.67,2.76,2.0,5.14,6.56,30.3,0.87,69.28,5.41,15.96,89.36,5.0,30.92
Estonia,EST,Europe,2019,24021.25,0.73,78.65,97.18,90.23,7.8,2.77,1.9,5.16,6.65,30.8,1.33,69.58,4.51,27.89,86.62,6.0,31.04
Estonia,EST,Europe,2020,23933.99,0.73,78.6,97.04,89.06,8.49,2.71,1.8,5.44,7.47,30.7,1.23,69.88,6.96,48.38,87.75,6.0,31.1
Estonia,EST,Europe,2021,27951.17,0.74,76.94,98.72,90.98,7.08,2.63,1.8,5.22,7.48,31.8,1.04,70.18,6.18,39.64,87.27,8.0,31.13
Estonia,EST,Europe,2022,28340.38,0.74,77.84,99.27,91.52,7.26,2.69,1.7,5.21,6.94,32.3,0.85,70.49,5.57,39.64,89.65,7.0,31.57
Estonia,EST,Europe,2023,30264.01,0.74,78.79,99.9,93.18,7.66,2.65,1.6,5.21,7.47,30.7,1.41,70.68,6.38,39.64,89.86,5.0,32.07
Slovenia,SVN,Europe,2000,10135.72,0.71,75.41,89.96,15.11,9.59,3.35,4.5,5.81,7.85,24.0,1.04,50.7,6.92,0.52,80.26,7.0,98.75
Slovenia,SVN,Europe,2001,10375.63,0.7,75.76,92.38,30.18,8.65,3.22,4.3,5.81,7.96,29.1,1.17,50.76,5.68,0.5,80.09,6.0,98.91
Slovenia,SVN,Europe,2002,11639.13,0.7,76.01,91.91,27.84,8.38,3.21,4.1,5.74,8.12,29.1,1.32,50.77,5.92,0.7,76.46,6.0,99.03
Slovenia,SVN,Europe,2003,14711.67,0.71,76.86,91.03,31.85,8.84,3.21,3.9,5.76,8.17,30.9,0.91,50.76,6.48,0.88,80.05,6.0,99.09
Slovenia,SVN,Europe,2004,17103.83,0.71,77.21,90.92,40.81,9.32,3.12,3.7,5.69,8.0,24.8,0.78,50.71,6.01,0.79,77.94,6.0,99.16
Slovenia,SVN,Europe,2005,17969.71,0.72,77.61,92.29,46.81,7.42,3.26,3.5,5.64,8.05,24.6,1.16,50.65,6.51,0.75,81.29,6.0,99.33
Slovenia,SVN,Europe,2006,19563.01,0.71,78.09,91.74,54.01,8.57,3.32,3.3,5.62,7.87,24.4,1.26,50.57,5.95,0.74,80.82,6.0,99.65
Slovenia,SVN,Europe,2007,23725.16,0.72,78.56,93.18,56.74,10.1,3.09,3.1,5.14,7.54,24.4,0.82,50.47,4.82,0.75,80.4,6.0,100.2
Slovenia,SVN,Europe,2008,27461.98,0.73,78.77,92.64,58.0,8.96,2.86,2.9,5.13,7.89,23.7,1.51,50.36,4.37,1.77,82.43,7.0,100.33
Slovenia,SVN,Europe,2009,24501.79,0.73,78.97,95.13,64.0,9.24,2.87,2.8,5.62,8.64,24.8,1.44,50.24,5.86,1.17,82.05,7.0,101.25
Slovenia,SVN,Europe,2010,23329.84,0.73,79.42,94.39,70.0,8.49,3.07,2.6,5.59,8.64,24.9,1.38,50.12,7.24,1.4,84.42,7.0,101.69
Slovenia,SVN,Europe,2011,24940.63,0.73,79.97,95.23,67.34,7.89,2.86,2.5,5.58,8.6,24.9,1.04,49.95,8.17,1.98,84.17,6.0,101.9
Slovenia,SVN,Europe,2012,22442.14,0.73,80.12,94.88,68.35,9.38,2.85,2.4,5.67,8.79,25.6,1.6,49.76,8.84,2.73,82.79,6.0,102.11
Slovenia,SVN,Europe,2013,23236.97,0.73,80.32,94.89,72.68,9.2,2.66,2.3,5.47,8.84,26.2,1.71,50.05,10.1,2.99,83.9,6.0,102.28
Slovenia,SVN,Europe,2014,24013.07,0.74,81.08,95.73,71.59,10.48,2.92,2.2,5.34,8.58,25.7,1.12,50.98,9.67,2.98,84.95,6.0,102.38
Slovenia,SVN,Europe,2015,20697.27,0.74,80.78,96.84,73.1,8.68,2.76,2.1,4.96,8.58,25.4,1.34,53.66,8.96,3.62,86.16,5.0,102.45
Slovenia,SVN,Europe,2016,21447.84,0.74,81.18,97.45,75.5,10.32,2.78,2.1,4.84,8.57,24.8,1.58,53.65,8.0,3.36,87.43,5.0,102.52
Slovenia,SVN,Europe,2017,23303.08,0.75,81.03,98.7,78.89,9.75,2.74,2.0,4.82,8.26,24.2,1.52,55.25,6.56,3.56,87.83,5.0,102.61
Slovenia,SVN,Europe,2018,25888.05,0.76,81.38,97.29,79.75,9.26,2.7,2.0,4.98,8.35,24.6,1.11,55.19,5.11,3.24,88.28,4.0,102.99
Slovenia,SVN,Europe,2019,25814.17,0.76,81.53,98.63,83.11,12.12,2.65,2.0,4.93,8.57,24.4,1.27,55.45,4.45,3.48,89.92,4.0,103.71
Slovenia,SVN,Europe,2020,25392.07,0.76,80.53,98.55,86.6,9.6,2.64,1.9,5.42,9.49,24.0,1.75,55.38,4.97,3.78,88.76,12.0,104.41
Slovenia,SVN,Europe,2021,29192.84,0.76,80.68,99.29,89.0,7.43,2.63,1.9,5.39,9.53,24.3,1.6,55.3,4.74,4.64,89.68,8.0,104.69
Slovenia,SVN,Europe,2022,28360.3,0.76,81.28,99.34,88.91,8.84,2.52,1.9,5.28,9.63,24.3,1.35,55.34,4.01,4.64,91.74,15.0,104.89
Slovenia,SVN,Europe,2023,32660.48,0.77,81.93,98.22,90.38,8.41,2.43,1.9,5.28,9.3,24.7,1.38,55.54,3.65,4.64,91.59,3.0,105.31
Ivory Coast,CIV,Africa,2000,936.64,0.42,51.39,48.74,0.23,0.6,5.05,91.4,2.4,3.61,39.0,0.39,43.08,4.84,34.52,59.79,378.0,55.66
Ivory Coast,CIV,Africa,2001,924.73,0.42,51.43,48.74,0.4,0.83,4.92,89.3,2.44,3.59,41.3,0.14,43.47,5.2,32.62,58.65,405.0,57.17
Ivory Coast,CIV,Africa,2002,967.82,0.43,51.54,48.74,0.5,0.76,4.88,87.1,2.81,3.54,41.3,0.12,43.86,5.51,31.24,60.49,427.0,58.66
Ivory Coast,CIV,Africa,2003,1111.17,0.43,51.44,48.74,0.76,0.81,4.83,84.8,2.86,3.95,41.3,0.3,44.26,5.85,0.0,61.55,451.0,60.14
Ivory Coast,CIV,Africa,2004,1199.83,0.44,51.94,82.7,0.85,0.68,4.62,82.5,2.91,4.02,41.3,0.36,44.67,5.92,0.0,60.86,456.0,61.62
Ivory Coast,CIV,Africa,2005,1197.75,0.44,52.43,83.03,1.04,0.74,4.76,80.0,2.92,3.97,41.3,0.56,45.08,6.02,20.97,63.24,492.0,63.11
Ivory Coast,CIV,Africa,2006,1230.43,0.44,52.88,82.59,1.52,0.7,4.66,77.8,2.82,3.93,43.2,0.02,45.5,6.02,42.1,62.03,544.0,64.61
Ivory Coast,CIV,Africa,2007,1367.54,0.45,53.45,83.34,1.8,0.83,4.55,75.3,3.02,4.19,43.2,0.48,45.93,6.28,44.5,63.76,567.0,66.13
Ivory Coast,CIV,Africa,2008,1583.97,0.45,54.18,83.66,1.9,0.72,4.73,72.6,3.1,4.14,43.2,0.05,46.36,6.38,38.77,66.13,562.0,67.66
Ivory Coast,CIV,Africa,2009,1540.45,0.45,54.74,85.57,2.0,0.84,4.54,70.5,3.17,4.64,43.2,0.35,46.8,6.57,40.23,64.02,588.0,69.18
Ivory Coast,CIV,Africa,2010,1553.55,0.45,55.28,84.43,2.7,0.81,4.71,68.4,3.25,4.57,43.2,0.63,47.24,6.61,41.73,63.93,592.0,70.72
Ivory Coast,CIV,Africa,2011,1596.63,0.46,55.97,43.91,2.9,0.84,4.54,66.6,2.87,4.4,43.2,0.08,47.68,7.14,42.37,63.9,569.0,72.27
Ivory Coast,CIV,Africa,2012,1546.95,0.46,56.57,43.91,4.4,0.8,4.68,64.5,3.43,4.43,41.5,0.22,48.12,7.22,41.32,65.17,566.0,73.8
Ivory Coast,CIV,Africa,2013,1786.16,0.46,57.06,43.91,6.6,0.89,4.38,62.4,3.46,3.72,41.5,0.18,48.57,4.26,13.48,66.27,544.0,75.28
Ivory Coast,CIV,Africa,2014,1991.37,0.46,57.77,43.91,10.0,0.79,4.51,60.3,3.31,3.73,41.5,0.24,49.02,3.27,0.01,64.54,522.0,77.13
Ivory Coast,CIV,Africa,2015,1814.72,0.46,58.28,43.91,38.44,0.85,4.44,58.4,3.49,3.22,41.5,0.56,49.47,2.57,0.01,66.34,505.0,79.39
Ivory Coast,CIV,Africa,2016,1862.6,0.47,58.81,50.04,41.21,0.79,4.44,56.9,3.94,3.32,41.5,0.04,49.93,1.9,0.0,68.15,488.0,81.73
Ivory Coast,CIV,Africa,2017,1964.3,0.46,59.32,50.04,43.84,0.86,4.35,55.2,3.74,3.25,37.2,0.47,50.4,3.27,0.01,68.14,465.0,84.07
Ivory Coast,CIV,Africa,2018,2130.87,0.47,59.8,56.96,37.55,0.91,4.49,53.5,3.21,3.09,37.2,0.15,50.87,2.85,0.01,69.96,449.0,86.37
Ivory Coast,CIV,Africa,2019,2141.77,0.48,60.27,56.96,36.29,0.84,4.35,51.8,3.41,3.19,37.2,0.41,51.35,2.4,0.26,69.7,429.0,88.66
Ivory Coast,CIV,Africa,2020,2179.73,0.48,60.14,56.96,36.02,0.83,4.32,50.3,3.79,3.62,35.3,0.2,51.84,2.59,0.22,70.99,447.0,90.93
Ivory Coast,CIV,Africa,2021,2455.98,0.48,60.29,50.0,35.95,0.82,4.31,48.7,3.33,3.76,35.3,0.1,52.32,2.62,0.2,70.61,459.0,93.21
Ivory Coast,CIV,Africa,2022,2333.37,0.48,61.56,50.0,38.41,0.88,4.39,47.4,3.47,3.64,35.3,0.2,52.85,2.31,0.2,71.11,409.0,95.58
Ivory Coast,CIV,Africa,2023,2591.97,0.48,61.94,50.0,40.65,0.97,4.09,46.2,3.39,3.43,35.3,0.31,53.41,2.26,0.2,71.99,359.0,98.01
Gabon,GAB,Africa,2000,3982.91,0.54,61.81,83.9,1.22,2.42,4.36,50.7,3.83,2.9,49.92,0.44,79.57,17.85,28.12,66.91,178.0,4.95
Gabon,GAB,Africa,2001,3835.76,0.54,61.98,84.02,1.35,2.5,4.25,49.4,3.83,3.15,49.56,0.19,80.41,17.83,20.96,67.71,160.0,5.08
Gabon,GAB,Africa,2002,3966.48,0.53,62.18,84.99,1.94,2.81,4.12,48.1,3.83,3.33,42.2,0.5,81.22,17.38,21.14,67.7,151.0,5.22
Gabon,GAB,Africa,2003,4710.75,0.54,62.46,85.71,2.66,2.88,4.23,46.8,3.83,3.54,42.2,0.69,82.0,17.13,22.78,68.01,134.0,5.36
Gabon,GAB,Africa,2004,5465.79,0.54,62.69,86.79,2.98,3.03,4.32,45.5,5.94,3.36,42.2,0.48,82.74,17.11,1.01,66.54,142.0,5.52
Gabon,GAB,Africa,2005,6547.88,0.55,62.98,88.08,4.89,2.68,4.05,44.3,6.38,2.92,42.2,0.41,83.43,16.91,25.68,70.4,175.0,5.68
Gabon,GAB,Africa,2006,6847.01,0.55,63.26,88.98,5.49,2.86,4.03,43.2,5.94,3.15,42.2,0.48,84.09,17.8,5.25,69.23,186.0,5.85
Gabon,GAB,Africa,2007,8003.54,0.55,63.62,86.47,5.77,2.75,4.06,41.9,3.08,3.08,42.2,0.01,84.69,18.26,5.66,70.31,173.0,6.04
Gabon,GAB,Africa,2008,9688.65,0.56,64.01,88.53,7.5,3.15,3.95,40.8,3.08,2.85,42.2,0.51,85.24,19.21,3.97,72.0,158.0,6.24
Gabon,GAB,Africa,2009,7290.58,0.56,64.36,88.29,9.5,2.78,3.94,40.0,3.08,3.78,51.57,0.23,85.74,19.76,0.06,71.88,158.0,6.45
Gabon,GAB,Africa,2010,8356.75,0.56,64.72,88.63,13.0,3.14,3.96,38.8,3.08,2.48,48.2,0.26,86.19,20.39,0.06,72.46,144.0,6.67
Gabon,GAB,Africa,2011,10219.11,0.57,65.1,90.14,18.0,3.07,3.85,37.5,2.99,2.56,46.8,0.58,86.57,19.9,0.05,74.89,149.0,6.92
Gabon,GAB,Africa,2012,9296.97,0.57,65.44,90.31,24.0,2.68,3.88,36.4,3.01,2.42,49.75,0.85,86.88,19.66,0.05,73.45,173.0,7.17
Gabon,GAB,Africa,2013,9197.7,0.56,65.75,90.45,30.54,3.36,3.84,35.3,3.03,2.84,46.25,0.12,87.15,19.74,0.52,72.34,235.0,7.42
Gabon,GAB,Africa,2014,9201.36,0.58,66.07,89.79,38.07,2.47,3.81,34.7,2.67,2.53,38.0,0.24,87.62,19.87,3.42,76.41,273.0,7.68
Gabon,GAB,Africa,2015,7047.13,0.57,66.34,91.46,45.78,2.82,3.82,33.7,2.82,2.66,38.0,0.88,88.09,19.94,4.91,74.9,239.0,7.92
Gabon,GAB,Africa,2016,6677.07,0.58,66.58,91.88,48.05,2.51,3.87,32.6,2.67,3.11,38.0,0.3,88.54,20.12,11.43,75.55,215.0,8.15
Gabon,GAB,Africa,2017,6921.73,0.58,66.82,92.11,51.6,2.9,3.73,32.0,3.56,2.78,38.0,0.11,89.0,20.31,14.32,77.72,184.0,8.37
Gabon,GAB,Africa,2018,7624.28,0.58,67.04,88.86,55.42,2.52,3.73,31.1,3.07,2.75,38.0,0.68,89.45,20.46,10.24,75.81,176.0,8.59
Gabon,GAB,Africa,2019,7441.18,0.59,67.34,88.86,59.52,2.99,3.62,30.1,2.87,2.77,38.0,0.66,89.9,20.37,0.86,77.17,179.0,8.8
Gabon,GAB,Africa,2020,6605.8,0.59,67.07,88.86,63.92,2.79,3.66,28.8,3.4,3.44,38.0,0.53,90.35,21.28,10.41,78.11,194.0,9.01
Gabon,GAB,Africa,2021,8181.41,0.59,67.07,88.86,65.77,2.88,3.57,28.5,2.7,2.79,54.08,0.62,90.79,21.22,5.48,76.66,249.0,9.22
Gabon,GAB,Africa,2022,8409.21,0.59,67.71,88.86,67.67,2.73,3.53,27.5,2.21,2.89,45.18,1.07,91.22,20.32,14.48,81.37,216.0,9.43
Gabon,GAB,Africa,2023,7802.82,0.6,68.34,88.86,68.2,3.06,3.42,26.9,2.32,3.13,45.44,0.36,91.64,20.16,6.01,81.45,233.0,9.64
Chad,TCD,Africa,2000,163.12,0.35,47.94,25.65,0.04,0.19,5.31,101.7,2.65,4.21,39.8,0.15,21.65,0.8,10.0,53.97,1208.0,6.76
Chad,TCD,Africa,2001,194.32,0.37,48.31,25.65,0.05,0.21,5.57,99.9,2.43,4.08,39.8,0.6,21.68,0.79,8.05,54.63,1204.0,6.99
Chad,TCD,Africa,2002,219.06,0.37,48.36,25.65,0.17,0.24,5.3,98.0,2.43,5.6,39.8,0.09,21.7,0.77,8.16,55.1,1199.0,7.24
Chad,TCD,Africa,2003,289.09,0.37,48.61,28.38,0.32,0.26,5.22,96.2,1.59,4.25,39.8,0.7,21.72,0.72,8.32,56.65,1170.0,7.53
Chad,TCD,Africa,2004,445.85,0.37,48.69,28.38,0.36,0.26,5.23,94.3,1.59,4.24,39.8,0.57,21.74,0.67,7.34,57.69,1167.0,7.88
Chad,TCD,Africa,2005,838.09,0.38,48.86,28.38,0.4,0.25,5.09,92.4,1.3,3.73,39.8,0.1,21.75,0.66,7.78,57.14,1189.0,8.2
Chad,TCD,Africa,2006,906.9,0.38,48.75,28.38,0.58,0.29,5.06,90.4,1.3,3.73,39.8,0.13,21.76,0.72,7.48,58.74,1220.0,8.5
Chad,TCD,Africa,2007,980.48,0.38,49.21,28.38,0.85,0.28,5.21,88.3,1.3,3.47,51.39,0.44,21.77,0.84,7.88,57.02,1240.0,8.8
Chad,TCD,Africa,2008,1166.37,0.38,49.5,80.97,1.19,0.27,5.09,86.2,1.74,3.16,43.3,0.45,21.78,0.92,8.35,58.49,1264.0,9.11
Chad,TCD,Africa,2009,1035.64,0.39,49.83,83.4,1.5,0.3,5.06,84.1,1.74,3.36,43.3,0.43,21.78,0.94,9.18,59.96,1285.0,9.45
Chad,TCD,Africa,2010,1141.8,0.39,50.11,82.84,1.7,0.3,4.96,82.0,1.5,3.09,43.3,0.14,21.85,0.91,8.83,60.67,1284.0,9.78
Chad,TCD,Africa,2011,1308.14,0.39,50.43,83.71,1.9,0.32,4.99,79.9,1.65,2.86,43.3,0.05,21.96,0.92,4.18,62.53,1264.0,10.13
Chad,TCD,Africa,2012,1354.34,0.4,50.76,83.36,2.1,0.32,4.82,77.8,1.52,2.67,43.3,0.05,22.11,0.89,3.69,62.95,1245.0,10.49
Chad,TCD,Africa,2013,1304.89,0.4,51.05,22.31,2.5,0.35,4.98,75.9,2.07,2.96,43.3,0.13,22.3,0.96,3.29,61.89,1216.0,10.87
Chad,TCD,Africa,2014,1278.79,0.39,51.14,22.31,2.9,0.37,4.91,74.0,2.32,3.3,43.3,0.03,22.53,0.98,3.15,63.57,1198.0,11.27
Chad,TCD,Africa,2015,993.99,0.4,51.32,22.31,3.5,0.35,4.8,72.1,2.34,3.4,37.5,0.11,22.8,1.03,3.23,63.95,1176.0,11.63
Chad,TCD,Africa,2016,861.83,0.41,51.6,22.31,5.8,0.33,4.74,70.2,2.39,3.71,37.5,0.37,23.11,1.09,6.26,65.21,1133.0,12.0
Chad,TCD,Africa,2017,854.46,0.41,51.88,22.31,6.35,0.33,4.81,68.3,1.84,3.51,37.5,0.26,23.46,1.13,6.23,62.8,1085.0,12.41
Chad,TCD,Africa,2018,948.66,0.42,52.45,30.63,6.96,0.34,4.58,66.4,2.26,3.29,37.5,0.31,23.85,1.14,5.86,65.27,1020.0,12.83
Chad,TCD,Africa,2019,893.34,0.41,52.99,30.63,7.62,0.41,4.57,64.6,2.37,3.38,37.5,0.6,24.27,1.08,5.58,66.21,958.0,13.25
Chad,TCD,Africa,2020,866.95,0.41,53.08,30.63,8.34,0.38,4.67,62.9,2.74,4.35,37.5,0.41,24.73,1.7,5.66,66.63,877.0,13.68
Chad,TCD,Africa,2021,946.36,0.42,53.14,30.63,9.65,0.36,4.57,61.3,2.02,3.97,37.4,0.5,25.23,1.53,4.61,66.31,869.0,14.16
Chad,TCD,Africa,2022,966.04,0.42,54.53,30.63,11.17,0.39,4.75,59.6,2.6,4.16,37.4,0.18,25.76,1.08,4.61,68.11,775.0,14.66
Chad,TCD,Africa,2023,949.33,0.43,55.07,88.11,12.04,0.36,4.46,58.0,3.2,5.0,37.4,0.24,26.33,1.06,4.61,67.83,748.0,15.34
Bhutan,BTN,Asia,2000,771.92,0.46,61.84,81.99,0.4,1.18,4.88,59.4,5.79,4.14,40.9,0.38,27.59,1.66,28.55,63.26,324.0,15.0
Bhutan,BTN,Asia,2001,812.24,0.46,63.32,82.2,0.86,1.0,4.78,56.0,5.45,4.6,40.9,0.87,28.28,1.9,34.04,59.76,286.0,15.35
Bhutan,BTN,Asia,2002,895.8,0.46,63.98,52.81,1.68,1.33,4.82,52.8,5.45,3.95,40.9,0.09,28.96,1.85,36.96,63.04,257.0,15.69
Bhutan,BTN,Asia,2003,1022.38,0.47,64.66,52.81,2.44,1.09,4.78,49.7,6.12,3.83,40.9,1.17,29.63,1.8,38.86,63.23,229.0,16.02
Bhutan,BTN,Asia,2004,1130.36,0.47,65.29,52.81,3.16,1.14,4.69,46.6,6.12,4.26,40.9,0.43,30.29,2.49,35.67,63.34,207.0,17.07
Bhutan,BTN,Asia,2005,1299.95,0.46,65.88,52.81,3.85,1.06,4.61,43.7,6.76,3.83,40.9,0.8,30.94,3.1,0.01,64.8,186.0,17.36
Bhutan,BTN,Asia,2006,1405.61,0.47,66.5,52.81,4.52,1.14,4.56,40.9,6.76,4.09,38.1,0.77,31.57,3.13,0.01,63.62,167.0,17.6
Bhutan,BTN,Asia,2007,1850.42,0.48,67.15,52.81,5.92,1.09,4.54,38.3,4.57,3.84,38.1,0.97,32.17,3.7,0.01,64.07,149.0,17.8
Bhutan,BTN,Asia,2008,1919.6,0.48,67.73,52.81,6.55,1.12,4.51,35.8,4.57,3.15,38.1,0.02,32.76,3.85,0.01,66.51,133.0,18.01
Bhutan,BTN,Asia,2009,1918.4,0.48,68.16,55.32,7.17,1.39,4.34,33.6,4.42,3.3,38.1,0.13,33.34,3.96,0.01,66.07,121.0,18.21
Bhutan,BTN,Asia,2010,2435.58,0.49,68.76,55.32,13.6,1.15,4.45,31.5,3.82,3.26,38.8,0.25,33.91,3.32,0.01,66.11,107.0,18.41
Bhutan,BTN,Asia,2011,2787.98,0.49,69.28,55.32,14.4,1.26,4.44,29.5,4.32,3.02,38.8,0.22,34.46,3.23,0.01,68.85,96.0,18.61
Bhutan,BTN,Asia,2012,2751.21,0.49,69.76,55.32,15.6,1.27,4.29,27.7,4.32,3.26,38.8,0.1,35.02,2.05,0.01,66.19,86.0,18.82
Bhutan,BTN,Asia,2013,2679.95,0.49,70.16,55.32,22.4,1.35,4.33,26.0,5.17,3.35,38.8,0.29,35.57,2.87,0.01,68.03,79.0,19.03
Bhutan,BTN,Asia,2014,2849.5,0.49,70.5,55.32,30.3,1.44,4.26,24.4,5.46,3.23,38.8,0.11,36.13,2.63,0.01,68.16,73.0,19.23
Bhutan,BTN,Asia,2015,2954.04,0.5,70.8,66.56,39.8,1.26,4.27,22.9,6.93,3.44,37.4,0.37,36.7,2.45,0.01,69.33,68.0,19.43
Bhutan,BTN,Asia,2016,3152.31,0.5,71.12,66.56,46.5,1.1,4.32,21.6,6.4,3.28,37.4,0.72,37.27,2.71,0.01,71.51,63.0,19.61
Bhutan,BTN,Asia,2017,3435.29,0.5,71.41,66.56,54.34,1.41,4.19,20.3,6.62,3.11,37.4,0.09,37.86,3.03,0.02,71.66,58.0,19.78
Bhutan,BTN,Asia,2018,3400.2,0.51,71.71,66.56,63.49,1.39,4.17,19.1,6.48,3.07,37.4,0.46,38.47,3.35,0.02,70.51,55.0,19.92
Bhutan,BTN,Asia,2019,3576.88,0.5,72.0,66.56,74.18,1.42,4.09,17.9,4.51,3.38,37.4,0.52,39.07,2.72,0.0,70.39,52.0,20.05
Bhutan,BTN,Asia,2020,3191.67,0.51,72.25,64.91,76.85,1.32,4.16,16.9,5.47,4.08,28.5,0.56,39.69,5.03,0.01,72.54,51.0,20.19
Bhutan,BTN,Asia,2021,3570.61,0.51,72.45,64.91,85.64,1.28,4.0,15.9,6.6,4.79,28.5,0.11,40.31,4.8,0.01,73.48,50.0,20.33
Bhutan,BTN,Asia,2022,3711.33,0.52,72.75,64.91,88.36,1.35,4.02,15.1,7.47,3.92,28.5,0.04,40.94,5.95,0.01,75.35,49.0,20.47
Bhutan,BTN,Asia,2023,3831.33,0.53,72.97,64.91,90.02,1.29,3.81,14.3,5.85,4.42,28.5,1.19,41.74,3.13,0.01,73.94,47.0,20.62
Maldives,MDV,Asia,2000,2213.81,0.56,70.89,96.33,2.2,3.25,4.1,33.8,5.79,7.74,41.3,1.33,27.6,1.97,32.51,68.44,94.0,940.06
Maldives,MDV,Asia,2001,3033.93,0.57,71.66,96.33,3.62,3.43,4.1,30.1,5.79,8.21,41.3,0.57,28.55,3.04,30.2,67.22,81.0,955.89
Maldives,MDV,Asia,2002,3076.07,0.57,72.36,96.33,5.35,2.98,4.0,26.7,5.79,8.78,41.3,0.29,29.89,4.09,35.08,71.2,76.0,972.05
Maldives,MDV,Asia,2003,3548.58,0.56,73.26,96.33,5.98,3.16,4.12,23.6,5.32,6.78,41.3,0.24,31.39,5.13,27.14,69.62,70.0,988.3
Maldives,MDV,Asia,2004,4070.26,0.58,73.01,98.4,6.59,3.26,3.9,21.9,4.66,7.48,41.3,0.32,32.85,6.15,33.09,73.69,65.0,1004.71
Maldives,MDV,Asia,2005,3796.52,0.58,74.78,98.4,6.87,3.48,3.95,18.6,5.02,8.83,41.3,0.53,34.07,7.31,0.0,70.44,54.0,1021.43
Maldives,MDV,Asia,2006,5018.94,0.58,75.26,98.4,11.04,3.79,3.85,16.7,4.65,8.05,38.4,0.62,34.87,8.35,0.02,71.51,52.0,1046.17
Maldives,MDV,Asia,2007,5758.1,0.58,75.71,98.4,16.3,3.14,3.67,15.2,4.42,8.31,38.4,0.17,35.43,9.42,0.02,71.29,51.0,1081.6
Maldives,MDV,Asia,2008,6757.43,0.59,76.0,98.4,23.2,3.68,3.83,13.9,4.47,11.47,38.4,0.48,35.93,10.36,0.43,72.16,53.0,1120.57
Maldives,MDV,Asia,2009,6734.03,0.59,76.37,98.4,24.8,3.7,3.85,12.8,5.08,10.09,38.4,0.64,36.37,11.7,0.44,73.09,52.0,1160.92
Maldives,MDV,Asia,2010,7173.6,0.58,76.76,89.47,26.53,3.14,3.98,11.9,3.63,8.49,38.4,0.17,36.76,10.88,0.47,75.36,49.0,1202.64
Maldives,MDV,Asia,2011,7424.52,0.59,77.14,98.61,34.0,3.32,3.56,11.1,3.08,7.92,38.4,0.81,37.13,10.04,0.46,74.88,48.0,1245.58
Maldives,MDV,Asia,2012,7461.3,0.6,77.51,98.61,38.93,4.25,3.72,10.4,3.34,8.67,38.4,0.52,37.48,9.13,0.71,75.64,47.0,1289.39
Maldives,MDV,Asia,2013,8236.08,0.6,77.85,98.61,44.1,4.19,3.73,9.8,3.39,8.16,31.3,1.23,37.83,8.3,0.83,74.96,47.0,1333.57
Maldives,MDV,Asia,2014,8939.07,0.6,78.19,98.61,49.28,3.48,3.54,9.1,3.09,7.91,31.3,0.93,38.19,7.46,1.36,78.71,43.0,1378.72
Maldives,MDV,Asia,2015,9644.91,0.61,78.61,98.61,54.46,4.13,3.67,8.5,3.87,8.68,31.3,0.7,38.58,6.61,1.51,80.2,41.0,1427.18
Maldives,MDV,Asia,2016,9947.81,0.6,78.91,97.73,59.48,3.59,3.7,8.0,3.66,10.23,31.3,1.13,38.96,5.77,2.18,75.22,41.0,1477.69
Maldives,MDV,Asia,2017,10509.63,0.62,79.23,94.51,64.96,3.54,3.5,7.4,3.82,9.15,31.3,0.35,39.33,5.38,2.83,80.1,41.0,1527.62
Maldives,MDV,Asia,2018,11423.28,0.62,79.43,94.51,70.94,3.25,3.54,6.9,3.86,7.29,29.3,0.17,39.69,4.96,3.87,81.44,40.0,1577.0
Maldives,MDV,Asia,2019,11740.27,0.62,79.71,98.21,77.47,3.2,3.48,6.4,4.12,7.5,29.3,0.29,40.05,4.56,4.42,80.18,39.0,1625.77
Maldives,MDV,Asia,2020,7393.89,0.61,78.71,98.21,79.1,3.57,3.43,6.0,5.85,11.44,29.3,0.66,40.4,5.42,5.58,82.01,48.0,1673.73
Maldives,MDV,Asia,2021,10176.14,0.62,78.05,98.21,81.96,3.66,3.57,5.6,4.61,8.85,29.3,0.42,40.74,5.02,5.82,81.0,60.0,1720.51
Maldives,MDV,Asia,2022,11786.02,0.63,80.76,98.21,83.91,3.3,3.34,5.3,4.67,7.5,29.3,0.71,41.06,4.3,5.82,83.23,34.0,1747.02
Maldives,MDV,Asia,2023,12587.61,0.63,81.04,95.18,84.55,4.16,3.37,5.0,5.17,9.25,46.36,0.7,41.51,4.02,5.82,80.4,32.0,1765.08
Suriname,SUR,Americas,2000,1988.22,0.51,64.41,84.8,2.51,1.9,4.46,27.3,5.87,5.87,57.5,0.49,66.7,12.87,16.23,63.76,282.0,2.97
Suriname,SUR,Americas,2001,1714.65,0.51,64.82,89.6,3.06,2.13,4.53,26.5,5.84,3.82,57.5,0.28,66.72,12.05,12.81,65.27,270.0,3.03
Suriname,SUR,Americas,2002,2202.34,0.51,65.27,89.6,4.16,1.81,4.67,25.8,5.68,5.33,57.5,0.95,66.73,11.19,9.78,66.41,253.0,3.09
Suriname,SUR,Americas,2003,2516.1,0.51,65.78,89.6,4.72,1.76,4.36,25.0,5.64,4.89,48.71,0.26,66.74,10.34,12.58,66.62,238.0,3.16
Suriname,SUR,Americas,2004,2887.77,0.51,66.36,89.6,6.08,1.64,4.42,24.4,5.62,5.46,49.24,0.52,66.74,9.49,18.24,67.22,219.0,3.2
Suriname,SUR,Americas,2005,3453.43,0.52,67.0,89.6,6.4,2.06,4.45,23.8,5.2,5.24,50.89,0.4,66.73,9.3,17.19,66.02,202.0,3.24
Suriname,SUR,Americas,2006,5002.66,0.52,67.64,89.6,9.5,2.06,4.36,23.2,5.61,5.86,47.09,0.06,66.7,9.14,25.87,67.67,187.0,3.27
Suriname,SUR,Americas,2007,5530.18,0.52,68.31,94.62,14.11,1.7,4.2,22.6,5.38,5.22,50.96,0.14,66.64,9.02,16.87,67.47,173.0,3.31
Suriname,SUR,Americas,2008,6576.09,0.52,68.87,94.62,21.06,2.13,4.21,22.1,5.58,4.75,48.73,0.11,66.58,8.85,32.72,69.23,161.0,3.35
Suriname,SUR,Americas,2009,7129.58,0.54,69.32,94.62,31.36,1.71,4.27,21.6,5.78,4.98,46.87,0.35,66.51,8.72,30.15,69.6,147.0,3.39
Suriname,SUR,Americas,2010,7943.6,0.54,69.63,94.68,31.59,2.33,4.12,21.2,5.29,4.7,49.26,0.01,66.43,7.15,27.26,68.15,134.0,3.43
Suriname,SUR,Americas,2011,7949.89,0.54,69.82,94.68,32.0,2.02,4.06,20.7,5.96,4.41,49.77,0.06,66.37,7.54,16.81,67.7,126.0,3.47
Suriname,SUR,Americas,2012,8851.24,0.53,69.96,92.87,34.68,2.36,4.07,20.3,5.53,4.28,49.32,0.46,66.31,8.1,14.24,71.66,122.0,3.51
Suriname,SUR,Americas,2013,9043.19,0.54,70.11,92.87,37.4,2.01,4.17,19.9,5.53,4.49,48.24,0.12,66.27,6.6,0.09,71.02,121.0,3.55
Suriname,SUR,Americas,2014,9108.19,0.55,70.33,92.87,40.08,1.72,3.95,19.5,5.53,4.52,49.35,0.51,66.22,6.94,0.43,72.76,120.0,3.58
Suriname,SUR,Americas,2015,8813.62,0.54,70.57,92.87,42.76,2.05,3.94,19.0,5.53,5.81,46.44,0.32,66.18,7.22,0.59,70.83,115.0,3.62
Suriname,SUR,Americas,2016,5644.21,0.55,70.98,90.4,45.4,1.97,3.92,18.6,5.64,5.99,48.66,0.98,66.14,7.92,0.77,73.41,109.0,3.66
Suriname,SUR,Americas,2017,6049.52,0.55,71.25,91.9,48.95,1.78,3.82,18.0,5.46,5.32,51.45,0.48,66.1,7.9,0.91,74.18,105.0,3.7
Suriname,SUR,Americas,2018,6665.74,0.56,71.47,92.06,55.1,2.06,3.85,17.6,4.92,6.61,49.79,0.05,66.07,7.82,0.99,74.25,101.0,3.74
Suriname,SUR,Americas,2019,6629.67,0.56,71.77,93.73,62.03,2.03,3.86,17.1,6.78,8.38,39.2,0.02,66.04,7.76,0.92,77.18,97.0,3.77
Suriname,SUR,Americas,2020,4755.39,0.57,72.32,93.11,62.03,2.42,3.72,16.6,4.58,6.03,39.2,0.53,66.01,8.97,15.27,76.87,94.0,3.81
Suriname,SUR,Americas,2021,5029.85,0.57,68.94,93.35,62.03,2.04,3.71,16.2,4.13,5.02,39.2,0.67,65.99,8.71,6.54,76.75,144.0,3.85
Suriname,SUR,Americas,2022,6084.44,0.56,73.25,92.44,87.4,2.16,3.77,15.6,3.43,5.93,39.2,0.08,65.9,7.97,41.55,76.78,88.0,3.88
Suriname,SUR,Americas,2023,5521.98,0.57,73.63,94.3,87.4,2.16,3.62,15.2,2.87,5.41,39.2,0.81,65.76,7.7,0.85,76.84,84.0,3.92
Fiji,FJI,Oceania,2000,1995.72,0.49,66.19,82.82,1.5,1.81,4.62,16.6,5.88,3.42,38.1,0.66,48.06,4.7,13.9,61.84,47.0,46.03
Fiji,FJI,Oceania,2001,1945.0,0.5,66.2,83.68,1.86,1.98,4.54,16.6,5.64,2.91,38.1,0.28,48.43,4.69,11.41,65.19,46.0,46.5
Fiji,FJI,Oceania,2002,2136.57,0.5,65.49,84.47,6.15,1.94,4.38,16.7,6.28,2.98,38.1,0.27,48.78,4.77,13.96,64.81,48.0,46.96
Fiji,FJI,Oceania,2003,2655.58,0.5,65.65,85.18,6.73,1.45,4.42,16.8,6.28,2.97,38.1,0.18,49.13,4.74,12.13,65.21,47.0,47.42
Fiji,FJI,Oceania,2004,3097.19,0.5,65.84,84.57,7.41,1.98,4.37,17.0,6.21,3.26,38.1,0.32,49.48,4.7,12.9,65.32,46.0,47.86
Fiji,FJI,Oceania,2005,3377.69,0.52,65.98,87.33,8.45,1.76,4.37,17.3,5.17,3.26,38.1,0.51,49.84,3.89,12.15,68.63,44.0,48.3
Fiji,FJI,Oceania,2006,3455.11,0.52,66.13,88.11,9.6,2.14,4.21,17.4,5.66,3.35,40.4,0.59,50.23,3.96,12.45,68.13,43.0,48.73
Fiji,FJI,Oceania,2007,3762.75,0.52,66.16,87.01,10.9,1.82,4.05,17.4,5.89,3.42,40.4,0.82,50.65,4.11,9.71,69.61,43.0,49.14
Fiji,FJI,Oceania,2008,3899.92,0.51,66.32,86.41,13.0,1.98,4.32,17.3,4.25,3.18,40.4,0.48,51.1,4.19,10.22,66.26,42.0,49.45
Fiji,FJI,Oceania,2009,3164.13,0.52,66.35,87.73,17.0,1.75,4.21,17.0,4.5,3.54,40.4,0.74,51.56,4.31,8.72,69.26,41.0,49.66
Fiji,FJI,Oceania,2010,3449.14,0.52,66.78,87.65,20.0,1.82,4.1,16.6,4.5,3.42,40.4,0.2,52.04,4.34,7.68,71.92,40.0,49.83
Fiji,FJI,Oceania,2011,4139.6,0.53,66.88,88.19,28.0,1.94,4.18,16.2,4.17,3.14,36.7,0.25,52.53,4.41,8.47,70.43,39.0,49.97
Fiji,FJI,Oceania,2012,4341.4,0.53,65.81,89.29,33.74,1.7,4.22,15.9,4.46,3.27,36.7,0.5,53.04,4.38,7.51,69.78,42.0,50.08
Fiji,FJI,Oceania,2013,4572.44,0.53,66.54,88.41,35.2,2.01,4.25,15.7,3.88,3.2,36.7,0.47,53.56,4.36,6.73,72.66,40.0,50.16
Fiji,FJI,Oceania,2014,5293.36,0.54,66.58,90.44,37.4,1.95,4.07,15.8,3.77,3.37,36.7,1.31,54.08,4.32,8.87,72.69,38.0,50.22
Fiji,FJI,Oceania,2015,5097.53,0.53,66.48,89.69,42.5,1.73,4.16,16.1,4.81,3.32,36.7,0.44,54.62,4.29,7.96,69.37,37.0,50.28
Fiji,FJI,Oceania,2016,5363.79,0.53,66.66,90.7,49.42,1.75,4.09,16.8,4.84,3.28,36.7,0.79,55.17,4.32,5.68,72.79,38.0,50.31
Fiji,FJI,Oceania,2017,5826.85,0.54,67.06,90.66,53.65,1.77,4.04,17.7,4.65,3.19,30.7,0.7,55.74,4.42,7.04,73.78,34.0,50.29
Fiji,FJI,Oceania,2018,6085.42,0.54,66.96,92.34,58.24,1.92,3.97,19.0,4.8,4.11,30.7,0.34,56.23,4.52,8.57,76.26,35.0,50.2
Fiji,FJI,Oceania,2019,5842.07,0.55,67.01,91.55,63.22,1.89,3.96,20.3,5.15,4.28,30.7,0.63,56.71,4.66,8.85,75.24,34.0,50.08
Fiji,FJI,Oceania,2020,4620.65,0.56,66.92,91.96,68.63,1.8,3.91,21.6,5.81,5.29,30.7,0.39,57.19,5.05,9.87,73.61,34.0,50.08
Fiji,FJI,Oceania,2021,4536.73,0.55,64.9,94.53,70.57,1.67,3.84,22.6,4.85,7.06,30.7,0.05,57.66,5.22,9.96,75.43,68.0,50.18
Fiji,FJI,Oceania,2022,5414.12,0.55,67.15,92.54,72.57,1.54,3.77,23.2,3.94,4.02,30.7,0.31,58.14,5.4,9.96,74.8,32.0,50.32
Fiji,FJI,Oceania,2023,5926.21,0.56,67.32,92.98,74.12,2.14,3.82,23.5,4.25,3.62,48.86,0.38,58.61,5.32,9.96,76.87,30.0,50.58
Papua New Guinea,PNG,Oceania,2000,635.96,0.44,61.61,57.34,0.84,1.04,4.91,56.2,5.15,2.02,49.5,0.1,13.22,2.92,0.54,60.34,323.0,12.23
Papua New Guinea,PNG,Oceania,2001,537.85,0.44,61.65,57.34,0.9,0.89,4.91,55.4,4.87,2.3,51.32,0.02,13.19,2.8,0.58,59.99,325.0,12.65
Papua New Guinea,PNG,Oceania,2002,506.33,0.44,61.64,57.34,1.32,0.86,4.75,54.5,4.53,2.78,51.46,1.75,13.15,2.76,0.56,59.43,329.0,13.08
Papua New Guinea,PNG,Oceania,2003,577.47,0.44,61.74,57.34,1.37,0.83,4.73,53.6,5.18,2.45,45.39,1.06,13.12,2.63,2.79,61.75,328.0,13.52
Papua New Guinea,PNG,Oceania,2004,620.6,0.46,61.8,84.2,1.51,0.72,4.64,52.6,5.6,2.59,50.81,0.25,13.1,2.53,2.64,62.71,326.0,13.97
Papua New Guinea,PNG,Oceania,2005,744.49,0.45,61.87,82.29,1.72,1.15,4.68,51.6,5.1,2.45,47.6,1.21,13.07,2.38,5.06,62.48,326.0,14.43
Papua New Guinea,PNG,Oceania,2006,1238.18,0.46,62.02,84.18,1.75,1.03,4.48,50.6,5.32,2.43,41.9,2.03,13.05,2.28,4.62,64.41,325.0,14.9
Papua New Guinea,PNG,Oceania,2007,1370.75,0.46,62.21,68.97,1.79,1.04,4.57,49.5,5.13,2.42,41.9,0.73,13.03,2.17,11.22,64.03,326.0,15.38
Papua New Guinea,PNG,Oceania,2008,1624.79,0.46,62.51,68.97,1.15,0.97,4.64,48.4,5.97,2.14,41.9,1.2,13.02,2.17,13.75,64.21,315.0,15.86
Papua New Guinea,PNG,Oceania,2009,1568.83,0.47,62.77,68.97,1.61,1.1,4.48,47.2,5.27,2.33,41.9,0.37,13.01,2.09,12.71,67.0,302.0,16.35
Papua New Guinea,PNG,Oceania,2010,1866.87,0.47,63.06,68.97,1.28,0.96,4.28,46.1,5.44,2.11,41.9,0.04,13.0,2.0,11.92,65.62,289.0,16.86
Papua New Guinea,PNG,Oceania,2011,2288.38,0.47,63.38,68.97,2.0,0.82,4.47,44.9,5.83,2.29,41.9,2.95,13.0,2.62,10.64,64.02,271.0,17.35
Papua New Guinea,PNG,Oceania,2012,2635.09,0.48,63.64,68.97,3.5,1.08,4.28,43.8,1.63,2.67,41.9,0.76,13.01,2.63,9.73,68.23,257.0,17.85
Papua New Guinea,PNG,Oceania,2013,2560.77,0.47,63.93,68.97,5.1,1.16,4.46,42.7,1.63,3.0,49.85,0.69,13.06,2.7,8.74,67.24,243.0,18.33
Papua New Guinea,PNG,Oceania,2014,2723.18,0.48,64.2,70.06,6.5,0.84,4.44,41.6,1.63,3.27,45.6,1.8,13.13,2.54,8.44,66.71,232.0,18.82
Papua New Guinea,PNG,Oceania,2015,2484.6,0.48,64.47,70.06,7.9,1.04,4.23,43.6,1.63,1.82,47.12,1.79,13.23,2.51,8.31,67.36,221.0,19.31
Papua New Guinea,PNG,Oceania,2016,2316.39,0.49,64.7,70.06,9.6,0.97,4.29,39.4,0.85,2.33,47.47,0.25,13.37,2.48,7.4,70.33,214.0,19.79
Papua New Guinea,PNG,Oceania,2017,2477.77,0.49,64.92,70.06,11.21,1.04,4.2,38.3,1.96,2.23,51.23,0.2,13.52,2.58,6.78,68.88,207.0,20.27
Papua New Guinea,PNG,Oceania,2018,2566.37,0.49,65.11,70.06,12.36,0.93,4.25,37.3,1.87,2.3,51.15,0.3,13.71,2.65,5.2,69.11,205.0,20.74
Papua New Guinea,PNG,Oceania,2019,2575.77,0.5,65.33,70.06,13.62,1.08,4.19,36.2,0.76,2.33,47.74,1.65,13.93,2.65,4.82,70.9,199.0,21.22
Papua New Guinea,PNG,Oceania,2020,2429.61,0.49,65.08,87.0,15.02,1.14,4.08,35.2,0.9,2.3,45.95,0.73,14.17,2.9,4.6,70.34,194.0,21.68
Papua New Guinea,PNG,Oceania,2021,2607.58,0.5,64.36,87.0,16.56,1.16,4.18,34.1,0.71,2.34,44.97,0.24,14.44,3.03,4.67,72.75,223.0,22.11
Papua New Guinea,PNG,Oceania,2022,3102.29,0.51,65.27,87.0,18.26,1.14,3.94,33.1,0.64,2.61,46.71,0.61,14.74,2.69,4.67,72.81,189.0,22.53
Papua New Guinea,PNG,Oceania,2023,2966.07,0.5,66.13,87.0,18.56,0.93,3.93,32.2,0.78,2.87,54.28,0.16,15.06,2.65,4.67,72.18,189.0,22.94
Liberia,LBR,Africa,2000,298.49,0.36,51.85,77.8,0.02,0.17,5.26,125.5,4.15,2.69,52.93,0.48,43.77,2.02,35.18,52.67,786.0,30.4
Liberia,LBR,Africa,2001,300.46,0.35,53.11,77.27,0.03,0.17,5.32,117.5,4.36,2.16,51.81,0.19,44.15,2.1,41.74,54.59,720.0,31.31
Liberia,LBR,Africa,2002,299.54,0.36,54.06,79.58,0.03,0.22,5.29,109.5,4.27,2.16,52.34,0.23,44.57,2.22,40.94,55.33,700.0,32.13
Liberia,LBR,Africa,2003,239.78,0.37,53.04,78.91,0.03,0.21,5.11,102.0,4.73,2.52,52.31,0.19,45.0,2.42,39.61,56.84,759.0,32.39
Liberia,LBR,Africa,2004,284.14,0.36,55.95,79.41,0.03,0.21,5.29,95.0,4.72,5.91,36.4,0.46,45.43,2.42,36.72,55.62,645.0,32.78
Liberia,LBR,Africa,2005,287.49,0.37,56.76,80.23,0.55,0.21,5.39,89.0,1.7,6.69,36.4,0.29,45.85,2.41,43.08,56.64,619.0,34.27
Liberia,LBR,Africa,2006,320.56,0.37,57.5,81.25,0.53,0.22,5.14,83.8,1.7,5.77,36.4,0.21,46.23,2.28,41.59,59.29,647.0,36.24
Liberia,LBR,Africa,2007,374.21,0.37,58.15,59.4,0.55,0.21,5.08,79.8,1.7,4.33,36.4,0.36,46.61,2.23,41.2,57.8,659.0,38.09
Liberia,LBR,Africa,2008,451.71,0.38,58.68,59.4,0.53,0.25,5.08,76.5,1.7,6.0,36.4,0.1,47.11,2.22,40.88,60.35,663.0,39.67
Liberia,LBR,Africa,2009,448.39,0.38,59.11,59.4,2.0,0.23,5.05,73.8,1.7,8.99,36.4,0.65,47.62,2.24,45.1,57.54,674.0,40.94
Liberia,LBR,Africa,2010,492.25,0.38,59.36,59.4,2.3,0.3,5.04,71.7,1.7,8.44,36.4,0.34,48.14,2.27,0.01,58.13,712.0,42.14
Liberia,LBR,Africa,2011,568.09,0.38,59.49,59.4,2.5,0.27,5.03,69.9,1.78,8.58,33.2,0.31,48.66,2.21,0.01,62.08,726.0,43.82
Liberia,LBR,Africa,2012,638.37,0.38,59.78,59.4,2.6,0.28,5.14,68.3,1.78,7.63,33.2,0.32,49.18,2.15,0.05,59.65,728.0,45.4
Liberia,LBR,Africa,2013,710.74,0.39,59.99,59.4,3.2,0.29,5.16,67.0,1.69,7.16,33.2,0.17,49.7,2.08,0.08,62.12,725.0,46.41
Liberia,LBR,Africa,2014,706.71,0.39,59.21,84.74,5.41,0.27,4.93,68.0,2.2,8.1,33.2,0.15,50.22,2.08,0.16,60.32,801.0,47.39
Liberia,LBR,Africa,2015,692.59,0.4,59.25,86.21,10.0,0.3,4.96,65.1,2.12,10.38,33.2,0.15,50.74,2.56,0.18,64.6,784.0,48.37
Liberia,LBR,Africa,2016,714.61,0.4,60.48,85.82,15.7,0.33,4.79,64.2,2.11,9.89,35.3,0.23,51.27,3.08,0.3,64.4,690.0,49.37
Liberia,LBR,Africa,2017,699.27,0.4,60.78,87.07,16.3,0.31,4.89,63.7,2.66,9.91,35.3,0.16,51.8,3.07,1.6,65.25,703.0,50.34
Liberia,LBR,Africa,2018,692.2,0.41,61.0,86.53,17.28,0.33,4.66,63.4,2.5,10.44,35.3,0.02,52.32,3.06,1.7,64.26,707.0,51.34
Liberia,LBR,Africa,2019,658.16,0.41,61.23,86.8,19.9,0.32,4.66,63.3,2.17,8.38,35.3,0.3,52.86,3.07,1.7,65.61,689.0,52.36
Liberia,LBR,Africa,2020,616.79,0.41,61.27,87.5,22.91,0.33,4.75,63.4,2.14,12.91,50.16,0.38,53.39,4.1,1.7,66.24,664.0,53.46
Liberia,LBR,Africa,2021,667.97,0.41,61.17,87.41,26.38,0.36,4.51,63.5,2.42,13.27,47.55,0.24,53.92,3.84,1.7,65.74,667.0,54.6
Liberia,LBR,Africa,2022,744.62,0.42,61.93,89.26,30.38,0.35,4.68,63.6,2.28,13.59,49.91,0.33,54.46,2.96,1.7,68.1,634.0,55.79
Liberia,LBR,Africa,2023,799.19,0.42,62.16,90.66,31.22,0.38,4.47,63.6,2.27,13.01,48.83,0.07,55.0,2.9,1.7,67.62,628.0,57.03
Benin,BEN,Africa,2000,487.42,0.37,56.59,34.66,0.23,0.34,5.27,79.7,2.11,2.96,38.6,0.2,38.28,0.86,24.62,55.83,529.0,64.04
Benin,BEN,Africa,2001,492.4,0.38,56.65,34.66,0.36,0.31,5.17,77.8,2.37,3.3,38.6,0.46,38.62,0.77,18.87,55.33,532.0,66.03
Benin,BEN,Africa,2002,546.46,0.38,56.85,34.66,0.7,0.34,5.02,76.0,2.16,3.1,38.6,0.47,39.0,0.69,10.53,54.5,534.0,68.07
Benin,BEN,Africa,2003,676.0,0.38,57.09,34.66,0.95,0.3,5.07,74.3,2.28,3.12,38.6,0.06,39.42,0.75,2.08,58.64,532.0,70.18
Benin,BEN,Africa,2004,758.7,0.4,57.35,34.66,1.18,0.38,5.0,72.6,2.57,3.23,38.6,0.47,39.85,0.79,0.6,57.46,531.0,72.36
Benin,BEN,Africa,2005,779.44,0.39,57.74,34.66,1.27,0.4,5.01,71.0,2.66,3.22,38.6,0.34,40.31,0.86,5.43,60.65,514.0,74.73
Benin,BEN,Africa,2006,809.15,0.39,57.97,80.91,1.54,0.37,5.22,69.4,2.56,3.29,38.6,0.1,40.79,0.89,37.32,58.75,509.0,77.1
Benin,BEN,Africa,2007,912.34,0.4,58.25,81.38,1.79,0.42,4.94,67.9,2.36,2.94,47.26,0.6,41.29,0.9,46.75,57.8,501.0,79.41
Benin,BEN,Africa,2008,1060.6,0.39,58.1,44.69,1.85,0.35,5.1,66.5,2.78,2.65,43.4,0.27,41.8,0.9,40.51,59.13,563.0,81.84
Benin,BEN,Africa,2009,1024.1,0.41,58.26,44.69,2.24,0.38,4.79,65.1,3.09,2.9,43.4,0.24,42.34,0.95,37.03,59.29,598.0,84.33
Benin,BEN,Africa,2010,973.24,0.4,58.39,44.69,3.13,0.41,4.88,63.8,3.68,3.02,43.4,0.32,42.89,1.04,44.09,59.09,607.0,86.89
Benin,BEN,Africa,2011,1059.41,0.41,58.46,44.69,4.15,0.39,4.86,62.4,3.68,3.0,43.4,0.59,43.46,2.65,44.21,65.06,613.0,89.51
Benin,BEN,Africa,2012,1071.53,0.41,58.56,44.69,4.5,0.4,4.8,61.1,3.56,3.08,43.4,0.11,44.05,2.46,45.91,62.56,618.0,92.21
Benin,BEN,Africa,2013,1168.93,0.4,58.86,45.08,4.9,0.4,4.89,59.8,3.33,2.87,43.4,0.07,44.65,2.2,52.1,63.46,607.0,94.97
Benin,BEN,Africa,2014,1204.4,0.41,59.01,45.08,6.0,0.46,4.86,58.4,3.16,2.69,47.6,0.27,45.29,1.95,0.14,64.25,605.0,97.82
Benin,BEN,Africa,2015,1002.42,0.42,59.12,45.08,11.26,0.45,4.79,57.0,3.17,2.73,47.6,0.3,45.94,1.89,0.82,63.72,606.0,100.75
Benin,BEN,Africa,2016,1010.53,0.42,59.28,38.87,14.5,0.45,4.78,55.8,2.9,3.62,47.6,0.47,46.61,1.83,0.12,67.07,604.0,103.74
Benin,BEN,Africa,2017,1054.97,0.42,59.53,38.87,18.7,0.51,4.61,54.4,3.54,3.67,37.9,0.08,47.29,1.69,1.33,65.85,592.0,106.77
Benin,BEN,Africa,2018,1151.74,0.43,59.71,38.87,19.0,0.49,4.66,53.1,2.93,3.44,37.9,0.53,48.0,1.43,2.68,66.41,585.0,109.82
Benin,BEN,Africa,2019,1130.82,0.43,59.89,49.0,20.5,0.47,4.64,51.8,2.73,3.0,37.9,0.13,48.71,1.21,1.02,68.23,572.0,112.87
Benin,BEN,Africa,2020,1200.19,0.43,60.15,49.0,22.12,0.54,4.65,50.4,2.9,3.05,34.4,0.25,49.45,1.52,0.54,67.69,578.0,115.91
Benin,BEN,Africa,2021,1318.65,0.44,59.61,43.83,28.2,0.49,4.56,49.1,3.1,2.92,34.4,0.34,50.2,1.83,0.25,67.74,584.0,118.96
Benin,BEN,Africa,2022,1266.43,0.44,60.48,51.38,30.54,0.47,4.44,47.8,3.1,2.98,34.4,0.08,50.96,1.68,0.25,70.08,547.0,122.02
Benin,BEN,Africa,2023,1394.18,0.45,60.77,51.38,32.39,0.54,4.36,46.5,3.23,3.34,34.4,0.13,51.75,1.64,0.25,70.8,518.0,125.14
Costa Rica,CRI,Americas,2000,3812.75,0.57,77.32,94.87,5.8,4.11,4.1,11.2,4.67,6.56,47.4,0.3,59.05,5.08,16.44,69.37,36.0,77.12
Costa Rica,CRI,Americas,2001,3985.13,0.58,77.61,94.87,9.56,3.91,4.04,10.8,4.83,6.47,51.5,0.76,60.14,6.05,19.95,69.93,35.0,78.51
Costa Rica,CRI,Americas,2002,4067.72,0.59,77.94,94.87,19.89,3.6,3.85,10.4,5.15,6.87,51.8,1.05,61.28,6.4,18.47,70.74,34.0,79.82
Costa Rica,CRI,Americas,2003,4173.15,0.59,78.21,94.87,20.33,3.76,4.02,10.1,5.13,6.97,49.3,0.23,62.45,6.65,18.39,72.14,33.0,81.06
Costa Rica,CRI,Americas,2004,4431.01,0.59,78.51,88.21,20.79,4.25,3.87,9.9,4.89,6.63,48.4,0.76,63.66,6.44,15.13,69.87,33.0,82.26
Costa Rica,CRI,Americas,2005,4703.01,0.6,78.88,88.31,22.07,4.24,3.69,9.7,4.89,6.66,47.5,0.61,64.9,6.75,16.09,74.13,31.0,83.46
Costa Rica,CRI,Americas,2006,5256.6,0.59,79.05,88.19,25.1,3.64,3.76,9.6,4.62,6.94,49.3,0.14,66.17,5.93,16.87,69.87,30.0,84.63
Costa Rica,CRI,Americas,2007,6137.71,0.6,79.1,89.97,28.4,4.41,3.85,9.5,4.63,7.0,49.3,0.37,67.47,4.56,17.06,74.2,30.0,85.79
Costa Rica,CRI,Americas,2008,6937.24,0.6,79.18,97.41,32.29,3.93,3.61,9.4,4.89,7.47,48.6,0.33,68.79,4.93,14.76,76.67,30.0,86.96
Costa Rica,CRI,Americas,2009,6832.7,0.6,79.37,97.41,34.33,3.96,3.63,9.2,6.01,7.86,50.6,0.47,70.14,7.82,17.47,75.36,29.0,88.13
Costa Rica,CRI,Americas,2010,8265.79,0.61,79.35,97.41,36.5,3.86,3.62,9.0,6.57,8.03,48.0,0.74,71.51,7.17,16.73,75.25,29.0,89.23
Costa Rica,CRI,Americas,2011,9276.39,0.61,79.62,97.41,39.21,4.37,3.54,8.8,6.38,8.12,48.8,1.07,72.84,9.52,17.96,76.02,28.0,90.28
Costa Rica,CRI,Americas,2012,10127.0,0.6,79.92,97.41,47.5,4.07,3.49,8.5,6.58,7.79,48.4,0.28,73.39,9.11,19.85,76.08,27.0,91.34
Costa Rica,CRI,Americas,2013,10803.24,0.61,80.19,97.41,45.96,3.39,3.64,8.2,6.69,7.68,49.2,0.95,73.94,8.22,20.53,77.25,27.0,92.36
Costa Rica,CRI,Americas,2014,10911.5,0.62,80.23,97.41,53.0,3.77,3.48,8.0,6.68,7.66,48.6,0.89,74.49,8.5,23.25,77.49,27.0,93.36
Costa Rica,CRI,Americas,2015,11714.71,0.62,80.41,93.18,59.76,4.25,3.48,7.8,6.87,7.59,48.4,0.17,75.02,8.41,23.78,78.56,26.0,94.36
Costa Rica,CRI,Americas,2016,12091.03,0.63,79.99,93.98,65.88,3.54,3.39,7.7,6.89,7.32,48.7,0.64,75.54,8.09,23.81,78.95,27.0,95.32
Costa Rica,CRI,Americas,2017,12317.09,0.62,79.99,93.71,71.58,4.38,3.59,7.7,7.07,7.05,48.3,0.77,76.05,7.73,22.34,80.25,27.0,96.22
Costa Rica,CRI,Americas,2018,12590.25,0.63,80.09,93.03,73.48,4.16,3.28,7.8,6.77,7.29,48.0,0.48,76.55,9.01,25.3,80.17,28.0,97.1
Costa Rica,CRI,Americas,2019,12884.69,0.64,80.3,95.6,81.2,3.83,3.41,7.9,6.74,7.22,48.2,1.11,77.04,10.81,30.23,80.98,26.0,97.92
Costa Rica,CRI,Americas,2020,12394.05,0.64,79.72,95.16,80.53,4.35,3.3,8.1,6.63,7.83,49.2,0.95,77.52,16.43,28.23,84.04,34.0,98.6
Costa Rica,CRI,Americas,2021,12838.12,0.64,78.05,96.08,82.75,3.92,3.32,8.3,6.25,7.61,48.7,1.18,77.99,15.14,26.47,81.17,44.0,99.1
Costa Rica,CRI,Americas,2022,13625.9,0.64,79.32,97.12,82.6,3.85,3.29,8.6,5.55,7.18,47.2,1.43,78.44,11.32,26.47,82.03,27.0,99.53
Costa Rica,CRI,Americas,2023,16942.03,0.65,80.8,95.89,85.4,3.74,3.17,8.8,5.31,6.87,46.7,0.8,78.88,8.32,26.47,82.15,24.0,99.99
Honduras,HND,Americas,2000,1092.56,0.43,68.3,80.01,1.2,0.93,4.85,29.6,4.79,6.27,55.2,0.38,45.32,3.88,0.5,59.35,82.0,58.79
Honduras,HND,Americas,2001,1132.16,0.44,68.49,80.01,1.42,0.73,4.87,28.4,5.07,5.93,55.4,1.67,45.86,4.0,0.34,60.13,78.0,60.4
Honduras,HND,Americas,2002,1132.5,0.44,68.71,80.01,2.6,1.01,4.78,27.2,5.24,6.24,55.7,0.01,46.42,4.02,0.4,59.83,75.0,62.02
Honduras,HND,Americas,2003,1156.08,0.44,68.87,80.01,4.8,0.92,4.85,26.1,4.32,6.89,58.1,0.5,46.99,5.3,0.49,59.19,75.0,63.63
Honduras,HND,Americas,2004,1215.14,0.45,69.05,80.01,5.6,1.01,4.79,25.1,5.07,6.85,58.1,0.2,47.57,5.99,0.94,62.05,74.0,65.23
Honduras,HND,Americas,2005,1304.7,0.45,69.2,83.59,6.5,0.93,4.77,24.1,6.06,7.5,59.5,1.26,48.17,4.91,1.43,62.98,73.0,66.84
Honduras,HND,Americas,2006,1425.85,0.45,69.36,83.59,7.8,0.96,4.75,23.2,5.4,7.86,57.5,0.19,48.78,3.57,1.73,63.88,72.0,68.43
Honduras,HND,Americas,2007,1577.74,0.45,69.54,83.59,9.4,0.92,4.71,22.3,5.5,8.08,55.8,0.5,49.4,3.21,2.56,65.64,72.0,70.02
Honduras,HND,Americas,2008,1732.49,0.46,69.66,83.59,9.6,1.03,4.7,21.5,5.24,8.6,55.5,0.32,50.03,3.16,3.57,65.57,72.0,71.61
Honduras,HND,Americas,2009,1781.16,0.46,69.82,84.76,9.8,1.0,4.53,20.8,6.3,9.0,51.3,0.03,50.67,3.29,3.07,64.44,71.0,73.2
Honduras,HND,Americas,2010,1893.33,0.47,69.77,84.76,11.09,0.86,4.53,20.1,6.3,8.73,53.1,0.03,51.33,4.12,2.54,65.06,72.0,74.77
Honduras,HND,Americas,2011,2073.66,0.47,70.12,85.12,15.9,1.11,4.45,19.4,6.3,8.79,52.6,0.36,51.99,4.47,6.52,66.32,68.0,76.33
Honduras,HND,Americas,2012,2126.03,0.47,70.46,85.36,18.12,0.94,4.31,18.8,6.3,8.66,53.4,1.17,52.66,3.76,9.41,65.56,64.0,77.89
Honduras,HND,Americas,2013,2081.13,0.48,70.76,85.46,17.8,1.1,4.39,18.2,5.87,8.48,50.0,0.23,53.36,5.65,8.87,66.09,62.0,79.45
Honduras,HND,Americas,2014,2179.88,0.48,71.03,87.2,23.0,0.96,4.42,17.6,7.09,7.91,49.9,0.35,53.88,7.08,9.03,67.5,60.0,81.0
Honduras,HND,Americas,2015,2271.2,0.48,71.32,87.91,27.14,1.1,4.43,17.0,6.41,7.48,49.2,0.21,54.38,6.15,19.85,68.38,57.0,82.56
Honduras,HND,Americas,2016,2307.34,0.48,71.61,88.99,29.53,1.12,4.27,16.5,6.1,7.71,49.8,1.41,54.89,6.73,28.03,70.92,55.0,84.12
Honduras,HND,Americas,2017,2413.01,0.5,71.81,88.99,31.74,1.08,4.17,15.9,5.74,7.01,49.4,0.72,55.39,5.53,29.69,70.08,53.0,85.69
Honduras,HND,Americas,2018,2464.64,0.48,72.0,87.21,36.04,0.8,4.39,15.4,6.06,7.23,48.9,0.07,55.89,5.65,34.43,71.47,52.0,87.28
Honduras,HND,Americas,2019,2502.33,0.5,72.12,88.51,39.39,1.07,4.21,14.9,5.98,7.34,48.2,0.16,56.38,5.7,34.4,72.94,51.0,88.87
Honduras,HND,Americas,2020,2307.61,0.5,70.86,88.51,45.25,1.0,4.22,14.5,6.1,9.22,48.2,0.26,56.87,10.98,30.8,73.34,57.0,90.44
Honduras,HND,Americas,2021,2735.15,0.5,69.49,88.22,51.95,0.8,4.05,14.0,5.88,9.27,48.2,0.48,57.36,8.51,30.76,73.24,88.0,91.96
Honduras,HND,Americas,2022,3003.29,0.5,72.72,88.22,56.88,0.92,4.07,13.6,4.48,8.15,46.8,0.2,57.84,8.77,30.76,73.74,48.0,93.52
Honduras,HND,Americas,2023,3227.46,0.5,72.88,87.09,58.07,1.0,4.06,13.2,4.55,7.71,46.8,0.3,58.31,6.07,30.76,72.62,47.0,95.14
El Salvador,SLV,Americas,2000,1982.87,0.47,67.71,82.71,1.18,1.31,4.52,26.4,2.84,7.84,51.5,0.35,56.56,6.96,25.17,61.66,48.0,286.84
El Salvador,SLV,Americas,2001,2058.04,0.47,67.96,84.03,1.5,1.47,4.71,25.0,2.84,7.89,51.3,0.49,57.45,6.96,26.09,62.26,45.0,288.03
El Salvador,SLV,Americas,2002,2115.41,0.47,68.53,84.24,1.9,1.46,4.7,23.6,3.24,7.89,51.9,0.35,58.35,6.2,25.38,65.19,40.0,288.93
El Salvador,SLV,Americas,2003,2207.83,0.48,68.79,83.56,2.5,1.71,4.61,22.3,3.13,7.77,50.4,0.36,59.25,6.9,25.55,63.89,38.0,289.51
El Salvador,SLV,Americas,2004,2285.69,0.47,69.3,83.56,3.2,1.44,4.51,21.1,3.13,8.13,47.8,0.89,60.14,6.8,25.21,63.91,35.0,289.8
El Salvador,SLV,Americas,2005,2447.39,0.48,69.34,83.56,4.2,1.47,4.56,20.0,3.18,9.2,48.5,0.16,61.03,7.22,24.96,65.38,34.0,289.84
El Salvador,SLV,Americas,2006,2665.62,0.49,69.61,83.56,5.5,1.58,4.43,19.0,3.49,8.69,45.7,0.99,61.91,6.57,24.45,65.34,33.0,289.69
El Salvador,SLV,Americas,2007,2830.66,0.49,69.82,82.03,6.11,1.25,4.39,18.1,3.61,8.48,45.2,0.35,62.77,6.41,27.96,66.02,33.0,290.05
El Salvador,SLV,Americas,2008,2983.25,0.49,70.14,83.95,10.08,1.51,4.41,17.2,4.46,8.5,46.9,0.71,63.64,5.88,30.03,67.74,33.0,290.99
El Salvador,SLV,Americas,2009,2910.19,0.5,70.36,84.1,12.11,1.14,4.43,16.4,4.66,8.84,45.8,1.46,64.53,7.33,32.02,67.6,35.0,291.91
El Salvador,SLV,Americas,2010,3040.07,0.5,70.91,84.49,15.9,1.54,4.26,15.6,4.05,8.9,43.5,0.55,65.43,4.89,31.85,68.98,34.0,292.87
El Salvador,SLV,Americas,2011,3330.6,0.5,71.19,85.49,18.9,1.63,4.28,14.9,3.9,8.88,42.3,0.99,66.33,4.3,31.5,70.31,35.0,293.93
El Salvador,SLV,Americas,2012,3497.91,0.51,71.42,85.46,20.32,1.46,4.28,14.3,3.71,8.61,41.8,0.38,67.22,3.84,31.61,67.01,36.0,295.08
El Salvador,SLV,Americas,2013,3582.27,0.51,71.22,86.77,23.11,1.66,4.43,13.7,3.8,9.05,43.4,0.08,68.09,3.69,32.79,68.81,39.0,296.28
El Salvador,SLV,Americas,2014,3666.01,0.52,71.14,87.41,24.76,1.6,4.05,13.1,3.82,8.6,41.6,0.6,68.92,4.15,31.79,71.86,41.0,297.44
El Salvador,SLV,Americas,2015,3790.34,0.51,70.95,87.97,26.8,1.16,4.08,12.6,3.91,8.76,40.6,0.1,69.7,4.0,35.17,69.62,43.0,298.44
El Salvador,SLV,Americas,2016,3901.34,0.52,70.91,88.14,29.0,1.29,4.26,12.0,3.83,8.71,40.0,0.54,70.4,4.42,36.78,72.15,43.0,299.27
El Salvador,SLV,Americas,2017,4020.13,0.52,71.01,88.48,33.82,1.59,4.05,11.5,3.73,8.42,38.0,0.03,71.09,4.38,44.1,72.61,44.0,299.88
El Salvador,SLV,Americas,2018,4183.55,0.52,71.38,89.01,43.8,1.48,3.96,11.1,3.61,8.32,38.6,0.29,71.76,4.01,48.18,72.85,43.0,300.18
El Salvador,SLV,Americas,2019,4320.12,0.52,71.72,89.14,50.49,1.27,3.95,10.6,3.39,8.81,38.8,0.43,72.41,4.17,47.46,74.12,40.0,300.3
El Salvador,SLV,Americas,2020,3997.19,0.53,70.24,89.98,54.6,1.52,3.94,10.2,3.66,8.95,38.8,0.42,73.06,5.01,53.38,73.18,48.0,300.9
El Salvador,SLV,Americas,2021,4642.61,0.52,69.94,89.06,57.26,1.58,3.9,9.8,3.58,10.13,39.0,0.35,73.68,4.33,66.86,73.12,58.0,301.92
El Salvador,SLV,Americas,2022,5074.6,0.53,71.97,89.35,60.06,1.82,3.86,9.5,3.27,9.82,38.8,0.33,74.15,3.0,66.86,74.99,39.0,303.1
El Salvador,SLV,Americas,2023,5365.44,0.54,72.1,89.85,62.62,1.58,3.84,9.2,3.19,9.29,39.8,0.47,74.61,2.99,66.86,74.23,39.0,304.52
Paraguay,PRY,Americas,2000,1736.12,0.5,70.03,84.45,0.75,1.94,4.59,28.7,4.23,6.02,54.6,0.06,57.51,7.61,34.1,64.08,207.0,12.84
Paraguay,PRY,Americas,2001,1637.69,0.5,70.28,85.41,1.1,2.17,4.5,28.1,3.83,5.61,54.6,0.34,57.97,6.21,19.48,61.57,207.0,13.06
Paraguay,PRY,Americas,2002,1367.77,0.51,70.54,84.48,1.79,1.98,4.32,27.5,3.41,4.76,57.3,0.39,58.31,9.39,11.53,63.78,206.0,13.24
Paraguay,PRY,Americas,2003,1444.0,0.5,70.8,85.51,2.11,2.19,4.32,26.9,3.38,4.91,54.9,0.2,58.55,6.81,0.05,65.08,203.0,13.41
Paraguay,PRY,Americas,2004,1786.22,0.52,71.05,94.56,3.45,1.85,4.44,26.4,2.87,4.93,52.3,0.5,58.74,6.51,0.09,66.81,199.0,13.56
Paraguay,PRY,Americas,2005,1970.87,0.52,71.32,94.56,7.91,2.11,4.39,25.8,2.87,4.83,51.4,0.76,58.89,4.82,9.61,69.14,194.0,13.71
Paraguay,PRY,Americas,2006,2439.43,0.52,71.58,94.56,7.96,2.02,4.34,25.1,2.74,5.02,53.0,0.16,59.02,5.28,0.0,66.29,186.0,13.86
Paraguay,PRY,Americas,2007,3211.94,0.52,71.82,94.56,11.21,1.7,4.29,24.5,2.74,5.02,53.0,0.4,59.13,4.71,0.0,67.03,177.0,13.99
Paraguay,PRY,Americas,2008,4384.95,0.52,72.05,93.29,14.27,2.13,4.19,23.8,2.74,5.04,50.7,0.43,59.24,4.42,0.0,67.27,166.0,14.13
Paraguay,PRY,Americas,2009,3941.85,0.53,72.28,93.75,18.9,2.13,4.07,23.2,2.77,5.52,49.1,0.4,59.37,5.46,0.0,67.36,152.0,14.27
Paraguay,PRY,Americas,2010,4750.96,0.53,72.55,93.87,19.8,1.8,4.06,22.5,2.77,5.47,51.0,0.07,59.51,4.57,0.0,69.21,136.0,14.44
Paraguay,PRY,Americas,2011,5805.4,0.53,72.79,93.87,24.76,2.33,4.27,21.9,3.69,5.82,52.3,0.79,59.69,4.67,0.0,69.52,120.0,14.64
Paraguay,PRY,Americas,2012,5642.17,0.53,73.1,94.2,29.34,2.0,4.14,21.2,3.67,6.53,47.6,0.18,59.92,4.08,0.0,70.36,100.0,14.84
Paraguay,PRY,Americas,2013,6435.68,0.54,73.29,95.06,36.9,1.72,3.95,20.6,2.68,6.06,47.9,0.75,60.24,4.38,0.21,71.96,84.0,15.06
Paraguay,PRY,Americas,2014,6652.25,0.54,73.42,95.03,43.01,2.04,3.99,20.0,2.6,6.63,50.7,0.76,60.71,5.03,0.25,72.62,70.0,15.28
Paraguay,PRY,Americas,2015,5879.34,0.54,73.45,95.55,49.72,1.99,4.0,19.3,3.33,6.69,47.6,0.67,61.33,4.56,0.26,73.24,64.0,15.5
Paraguay,PRY,Americas,2016,5775.16,0.54,73.49,94.65,53.4,2.04,3.99,18.7,3.43,6.68,47.9,0.28,62.08,5.26,0.27,74.02,60.0,15.73
Paraguay,PRY,Americas,2017,6152.27,0.55,73.45,94.65,61.08,2.23,3.92,18.1,3.09,6.61,48.5,0.63,62.95,6.14,0.24,73.82,58.0,15.95
Paraguay,PRY,Americas,2018,6258.45,0.55,73.63,94.02,64.99,2.21,3.89,17.6,3.3,6.74,46.0,0.35,63.92,6.22,0.23,75.3,58.0,16.18
Paraguay,PRY,Americas,2019,5821.18,0.55,73.67,93.21,68.52,2.23,3.94,17.0,3.49,7.16,45.7,0.82,64.98,6.6,0.29,76.23,58.0,16.4
Paraguay,PRY,Americas,2020,5365.47,0.56,72.72,94.54,73.96,2.34,3.78,16.5,3.94,7.68,43.5,0.09,66.12,7.55,0.55,76.87,69.0,16.62
Paraguay,PRY,Americas,2021,5976.93,0.56,68.11,94.54,77.02,2.12,3.79,16.0,3.41,8.03,42.9,0.35,67.31,7.31,0.67,76.94,140.0,16.82
Paraguay,PRY,Americas,2022,6205.63,0.57,72.32,94.54,76.26,2.04,3.66,15.5,3.4,7.74,44.6,0.36,68.64,6.76,0.67,77.1,78.0,17.07
Paraguay,PRY,Americas,2023,6299.99,0.56,73.84,94.86,78.09,2.0,3.66,15.0,3.39,8.36,44.2,0.6,69.35,5.79,0.67,77.85,58.0,17.28
Jamaica,JAM,Americas,2000,3453.09,0.5,71.28,79.92,3.12,2.02,4.45,18.5,4.98,5.98,44.1,0.47,51.72,6.75,11.09,63.19,82.0,240.8
Jamaica,JAM,Americas,2001,3503.55,0.5,71.29,79.92,3.86,1.96,4.53,18.0,5.38,5.16,48.3,0.72,51.93,6.64,0.58,65.3,82.0,242.33
Jamaica,JAM,Americas,2002,3680.65,0.5,71.48,79.92,6.1,1.41,4.44,17.7,5.38,5.58,48.3,0.22,52.15,6.62,0.65,65.3,81.0,243.82
Jamaica,JAM,Americas,2003,3549.71,0.5,71.58,84.16,7.8,1.58,4.45,17.5,4.26,4.99,48.3,0.37,52.36,6.53,0.84,67.34,79.0,245.3
Jamaica,JAM,Americas,2004,3807.56,0.5,71.54,85.09,10.0,1.79,4.42,17.4,3.91,5.84,45.5,0.58,52.56,6.54,0.93,65.77,77.0,246.74
Jamaica,JAM,Americas,2005,4184.44,0.51,71.49,84.64,12.8,1.91,4.43,17.3,4.62,5.82,45.5,0.44,52.77,6.58,0.97,66.73,81.0,248.11
Jamaica,JAM,Americas,2006,4417.0,0.51,71.4,86.33,16.4,1.43,4.37,17.3,4.62,5.51,45.5,0.1,52.97,6.6,1.14,69.01,89.0,249.4
Jamaica,JAM,Americas,2007,4716.49,0.51,71.4,86.61,21.1,1.68,4.24,17.4,5.49,6.19,45.5,0.21,53.17,6.61,1.35,66.03,89.0,250.58
Jamaica,JAM,Americas,2008,5029.8,0.51,71.5,87.25,23.6,1.77,4.37,17.4,6.19,6.66,49.56,0.54,53.37,6.67,1.87,67.45,91.0,251.67
Jamaica,JAM,Americas,2009,4428.38,0.52,71.72,86.69,24.3,1.96,4.07,17.4,6.2,6.37,48.53,0.25,53.56,7.31,1.93,68.2,93.0,252.72
Jamaica,JAM,Americas,2010,4809.98,0.52,71.98,88.04,27.67,1.53,4.08,17.4,6.37,6.44,49.5,0.34,53.75,7.63,1.77,70.89,94.0,253.79
Jamaica,JAM,Americas,2011,5232.64,0.53,72.24,88.68,37.44,1.8,4.22,17.3,6.27,6.52,45.65,0.38,53.96,8.03,2.86,69.98,89.0,254.89
Jamaica,JAM,Americas,2012,5340.83,0.53,72.4,88.78,33.79,1.86,4.25,17.3,6.11,6.19,49.58,1.17,54.25,8.7,3.31,71.91,89.0,256.0
Jamaica,JAM,Americas,2013,5124.21,0.53,72.44,88.64,37.1,1.85,4.11,17.3,6.25,6.28,48.16,0.87,54.55,9.7,3.8,72.06,94.0,257.03
Jamaica,JAM,Americas,2014,4975.11,0.54,72.36,89.32,40.4,1.72,3.92,17.2,6.02,6.29,48.44,0.59,54.87,9.05,3.84,74.19,100.0,257.96
Jamaica,JAM,Americas,2015,5339.31,0.53,72.21,89.61,42.22,2.4,4.1,17.2,5.46,6.61,35.3,0.23,55.2,8.82,4.02,74.26,100.0,258.78
Jamaica,JAM,Americas,2016,5302.3,0.54,72.05,92.15,44.37,2.29,3.97,17.1,5.31,6.59,35.3,0.27,55.55,8.63,5.61,72.68,102.0,259.46
Jamaica,JAM,Americas,2017,5605.44,0.54,71.88,90.86,55.07,1.9,4.16,17.2,5.26,6.98,35.3,0.51,55.92,7.4,8.17,73.65,106.0,260.0
Jamaica,JAM,Americas,2018,5976.9,0.55,71.61,91.17,68.21,2.3,3.83,17.2,5.41,6.84,35.3,0.62,56.3,5.47,8.2,73.21,112.0,260.4
Jamaica,JAM,Americas,2019,6030.69,0.55,71.53,92.24,70.84,1.96,3.76,17.2,5.16,6.97,35.3,0.12,56.7,4.99,8.55,74.56,120.0,260.69
Jamaica,JAM,Americas,2020,5299.05,0.55,71.45,92.15,76.38,1.97,3.91,17.2,5.38,7.48,39.9,0.38,57.11,6.5,9.95,73.45,126.0,261.38
Jamaica,JAM,Americas,2021,5625.68,0.56,69.08,93.3,82.36,2.0,3.73,17.1,5.63,8.0,39.9,0.0,57.54,5.19,9.56,76.76,186.0,262.02
Jamaica,JAM,Americas,2022,6626.48,0.55,71.48,91.72,85.84,1.85,3.78,16.9,5.35,8.65,39.9,1.29,57.99,4.08,9.56,76.72,138.0,262.16
Jamaica,JAM,Americas,2023,7542.4,0.57,71.48,93.23,89.47,2.14,3.62,16.7,5.65,7.6,39.9,0.92,58.45,3.02,9.56,79.1,130.0,262.21
Trinidad & Tobago,TTO,Americas,2000,6178.59,0.63,68.63,87.39,7.72,4.31,3.74,26.3,2.76,4.23,44.74,0.46,55.93,12.1,0.38,72.12,76.0,257.27
Trinidad & Tobago,TTO,Americas,2001,6657.41,0.62,68.87,87.47,15.38,4.74,3.75,25.9,3.07,4.03,48.43,0.42,55.9,10.88,0.53,72.56,72.0,258.4
Trinidad & Tobago,TTO,Americas,2002,6762.93,0.62,69.23,88.63,22.0,4.8,3.81,25.6,3.54,4.72,47.29,1.07,55.83,10.39,0.48,71.22,69.0,259.65
Trinidad & Tobago,TTO,Americas,2003,8445.05,0.63,69.45,89.1,25.97,6.09,3.66,25.2,3.14,4.19,47.45,1.07,55.72,10.48,0.22,72.41,67.0,260.96
Trinidad & Tobago,TTO,Americas,2004,9871.03,0.63,69.88,89.4,27.02,6.13,3.59,24.8,3.14,4.31,49.48,1.18,55.57,8.33,0.4,73.15,63.0,262.26
Trinidad & Tobago,TTO,Americas,2005,12346.44,0.63,70.18,89.73,28.98,4.71,3.53,24.5,3.14,4.43,51.44,0.51,55.39,7.95,0.35,75.54,60.0,252.34
Trinidad & Tobago,TTO,Americas,2006,14152.66,0.64,70.44,89.88,30.0,5.82,3.65,24.1,3.14,4.15,47.11,1.0,55.18,6.27,0.41,79.45,58.0,253.01
Trinidad & Tobago,TTO,Americas,2007,16606.68,0.64,70.8,89.89,32.3,6.03,3.59,23.7,4.21,4.15,46.14,1.06,54.94,5.54,0.29,75.84,57.0,254.03
Trinidad & Tobago,TTO,Americas,2008,21298.99,0.64,71.12,88.9,34.8,5.84,3.61,23.3,4.21,3.66,43.94,1.31,54.68,4.63,0.05,76.67,55.0,255.09
Trinidad & Tobago,TTO,Americas,2009,14634.06,0.64,71.4,90.07,44.3,4.72,3.5,22.9,4.21,5.49,52.87,0.69,54.39,5.28,0.05,77.52,54.0,255.38
Trinidad & Tobago,TTO,Americas,2010,16815.42,0.65,71.81,92.17,48.5,5.85,3.41,22.5,4.21,5.08,50.96,0.39,54.09,4.03,0.05,78.28,54.0,256.86
Trinidad & Tobago,TTO,Americas,2011,19151.09,0.65,72.23,92.52,55.2,6.14,3.56,22.1,3.85,4.72,49.72,1.24,53.93,3.42,0.05,78.01,53.0,258.87
Trinidad & Tobago,TTO,Americas,2012,20332.14,0.65,72.51,92.8,57.5,5.96,3.4,21.7,3.57,4.63,47.62,0.91,53.93,3.72,0.07,79.51,51.0,260.27
Trinidad & Tobago,TTO,Americas,2013,21304.98,0.66,72.78,93.41,59.9,5.24,3.31,21.3,3.75,4.8,44.87,1.05,53.93,2.68,0.07,77.47,50.0,261.32
Trinidad & Tobago,TTO,Americas,2014,21908.3,0.66,72.9,92.84,62.4,5.59,3.36,20.9,3.59,4.87,47.1,1.1,53.93,2.48,0.07,80.89,50.0,262.25
Trinidad & Tobago,TTO,Americas,2015,19887.23,0.66,72.88,93.95,65.1,5.69,3.27,20.6,4.42,5.65,48.54,0.42,53.93,2.43,0.07,83.14,50.0,263.09
Trinidad & Tobago,TTO,Americas,2016,17449.15,0.66,72.94,94.67,67.8,5.18,3.36,20.2,4.21,6.47,47.43,0.96,53.93,3.21,0.07,83.13,51.0,263.92
Trinidad & Tobago,TTO,Americas,2017,17566.1,0.67,72.98,95.61,70.6,5.12,3.2,19.9,3.33,6.57,45.44,1.18,53.93,3.39,0.07,82.69,51.0,264.45
Trinidad & Tobago,TTO,Americas,2018,17571.5,0.67,72.66,95.29,72.76,5.63,3.08,19.5,3.47,6.65,43.16,1.29,53.93,3.5,0.07,80.76,53.0,264.95
Trinidad & Tobago,TTO,Americas,2019,17212.61,0.67,72.84,96.65,74.99,5.76,3.01,19.2,3.55,6.91,45.91,1.0,53.93,3.52,0.07,84.46,53.0,265.88
Trinidad & Tobago,TTO,Americas,2020,15283.63,0.67,72.64,95.89,77.28,5.0,3.11,18.8,4.22,7.48,43.77,0.57,53.94,4.21,0.07,81.99,35.0,266.42
Trinidad & Tobago,TTO,Americas,2021,17712.57,0.67,71.11,95.29,84.37,4.99,3.06,18.4,3.04,7.21,44.56,0.84,53.94,4.45,0.07,84.85,54.0,266.58
Trinidad & Tobago,TTO,Americas,2022,20750.52,0.68,73.33,95.97,81.7,6.44,2.97,18.0,2.82,6.64,45.31,1.26,53.95,4.38,0.07,87.03,30.0,266.24
Trinidad & Tobago,TTO,Americas,2023,18308.45,0.68,73.49,98.08,81.97,4.62,2.99,17.5,3.23,7.53,42.04,0.69,53.95,3.36,0.07,85.0,54.0,266.57
Mongolia,MNG,Asia,2000,476.03,0.47,63.21,97.77,1.26,1.5,4.47,47.3,5.55,6.08,30.3,0.06,56.73,5.99,27.11,61.4,144.0,1.54
Mongolia,MNG,Asia,2001,524.45,0.47,63.39,97.77,1.65,1.58,4.62,43.9,5.55,5.44,32.9,0.21,57.22,6.11,0.05,63.07,130.0,1.56
Mongolia,MNG,Asia,2002,570.25,0.47,63.54,97.77,2.04,1.47,4.61,40.5,7.21,5.49,32.9,0.07,58.13,6.2,0.05,65.74,120.0,1.58
Mongolia,MNG,Asia,2003,643.17,0.48,63.58,97.77,2.04,1.4,4.54,37.3,7.21,4.3,32.9,0.19,59.35,6.77,0.06,62.95,114.0,1.6
Mongolia,MNG,Asia,2004,794.15,0.48,64.63,85.08,9.0,1.38,4.64,34.2,4.33,4.3,32.9,1.22,60.78,6.85,0.05,64.38,108.0,1.61
Mongolia,MNG,Asia,2005,994.9,0.48,65.28,86.57,9.0,1.14,4.45,31.4,4.33,3.86,35.8,0.07,62.31,7.02,0.05,65.15,99.0,1.63
Mongolia,MNG,Asia,2006,1329.89,0.48,65.9,83.59,9.0,1.29,4.5,28.8,4.69,3.75,35.8,1.33,63.84,7.19,0.05,66.37,90.0,1.65
Mongolia,MNG,Asia,2007,1627.69,0.49,66.59,98.26,9.0,1.33,4.35,26.5,4.69,4.08,35.8,0.19,65.26,7.2,0.06,67.13,81.0,1.67
Mongolia,MNG,Asia,2008,2127.43,0.49,67.25,98.26,9.8,1.31,4.29,24.4,4.69,4.56,35.8,0.35,66.47,5.56,0.21,66.72,77.0,1.7
Mongolia,MNG,Asia,2009,1703.33,0.49,67.97,98.26,10.0,1.5,4.55,22.5,5.14,4.46,33.1,0.32,67.37,5.86,0.21,67.63,75.0,1.73
Mongolia,MNG,Asia,2010,2625.22,0.5,68.51,98.26,10.2,1.48,4.21,20.8,4.65,3.74,33.1,0.12,67.83,6.55,0.24,70.02,71.0,1.76
Mongolia,MNG,Asia,2011,3736.04,0.5,69.11,98.26,12.5,1.57,4.32,19.4,4.61,3.59,33.9,0.03,67.92,4.77,0.22,65.54,67.0,1.79
Mongolia,MNG,Asia,2012,4328.89,0.5,69.5,98.26,16.4,1.29,4.36,18.2,5.2,3.86,33.8,0.47,67.95,3.9,0.22,67.85,63.0,1.82
Mongolia,MNG,Asia,2013,4340.14,0.5,70.1,98.26,17.7,1.47,4.18,17.3,4.94,4.09,33.8,0.23,67.98,4.23,1.26,69.66,59.0,1.86
Mongolia,MNG,Asia,2014,4126.24,0.51,70.58,89.44,19.94,1.16,4.28,16.5,4.71,4.21,32.0,0.71,67.99,4.8,2.54,69.7,56.0,1.9
Mongolia,MNG,Asia,2015,3838.92,0.52,70.81,96.9,22.5,1.59,4.14,15.7,4.22,4.23,32.0,0.11,68.0,4.86,2.98,72.37,52.0,1.94
Mongolia,MNG,Asia,2016,3619.9,0.51,70.22,96.9,22.27,1.57,4.18,15.0,5.18,4.58,32.3,0.52,67.98,7.24,2.97,71.74,48.0,1.98
Mongolia,MNG,Asia,2017,3645.97,0.52,70.54,96.9,23.71,1.43,4.11,14.2,4.07,4.34,32.3,1.65,67.93,6.36,3.09,72.38,45.0,2.02
Mongolia,MNG,Asia,2018,4107.64,0.52,70.83,96.9,47.13,1.54,4.11,13.5,4.07,4.53,32.7,0.1,67.87,5.38,6.15,71.17,45.0,2.06
Mongolia,MNG,Asia,2019,4347.55,0.52,71.05,98.46,51.08,1.55,4.08,12.8,4.07,4.49,32.7,1.25,67.83,9.02,8.4,76.04,45.0,2.1
Mongolia,MNG,Asia,2020,4001.25,0.52,71.35,99.18,62.5,1.41,4.04,12.2,4.07,4.67,32.7,0.74,68.09,6.41,8.74,73.98,47.0,2.14
Mongolia,MNG,Asia,2021,4517.62,0.52,71.65,99.21,81.61,1.67,3.99,11.8,3.66,7.21,31.4,0.38,69.22,7.87,9.9,71.87,63.0,2.17
Mongolia,MNG,Asia,2022,4993.51,0.53,71.9,98.73,81.08,1.28,3.87,11.6,3.66,8.85,31.4,0.04,69.78,5.95,9.9,74.48,41.0,2.2
Mongolia,MNG,Asia,2023,5838.63,0.53,72.12,98.64,83.74,1.39,3.93,11.4,3.66,6.07,31.4,0.4,70.45,5.18,9.9,75.63,41.0,2.23
Georgia,GEO,Asia,2000,749.91,0.48,70.09,99.65,0.48,1.31,4.55,29.2,2.18,7.19,40.5,0.06,52.49,10.82,0.29,61.46,43.0,71.33
Georgia,GEO,Asia,2001,801.98,0.49,70.37,99.65,0.99,1.44,4.57,27.3,2.14,7.17,39.6,0.13,52.41,11.16,16.92,64.43,45.0,70.23
Georgia,GEO,Asia,2002,853.53,0.49,70.44,99.65,1.59,1.61,4.52,25.2,2.24,7.81,37.2,1.8,52.41,12.59,0.84,63.27,46.0,69.61
Georgia,GEO,Asia,2003,1010.03,0.5,71.38,99.65,2.56,2.05,4.53,23.2,2.07,8.03,36.6,0.22,52.51,11.51,9.46,64.49,42.0,69.14
Georgia,GEO,Asia,2004,1305.05,0.49,71.01,99.65,3.89,1.5,4.3,21.1,2.91,8.09,36.2,0.83,52.72,12.62,24.69,64.67,43.0,68.71
Georgia,GEO,Asia,2005,1642.78,0.49,70.69,99.65,6.08,1.71,4.42,19.1,2.48,8.08,37.4,0.4,53.0,13.81,8.87,63.22,53.0,68.28
Georgia,GEO,Asia,2006,1996.02,0.49,70.98,85.15,7.53,1.44,4.53,17.3,3.0,7.63,36.9,0.11,53.36,13.57,1.19,67.71,45.0,67.89
Georgia,GEO,Asia,2007,2635.37,0.5,70.98,87.01,8.26,1.55,4.37,15.6,2.7,7.44,38.1,0.5,53.77,13.28,0.16,66.77,52.0,67.53
Georgia,GEO,Asia,2008,3324.75,0.51,70.95,86.39,10.01,1.48,4.36,14.1,2.92,8.44,38.5,0.26,54.22,17.87,0.08,69.71,54.0,67.33
Georgia,GEO,Asia,2009,2822.69,0.51,71.06,86.47,20.07,1.9,4.31,12.9,3.22,9.57,38.2,0.21,54.7,20.71,0.06,68.65,56.0,66.73
Georgia,GEO,Asia,2010,3281.73,0.52,71.73,88.25,26.9,1.61,4.46,11.8,2.76,9.02,39.5,0.28,55.2,20.2,0.08,69.52,41.0,66.25
Georgia,GEO,Asia,2011,4119.67,0.51,72.48,99.59,31.52,1.68,4.13,10.9,2.51,7.88,39.6,0.18,55.69,19.63,0.02,68.74,37.0,65.72
Georgia,GEO,Asia,2012,4530.7,0.52,72.67,99.59,36.94,1.36,4.17,10.2,1.86,7.95,39.0,0.52,56.17,19.65,12.19,71.79,35.0,65.24
Georgia,GEO,Asia,2013,4712.0,0.51,73.03,99.59,43.3,1.46,4.27,9.6,2.83,8.01,38.6,0.1,56.62,19.42,0.0,68.43,34.0,65.04
Georgia,GEO,Asia,2014,4830.33,0.52,73.1,99.59,49.1,1.65,4.09,9.2,2.94,8.29,37.6,0.18,57.02,17.44,0.0,70.9,32.0,65.07
Georgia,GEO,Asia,2015,4086.62,0.52,73.24,99.59,47.57,1.58,4.15,8.9,3.11,8.66,36.5,0.31,57.38,16.51,1.05,73.6,30.0,65.18
Georgia,GEO,Asia,2016,4143.4,0.53,73.14,99.36,58.46,1.81,4.09,8.7,3.52,9.07,36.6,0.27,57.7,16.6,0.08,71.77,28.0,65.21
Georgia,GEO,Asia,2017,4418.75,0.53,73.44,99.36,59.71,1.91,3.83,8.5,3.52,8.7,37.9,0.14,58.0,13.94,0.77,75.62,27.0,65.22
Georgia,GEO,Asia,2018,4804.05,0.54,73.98,99.65,62.72,1.68,3.98,8.3,3.46,7.76,36.4,0.46,58.3,12.67,0.71,71.01,24.0,65.2
Georgia,GEO,Asia,2019,4741.28,0.54,74.17,99.88,68.85,1.89,4.03,8.2,3.83,7.31,35.9,0.71,58.63,11.56,0.75,71.7,22.0,65.09
Georgia,GEO,Asia,2020,4300.86,0.54,73.51,99.89,72.53,1.64,3.96,8.0,3.81,9.23,34.5,0.29,59.0,11.73,0.87,73.33,30.0,65.13
Georgia,GEO,Asia,2021,5083.61,0.54,71.64,99.92,76.44,1.5,3.98,7.9,3.59,10.54,34.2,0.14,59.43,11.78,0.84,75.56,60.0,64.88
Georgia,GEO,Asia,2022,6729.85,0.54,74.14,99.57,78.71,1.97,3.83,7.7,3.75,8.3,33.5,0.47,60.01,11.62,0.84,75.56,22.0,64.95
Georgia,GEO,Asia,2023,8283.67,0.55,74.5,99.56,81.88,1.7,3.8,7.6,3.71,6.86,34.8,0.04,60.75,11.55,0.84,77.07,20.0,65.0
Armenia,ARM2,Asia,2000,4455.7,0.48,72.15,82.43,2.67,1.44,4.66,70.32,5.35,7.42,50.73,0.47,48.46,13.64,34.72,61.59,593.3,146238810.0
Armenia,ARM2,Asia,2001,4598.1,0.48,72.04,83.69,7.05,1.49,4.47,69.45,5.27,7.92,47.36,0.35,48.5,13.16,36.22,62.56,588.9,148833243.0
Armenia,ARM2,Asia,2002,4757.6,0.48,72.33,83.92,10.08,1.45,4.8,68.78,5.36,7.2,49.08,1.26,51.96,10.08,26.43,62.78,590.8,151885975.0
Armenia,ARM2,Asia,2003,4978.5,0.49,72.38,82.89,12.32,1.52,4.46,68.01,5.14,7.89,51.88,0.14,50.59,11.45,35.0,63.92,593.7,155035748.0
Armenia,ARM2,Asia,2004,5245.3,0.48,72.03,84.4,13.05,1.42,4.59,67.28,5.32,7.24,53.57,0.03,51.4,12.39,38.55,63.53,579.5,157577511.0
Armenia,ARM2,Asia,2005,5502.0,0.49,72.2,85.85,15.22,1.5,4.47,68.85,5.63,7.0,48.05,0.64,50.68,12.24,33.83,64.45,570.6,160240813.0
Armenia,ARM2,Asia,2006,5752.4,0.5,72.63,86.52,20.1,1.56,4.33,64.79,5.52,8.13,45.34,1.06,53.47,12.54,41.84,65.87,542.1,163200715.0
Armenia,ARM2,Asia,2007,6196.9,0.49,72.26,84.74,20.25,1.57,4.49,66.72,5.07,7.5,50.72,0.39,50.28,12.9,35.41,65.18,561.3,165883414.0
Armenia,ARM2,Asia,2008,5859.2,0.51,73.06,85.03,20.44,1.58,4.18,63.76,5.65,8.48,49.4,0.63,55.51,11.79,36.92,68.56,529.8,168929459.0
Armenia,ARM2,Asia,2009,5806.9,0.51,73.1,86.8,26.68,1.69,4.19,61.81,5.87,7.2,46.46,0.18,54.96,10.6,40.26,67.72,544.9,171966765.0
Armenia,ARM2,Asia,2010,5980.8,0.51,73.11,87.48,23.7,1.8,4.32,62.07,6.0,7.38,48.05,0.47,56.42,11.35,33.33,69.46,537.1,175127046.0
Armenia,ARM2,Asia,2011,6319.7,0.51,73.43,87.18,29.88,1.69,4.24,62.22,5.64,7.82,51.55,0.7,54.68,11.23,44.47,68.62,539.7,177854031.0
Armenia,ARM2,Asia,2012,6641.6,0.51,73.06,88.25,38.31,1.67,4.25,60.77,5.58,7.16,47.86,0.35,55.25,11.67,44.43,70.04,505.8,181460802.0
Armenia,ARM2,Asia,2013,7024.6,0.52,72.97,88.68,39.15,1.7,4.27,58.54,5.24,8.6,52.06,0.22,55.87,13.21,42.35,71.02,498.8,184168539.0
Armenia,ARM2,Asia,2014,7333.6,0.52,73.45,89.82,37.19,1.85,4.09,59.48,5.23,8.67,50.58,0.28,55.8,14.42,43.12,73.14,503.3,187115382.0
Armenia,ARM2,Asia,2015,7748.8,0.52,73.47,89.84,47.53,1.96,4.12,59.33,6.05,8.5,49.8,0.44,57.45,10.87,41.91,70.08,496.3,190557079.0
Armenia,ARM2,Asia,2016,8191.1,0.53,73.17,88.75,45.6,1.66,4.16,56.69,5.33,7.83,46.19,0.14,56.52,11.8,42.85,71.41,475.1,194283095.0
Armenia,ARM2,Asia,2017,8525.4,0.52,73.22,90.41,44.35,1.41,3.93,57.77,5.94,7.46,47.23,0.54,57.07,11.65,44.97,71.57,480.6,197224324.0
Armenia,ARM2,Asia,2018,8714.1,0.53,73.51,91.72,49.46,1.65,3.88,56.11,5.98,8.28,47.25,1.69,59.37,11.36,41.76,72.68,470.9,201337455.0
Armenia,ARM2,Asia,2019,9130.4,0.54,73.54,91.47,50.9,1.43,3.78,54.54,5.89,8.25,48.85,0.2,60.1,12.43,45.09,74.37,456.3,204708535.0
Armenia,ARM2,Asia,2020,8881.4,0.53,73.49,91.39,54.27,1.76,3.96,54.72,5.81,8.34,48.39,0.57,59.13,14.16,43.01,72.33,463.6,208649033.0
Armenia,ARM2,Asia,2021,9272.4,0.54,74.12,91.97,57.35,1.74,3.83,52.98,5.86,7.53,47.27,0.56,58.14,9.44,42.01,71.66,467.0,212193017.0
Armenia,ARM2,Asia,2022,9807.4,0.53,73.34,92.5,62.54,1.58,3.96,53.41,5.48,7.73,45.43,0.15,60.61,12.2,48.16,74.58,457.6,216711585.0
Armenia,ARM2,Asia,2023,10151.8,0.55,74.38,93.42,61.61,1.59,3.77,53.5,6.12,8.83,46.63,0.83,61.47,10.91,48.47,76.76,432.6,220358223.0
Kyrgyzstan,KGZ,Asia,2000,279.62,0.4,68.56,98.7,1.04,0.52,5.18,44.0,3.51,4.41,31.0,1.43,35.32,2.14,5.74,56.51,72.0,25.54
Kyrgyzstan,KGZ,Asia,2001,308.41,0.39,68.71,98.7,3.0,0.39,4.94,41.6,3.85,4.28,30.2,0.69,35.32,2.27,5.04,57.48,72.0,25.78
Kyrgyzstan,KGZ,Asia,2002,321.73,0.4,68.16,98.7,3.0,0.46,5.08,39.4,4.45,4.59,30.3,1.57,35.31,2.42,4.57,58.9,74.0,26.02
Kyrgyzstan,KGZ,Asia,2003,380.51,0.4,68.26,81.8,3.91,0.46,5.04,37.2,4.48,5.82,28.7,0.26,35.31,2.55,6.84,56.09,75.0,26.29
Kyrgyzstan,KGZ,Asia,2004,433.23,0.4,68.15,80.46,5.09,0.45,5.05,35.4,4.62,6.2,34.8,0.19,35.31,2.68,7.21,59.41,74.0,26.61
Kyrgyzstan,KGZ,Asia,2005,476.55,0.4,67.96,80.91,10.53,0.42,4.99,33.9,4.87,7.45,32.6,1.12,35.3,2.82,8.01,60.42,74.0,26.92
Kyrgyzstan,KGZ,Asia,2006,543.11,0.4,67.7,99.24,12.31,0.43,5.04,32.6,5.55,8.31,37.4,0.13,35.3,2.96,8.13,58.95,76.0,27.21
Kyrgyzstan,KGZ,Asia,2007,721.77,0.42,67.9,99.24,14.03,0.39,4.93,31.1,6.47,6.93,33.9,1.0,35.3,3.09,8.55,61.56,75.0,27.47
Kyrgyzstan,KGZ,Asia,2008,966.39,0.41,68.45,99.24,15.7,0.53,4.92,29.3,5.91,6.53,31.5,1.0,35.29,3.21,5.39,59.87,73.0,27.73
Kyrgyzstan,KGZ,Asia,2009,870.2,0.42,69.1,99.24,16.0,0.45,4.77,27.4,6.23,6.9,29.9,0.71,35.28,3.34,20.55,60.97,71.0,28.1
Kyrgyzstan,KGZ,Asia,2010,876.95,0.42,69.3,99.24,16.3,0.46,4.78,25.6,5.82,6.95,30.1,1.14,35.27,3.5,1.21,62.39,71.0,28.5
Kyrgyzstan,KGZ,Asia,2011,1117.4,0.42,69.6,99.24,17.5,0.52,4.76,23.9,6.79,7.11,27.8,0.14,35.25,3.64,1.12,64.24,70.0,28.92
Kyrgyzstan,KGZ,Asia,2012,1168.62,0.43,70.0,99.24,19.8,0.47,4.65,22.6,7.38,8.51,27.4,1.27,35.22,3.79,39.96,65.25,67.0,29.47
Kyrgyzstan,KGZ,Asia,2013,1269.66,0.43,70.2,85.79,23.0,0.49,4.53,21.5,6.78,8.19,28.8,0.96,35.19,3.88,24.37,62.43,64.0,30.12
Kyrgyzstan,KGZ,Asia,2014,1264.53,0.43,70.4,86.62,28.3,0.56,4.67,20.5,5.53,7.36,26.8,0.02,35.15,4.02,2.21,66.32,62.0,30.79
Kyrgyzstan,KGZ,Asia,2015,1105.65,0.43,70.65,87.57,30.25,0.54,4.53,19.4,5.99,7.15,29.0,0.12,35.1,4.14,7.64,67.18,58.0,31.49
Kyrgyzstan,KGZ,Asia,2016,1103.27,0.44,70.95,88.6,40.53,0.58,4.57,18.4,6.59,6.41,26.8,0.02,35.05,4.29,0.03,68.22,53.0,32.2
Kyrgyzstan,KGZ,Asia,2017,1221.39,0.44,71.2,87.9,50.81,0.54,4.66,17.4,6.03,6.19,27.3,1.56,35.0,4.42,0.0,66.98,49.0,32.88
Kyrgyzstan,KGZ,Asia,2018,1283.52,0.45,71.4,88.77,62.8,0.56,4.55,16.6,5.55,5.01,27.7,0.09,34.94,4.56,0.0,67.77,49.0,33.6
Kyrgyzstan,KGZ,Asia,2019,1422.0,0.44,71.6,89.03,64.1,0.62,4.48,16.0,5.08,4.25,29.7,0.26,34.88,5.45,0.0,66.88,47.0,34.36
Kyrgyzstan,KGZ,Asia,2020,1229.52,0.44,71.8,87.85,72.0,0.6,4.46,15.6,5.73,4.94,29.0,0.65,34.82,5.94,0.0,68.9,55.0,35.07
Kyrgyzstan,KGZ,Asia,2021,1350.0,0.45,71.9,90.23,77.12,0.57,4.53,15.3,5.17,5.35,28.8,1.26,34.75,5.15,0.0,68.88,70.0,35.72
Kyrgyzstan,KGZ,Asia,2022,1739.72,0.45,72.05,90.35,84.19,0.64,4.44,15.1,7.17,5.05,26.4,0.93,34.7,4.77,0.0,70.39,44.0,36.37
Kyrgyzstan,KGZ,Asia,2023,2138.22,0.45,72.25,90.26,91.04,0.55,4.43,15.0,6.83,4.5,27.2,0.63,34.71,3.5,0.0,70.64,42.0,37.02
Tajikistan,TJK,Asia,2000,136.93,0.37,63.54,99.45,0.05,0.27,5.18,61.5,2.33,4.26,29.5,0.79,26.54,4.15,0.25,54.31,58.0,44.9
Tajikistan,TJK,Asia,2001,168.68,0.38,64.2,99.45,0.05,0.29,5.15,56.5,2.38,4.58,29.5,0.9,26.53,3.75,10.59,57.39,58.0,45.78
Tajikistan,TJK,Asia,2002,186.95,0.38,64.9,97.35,0.06,0.29,5.07,51.7,2.78,4.44,32.7,0.02,26.53,3.95,0.24,57.51,48.0,46.67
Tajikistan,TJK,Asia,2003,233.58,0.38,65.87,97.35,0.06,0.31,5.24,47.3,2.42,4.7,32.7,0.56,26.53,3.85,0.39,58.36,39.0,47.57
Tajikistan,TJK,Asia,2004,305.75,0.38,66.6,97.35,0.08,0.31,5.18,43.3,2.77,4.8,33.6,0.04,26.53,3.45,38.45,58.11,36.0,48.52
Tajikistan,TJK,Asia,2005,333.93,0.38,66.53,97.35,0.3,0.34,4.98,40.0,3.51,5.21,33.6,0.03,26.53,3.45,0.0,57.59,36.0,49.48
Tajikistan,TJK,Asia,2006,401.02,0.38,67.0,98.03,3.77,0.33,5.17,37.2,3.4,5.03,32.2,0.4,26.53,3.65,5.01,58.13,35.0,50.43
Tajikistan,TJK,Asia,2007,517.0,0.39,67.4,98.03,7.2,0.32,5.06,34.9,3.41,5.54,32.2,2.19,26.53,2.87,42.13,59.98,30.0,51.4
Tajikistan,TJK,Asia,2008,703.33,0.4,67.92,98.03,8.78,0.36,5.0,33.1,3.46,5.91,32.2,0.28,26.53,4.94,43.51,58.84,29.0,52.43
Tajikistan,TJK,Asia,2009,664.8,0.4,68.25,99.73,10.07,0.4,4.99,31.6,4.1,5.86,30.8,0.43,26.53,7.03,40.75,59.39,29.0,53.52
Tajikistan,TJK,Asia,2010,737.34,0.4,68.37,99.73,11.55,0.3,5.04,30.4,4.01,5.74,30.8,0.1,26.53,7.04,51.37,61.86,26.0,54.67
Tajikistan,TJK,Asia,2011,833.6,0.4,68.7,99.73,13.03,0.4,4.95,29.3,3.94,5.86,30.8,0.15,26.48,7.04,46.62,61.62,25.0,55.91
Tajikistan,TJK,Asia,2012,952.45,0.41,69.13,99.73,14.51,0.36,4.78,28.4,4.02,5.98,30.8,0.39,26.41,7.02,41.39,62.32,23.0,57.26
Tajikistan,TJK,Asia,2013,1028.2,0.41,69.58,84.41,16.0,0.34,4.78,27.6,5.29,6.53,34.0,0.02,26.49,7.02,40.56,61.75,21.0,58.71
Tajikistan,TJK,Asia,2014,1081.54,0.42,69.7,84.19,17.49,0.36,4.74,26.9,5.59,6.67,34.0,0.23,26.56,7.02,1.93,63.53,21.0,60.71
Tajikistan,TJK,Asia,2015,956.92,0.41,69.67,86.42,18.98,0.43,4.79,26.3,4.97,6.91,34.0,0.83,26.48,7.03,11.97,63.52,20.0,62.28
Tajikistan,TJK,Asia,2016,788.71,0.42,69.98,85.63,20.47,0.36,4.8,25.8,5.73,6.96,34.0,0.98,26.37,7.04,0.99,61.92,20.0,63.88
Tajikistan,TJK,Asia,2017,829.46,0.42,70.52,87.22,21.96,0.45,4.79,25.5,5.54,6.85,34.0,1.07,26.27,7.04,0.99,64.46,17.0,65.47
Tajikistan,TJK,Asia,2018,834.29,0.42,70.74,87.32,32.6,0.39,4.7,25.3,5.39,7.01,34.0,1.45,26.23,7.03,0.91,67.01,16.0,67.06
Tajikistan,TJK,Asia,2019,871.02,0.42,70.96,87.53,22.69,0.48,4.7,25.0,5.48,6.95,32.4,0.18,26.13,7.03,0.85,68.92,16.0,68.66
Tajikistan,TJK,Asia,2020,834.31,0.43,68.6,87.79,27.54,0.49,4.6,24.9,5.14,8.89,32.4,0.01,26.19,7.58,6.14,66.74,25.0,70.25
Tajikistan,TJK,Asia,2021,896.75,0.43,69.59,88.46,36.71,0.44,4.52,24.7,4.38,8.38,32.4,0.05,26.2,7.69,3.34,67.12,25.0,71.81
Tajikistan,TJK,Asia,2022,1052.18,0.44,71.56,89.91,48.91,0.45,4.51,24.4,5.4,7.63,39.5,0.87,26.2,7.05,3.34,69.95,14.0,73.36
Tajikistan,TJK,Asia,2023,1178.48,0.44,71.79,90.47,54.42,0.49,4.52,24.0,5.44,7.44,38.0,0.0,26.19,7.04,3.34,69.29,14.0,74.86
Uzbekistan,UZB,Asia,2000,555.15,0.42,65.46,98.64,0.48,0.68,4.96,54.8,4.98,5.13,35.9,0.85,47.67,11.81,5.02,57.56,42.0,56.86
Uzbekistan,UZB,Asia,2001,454.42,0.42,65.85,98.64,0.6,0.52,4.87,52.6,5.35,5.24,35.9,0.96,48.49,12.89,3.34,59.87,42.0,57.56
Uzbekistan,UZB,Asia,2002,381.41,0.41,66.38,98.64,1.08,0.6,4.81,50.0,5.39,5.14,33.0,0.05,49.26,12.31,0.33,57.32,41.0,58.27
Uzbekistan,UZB,Asia,2003,394.16,0.42,66.85,98.64,1.91,0.58,4.89,47.3,5.16,5.19,35.2,0.58,49.96,14.38,7.87,59.63,40.0,58.99
Uzbekistan,UZB,Asia,2004,462.17,0.43,67.2,82.82,2.59,0.75,4.87,44.4,5.79,4.84,35.2,0.47,50.57,13.36,5.86,61.3,39.0,59.72
Uzbekistan,UZB,Asia,2005,542.84,0.43,67.48,82.8,3.34,0.63,4.89,41.4,5.6,4.78,35.2,1.86,51.08,12.12,16.7,62.36,39.0,60.47
Uzbekistan,UZB,Asia,2006,649.12,0.43,67.9,83.87,6.39,0.69,4.71,38.5,5.36,4.75,35.2,0.15,51.46,11.19,9.03,61.95,38.0,61.26
Uzbekistan,UZB,Asia,2007,824.03,0.43,68.48,82.57,7.49,0.63,4.86,35.7,5.77,4.54,52.79,0.11,51.71,10.5,3.54,61.99,37.0,62.1
Uzbekistan,UZB,Asia,2008,1074.73,0.43,69.04,84.41,9.08,0.6,4.67,32.9,4.84,4.7,49.52,0.69,51.79,11.26,13.68,61.16,35.0,63.07
Uzbekistan,UZB,Asia,2009,1205.8,0.44,69.52,84.74,11.9,0.66,4.75,30.2,4.11,4.8,51.65,0.94,51.61,14.77,5.68,64.72,34.0,64.09
Uzbekistan,UZB,Asia,2010,1753.21,0.44,69.84,99.99,15.9,0.71,4.62,27.8,5.74,5.3,52.41,0.18,51.33,12.68,3.78,65.51,34.0,65.12
Uzbekistan,UZB,Asia,2011,2087.86,0.44,70.14,99.99,18.6,0.82,4.68,25.5,5.74,5.26,50.7,0.07,51.34,13.17,4.54,65.21,33.0,66.14
Uzbekistan,UZB,Asia,2012,2307.35,0.45,70.41,99.99,23.6,0.79,4.57,23.4,5.74,5.55,54.72,0.9,51.34,12.72,2.73,64.42,33.0,67.15
Uzbekistan,UZB,Asia,2013,2461.98,0.44,70.69,99.99,26.8,0.69,4.62,21.6,5.74,5.72,52.87,0.71,51.13,13.08,4.39,66.93,32.0,68.21
Uzbekistan,UZB,Asia,2014,2674.96,0.45,70.97,99.98,35.5,0.84,4.64,20.0,5.71,4.43,50.96,0.17,50.89,13.14,3.64,66.08,32.0,69.35
Uzbekistan,UZB,Asia,2015,2803.19,0.45,71.33,99.98,42.8,0.7,4.28,18.6,5.49,4.74,48.48,0.96,50.66,11.64,2.22,66.35,31.0,69.79
Uzbekistan,UZB,Asia,2016,2753.38,0.45,71.58,99.99,46.79,0.68,4.61,17.4,5.38,4.72,48.05,0.69,50.66,8.9,2.12,65.4,31.0,71.01
Uzbekistan,UZB,Asia,2017,2190.6,0.47,71.74,99.99,48.7,0.7,4.38,16.4,4.48,4.31,54.77,1.13,50.68,14.05,0.29,70.53,30.0,72.22
Uzbekistan,UZB,Asia,2018,1813.09,0.46,72.0,99.99,55.2,0.74,4.32,15.6,4.84,4.55,32.9,0.71,50.58,13.94,0.01,70.95,29.0,73.48
Uzbekistan,UZB,Asia,2019,2041.38,0.47,72.09,100.0,70.4,0.77,4.46,14.9,6.3,4.84,32.9,0.52,50.59,11.21,0.01,70.53,29.0,74.83
Uzbekistan,UZB,Asia,2020,1978.28,0.48,71.46,100.0,71.1,0.78,4.31,14.4,4.44,6.09,32.9,0.12,50.77,13.18,0.03,69.34,29.0,76.22
Uzbekistan,UZB,Asia,2021,2258.52,0.47,71.68,100.0,76.59,0.73,4.12,13.9,4.14,6.93,32.9,0.74,50.93,12.04,0.11,70.56,28.0,77.71
Uzbekistan,UZB,Asia,2022,2578.67,0.47,72.15,100.0,83.9,0.82,4.3,13.5,5.23,6.62,31.2,1.12,50.98,12.07,0.11,70.71,27.0,79.29
Uzbekistan,UZB,Asia,2023,2878.97,0.47,72.39,100.0,89.01,0.81,4.41,13.1,5.47,6.74,34.5,0.09,51.0,12.09,0.11,71.36,26.0,80.91
Turkmenistan,TKM,Asia,2000,633.84,0.52,64.93,84.42,0.13,2.13,4.34,57.5,5.48,4.03,40.8,0.86,46.07,11.73,0.0,63.96,25.0,9.75
Turkmenistan,TKM,Asia,2001,756.03,0.54,65.32,86.66,0.18,2.23,4.28,54.5,6.37,4.77,40.8,1.31,46.37,10.9,0.0,68.59,22.0,9.95
Turkmenistan,TKM,Asia,2002,935.54,0.53,65.59,85.02,0.3,2.39,4.16,51.3,6.18,4.11,47.73,1.41,46.59,10.14,0.0,66.22,20.0,10.15
Turkmenistan,TKM,Asia,2003,1228.95,0.54,65.85,85.19,0.43,2.53,4.37,48.4,5.93,4.98,48.5,0.54,46.7,9.29,0.0,67.89,18.0,10.35
Turkmenistan,TKM,Asia,2004,1379.23,0.54,66.06,85.89,0.75,2.7,4.34,45.6,5.86,6.19,49.33,0.62,46.74,8.42,0.0,68.6,17.0,10.55
Turkmenistan,TKM,Asia,2005,1604.02,0.54,66.28,86.7,1.0,2.28,4.29,43.0,5.28,5.59,44.46,1.05,46.77,7.5,0.0,66.62,15.0,10.75
Turkmenistan,TKM,Asia,2006,1996.59,0.54,66.57,88.07,1.32,2.31,4.32,40.9,5.64,4.92,46.81,0.35,46.81,6.6,0.0,71.36,14.0,10.95
Turkmenistan,TKM,Asia,2007,2414.96,0.53,67.02,86.5,1.41,2.78,4.33,39.0,5.77,3.09,45.95,0.76,46.84,5.72,0.0,69.08,13.0,11.16
Turkmenistan,TKM,Asia,2008,3605.5,0.55,67.58,87.39,1.75,2.68,3.98,37.5,5.94,3.45,50.86,0.33,46.87,4.85,0.0,71.18,11.0,11.37
Turkmenistan,TKM,Asia,2009,3707.98,0.55,68.16,88.15,1.95,2.62,4.14,36.3,3.05,2.81,49.83,0.53,46.89,4.0,0.0,70.13,10.0,11.6
Turkmenistan,TKM,Asia,2010,4058.54,0.55,68.61,89.2,3.0,2.5,3.92,35.3,3.05,3.21,46.26,0.86,46.92,4.0,0.0,72.19,9.0,11.84
Turkmenistan,TKM,Asia,2011,5143.62,0.56,68.87,89.75,5.0,2.88,3.91,34.7,3.05,3.22,46.57,0.34,46.94,4.0,0.0,72.72,8.0,12.09
Turkmenistan,TKM,Asia,2012,6053.87,0.56,68.96,89.71,7.2,2.16,3.78,34.2,3.05,3.34,46.87,0.8,46.96,3.99,0.0,73.66,7.0,12.36
Turkmenistan,TKM,Asia,2013,6599.65,0.57,68.97,91.47,9.6,2.44,3.95,33.9,3.05,3.97,44.29,0.3,46.98,3.99,0.0,73.32,7.0,12.64
Turkmenistan,TKM,Asia,2014,7164.15,0.57,69.0,91.82,12.2,2.51,3.66,33.9,3.05,4.26,50.25,1.32,47.0,4.0,0.0,75.12,6.0,12.93
Turkmenistan,TKM,Asia,2015,5759.5,0.57,69.06,90.17,15.0,2.23,3.86,33.9,3.05,5.02,46.03,0.0,47.01,4.02,0.0,74.24,6.0,13.23
Turkmenistan,TKM,Asia,2016,5686.98,0.57,69.14,92.23,17.99,3.03,3.84,34.1,3.12,5.59,45.58,1.02,47.02,4.03,0.0,75.0,6.0,13.53
Turkmenistan,TKM,Asia,2017,5828.48,0.57,69.19,93.08,17.99,2.45,3.84,34.2,3.12,5.82,48.01,0.76,47.03,4.04,0.0,77.04,5.0,13.85
Turkmenistan,TKM,Asia,2018,6125.05,0.58,69.27,92.85,17.99,2.39,3.74,34.1,3.12,5.55,48.35,0.65,47.04,4.04,0.0,78.91,5.0,14.16
Turkmenistan,TKM,Asia,2019,5998.0,0.58,69.4,99.9,17.99,2.87,3.81,33.9,3.12,5.55,48.21,0.59,47.05,4.04,0.0,77.02,5.0,14.48
Turkmenistan,TKM,Asia,2020,5972.72,0.58,68.85,99.9,58.22,2.85,3.55,33.4,3.76,5.57,47.19,0.16,47.05,4.49,0.0,77.92,5.0,14.79
Turkmenistan,TKM,Asia,2021,5723.3,0.59,69.35,99.9,60.42,2.97,3.71,32.7,3.85,5.49,48.89,0.56,47.06,4.46,0.03,76.94,6.0,15.09
Turkmenistan,TKM,Asia,2022,5837.84,0.59,69.91,99.9,65.9,2.44,3.57,32.0,3.58,5.37,45.78,0.06,47.06,4.02,12.97,78.63,5.0,15.39
Turkmenistan,TKM,Asia,2023,6231.91,0.6,70.07,99.9,67.52,2.94,3.56,31.3,2.71,5.5,48.47,0.51,47.07,4.01,10.7,79.8,5.0,15.67
Azerbaijan,AZE,Asia,2000,655.1,0.48,65.38,98.79,0.15,1.13,4.54,61.1,3.85,2.95,36.5,0.08,51.13,10.78,32.33,64.15,46.0,97.43
Azerbaijan,AZE,Asia,2001,703.67,0.48,66.04,98.79,0.31,1.62,4.69,56.8,3.5,2.77,36.5,1.15,51.16,13.86,28.4,62.2,45.0,98.19
Azerbaijan,AZE,Asia,2002,763.11,0.48,66.77,98.79,5.0,1.5,4.59,52.7,3.15,2.73,25.3,0.15,51.21,10.11,30.06,63.25,40.0,98.91
Azerbaijan,AZE,Asia,2003,883.69,0.49,67.04,84.0,5.0,1.58,4.41,48.9,3.29,2.73,26.8,0.17,51.73,11.66,33.22,63.87,41.0,99.62
Azerbaijan,AZE,Asia,2004,1045.01,0.48,67.49,99.59,8.03,1.23,4.61,45.4,3.45,2.66,26.6,0.09,52.28,11.55,38.33,63.46,40.0,100.48
Azerbaijan,AZE,Asia,2005,1578.37,0.49,67.71,99.59,8.03,1.44,4.43,42.2,2.97,2.23,26.6,0.01,52.5,9.46,35.34,64.19,40.0,101.52
Azerbaijan,AZE,Asia,2006,2472.96,0.49,68.49,99.59,11.99,1.52,4.37,39.2,2.56,2.07,26.6,0.3,52.65,12.09,36.49,66.43,33.0,102.67
Azerbaijan,AZE,Asia,2007,3851.33,0.5,68.66,99.59,14.54,1.63,4.47,36.6,2.55,1.99,26.6,0.24,52.83,13.23,0.0,65.83,33.0,103.85
Azerbaijan,AZE,Asia,2008,5574.47,0.5,69.36,99.59,17.08,1.4,4.24,34.1,2.44,2.05,26.6,1.13,53.06,12.92,0.0,68.1,30.0,106.06
Azerbaijan,AZE,Asia,2009,4950.4,0.51,69.87,99.76,27.4,1.36,4.17,31.8,3.22,2.77,47.97,0.34,53.14,11.9,0.01,65.85,29.0,108.29
Azerbaijan,AZE,Asia,2010,5843.53,0.5,70.31,99.77,46.0,1.4,4.26,29.7,2.78,2.65,50.81,0.44,53.28,12.6,0.01,69.34,28.0,109.54
Azerbaijan,AZE,Asia,2011,7189.82,0.5,70.56,99.78,50.0,1.53,4.21,27.7,2.44,2.6,49.07,0.91,53.51,11.05,43.19,70.35,27.0,110.98
Azerbaijan,AZE,Asia,2012,7495.87,0.51,71.08,99.78,54.2,1.34,4.1,25.9,2.07,3.16,48.42,0.3,53.81,12.25,0.0,68.34,28.0,112.46
Azerbaijan,AZE,Asia,2013,7875.35,0.52,71.48,99.79,73.0,1.63,4.31,24.2,2.44,3.23,48.0,0.28,54.18,14.3,0.59,70.77,24.0,113.92
Azerbaijan,AZE,Asia,2014,7890.84,0.51,71.93,99.79,75.0,1.39,4.33,22.6,2.63,3.59,43.54,0.31,54.63,9.53,0.72,70.72,23.0,115.35
Azerbaijan,AZE,Asia,2015,5500.5,0.51,72.35,99.79,77.0,1.79,4.23,21.1,2.95,4.34,52.05,0.07,55.16,11.25,0.78,71.37,21.0,116.73
Azerbaijan,AZE,Asia,2016,3880.69,0.52,72.57,99.79,78.2,1.43,4.1,19.8,2.9,4.42,44.85,0.67,55.76,10.61,0.93,73.51,22.0,118.03
Azerbaijan,AZE,Asia,2017,4147.2,0.52,72.69,99.79,79.0,1.62,3.94,18.6,2.47,4.07,47.26,0.28,56.43,11.94,0.95,71.82,22.0,119.21
Azerbaijan,AZE,Asia,2018,4739.79,0.52,73.02,99.79,79.8,1.43,4.01,17.5,2.46,3.84,46.38,0.47,57.18,12.4,1.13,74.09,21.0,120.26
Azerbaijan,AZE,Asia,2019,4805.75,0.52,73.29,99.8,81.1,1.64,3.77,16.5,3.18,4.18,49.71,0.24,58.13,11.35,1.33,73.6,21.0,121.28
Azerbaijan,AZE,Asia,2020,4229.91,0.53,70.31,99.8,84.6,1.87,3.99,15.6,4.33,5.85,49.35,0.34,58.29,11.66,1.33,74.57,21.0,122.12
Azerbaijan,AZE,Asia,2021,5408.05,0.55,71.0,99.8,86.0,1.43,3.73,14.7,3.7,4.69,47.53,0.27,58.37,14.14,1.22,76.82,55.0,122.66
Azerbaijan,AZE,Asia,2022,7770.59,0.54,74.12,99.78,88.0,1.51,3.89,13.9,3.05,3.42,47.65,0.26,58.44,12.0,1.22,75.8,32.0,122.71
Azerbaijan,AZE,Asia,2023,7133.03,0.54,74.43,99.78,89.0,1.57,3.83,13.2,3.66,4.27,48.69,0.57,58.51,10.6,1.22,75.3,18.0,122.85
Namibia,NAM,Africa,2000,2156.68,0.49,52.95,84.94,1.64,1.47,4.65,48.0,6.9,10.05,63.3,0.13,32.12,13.96,13.53,65.97,384.0,2.21
Namibia,NAM,Africa,2001,1915.59,0.49,51.98,84.94,2.42,1.57,4.46,46.9,6.89,10.47,63.3,0.0,32.86,12.16,8.89,63.08,376.0,2.26
Namibia,NAM,Africa,2002,1772.08,0.49,51.99,84.94,2.63,1.63,4.53,46.0,6.74,10.48,63.3,0.18,33.65,13.27,2.5,63.95,313.0,2.3
Namibia,NAM,Africa,2003,2569.25,0.49,51.92,84.94,3.36,1.58,4.44,45.2,6.14,10.74,63.3,0.42,34.55,11.04,0.87,64.24,290.0,2.33
Namibia,NAM,Africa,2004,3403.15,0.5,52.18,84.94,3.8,1.74,4.31,44.1,6.14,10.89,63.3,0.01,35.54,12.22,10.68,63.88,282.0,2.36
Namibia,NAM,Africa,2005,3685.77,0.5,52.56,86.43,4.01,1.49,4.44,41.3,6.03,10.83,63.3,0.33,36.59,11.38,0.44,64.43,344.0,2.39
Namibia,NAM,Africa,2006,4017.18,0.5,53.18,84.2,4.4,1.5,4.34,40.1,6.03,11.3,63.3,0.01,37.67,11.74,1.19,65.45,408.0,2.42
Namibia,NAM,Africa,2007,4379.04,0.51,54.03,86.33,4.84,1.77,4.31,41.4,6.03,11.41,61.0,0.08,38.76,14.11,9.83,66.85,489.0,2.45
Namibia,NAM,Africa,2008,4204.79,0.5,54.74,88.27,5.33,1.64,4.18,43.2,6.4,10.68,61.0,0.04,39.83,13.66,31.5,69.37,537.0,2.49
Namibia,NAM,Africa,2009,4302.91,0.51,55.35,88.27,6.5,1.88,4.39,44.8,6.4,9.9,61.0,0.78,40.85,11.34,7.66,67.25,547.0,2.52
Namibia,NAM,Africa,2010,5418.22,0.52,56.09,88.27,11.6,1.52,4.11,43.7,8.24,10.62,61.0,0.05,41.79,11.52,2.44,69.96,531.0,2.56
Namibia,NAM,Africa,2011,5834.79,0.51,56.65,88.27,12.0,1.72,4.22,44.2,8.02,10.86,61.0,0.27,42.63,11.17,8.13,68.93,498.0,2.61
Namibia,NAM,Africa,2012,5942.65,0.51,57.73,88.27,12.94,1.73,4.17,46.9,9.24,10.2,61.0,0.03,43.38,13.59,1.51,69.49,439.0,2.67
Namibia,NAM,Africa,2013,5346.62,0.52,58.47,88.27,13.9,1.52,4.08,45.8,8.6,10.09,59.1,0.36,44.11,14.29,10.02,71.57,402.0,2.74
Namibia,NAM,Africa,2014,5378.32,0.53,59.31,88.13,14.84,1.58,4.08,44.9,3.67,8.41,59.1,0.45,44.82,14.44,2.61,72.21,369.0,2.81
Namibia,NAM,Africa,2015,4774.11,0.52,60.01,88.13,25.69,1.85,4.0,45.3,9.85,9.98,59.1,0.74,45.51,10.7,2.18,72.31,307.0,2.88
Namibia,NAM,Africa,2016,4395.69,0.53,60.81,88.13,31.03,1.82,3.99,45.3,10.59,9.32,59.1,0.37,46.18,12.17,12.02,73.57,250.0,2.96
Namibia,NAM,Africa,2017,5143.96,0.54,61.66,88.13,36.84,1.73,4.06,44.3,1.4,8.71,59.1,0.31,46.81,10.13,12.24,72.8,213.0,3.04
Namibia,NAM,Africa,2018,5308.61,0.54,62.58,88.28,42.82,1.77,3.87,43.8,8.88,8.62,59.1,0.02,47.42,12.63,12.72,74.22,198.0,3.13
Namibia,NAM,Africa,2019,4731.92,0.53,63.55,88.28,49.78,1.67,3.89,42.8,9.32,8.86,46.45,0.25,48.0,11.04,49.55,74.16,175.0,3.22
Namibia,NAM,Africa,2020,3878.59,0.54,64.07,88.28,57.86,1.74,3.84,41.6,9.28,9.56,50.64,0.59,48.55,10.69,8.86,74.68,143.0,3.31
Namibia,NAM,Africa,2021,4412.84,0.54,60.85,87.64,60.26,1.86,3.79,40.4,10.39,10.2,47.23,0.11,49.06,9.8,25.58,74.73,254.0,3.41
Namibia,NAM,Africa,2022,4349.8,0.55,64.19,87.64,63.0,1.7,3.9,38.8,9.39,9.62,52.39,0.29,49.53,12.33,25.58,76.23,127.0,3.51
Namibia,NAM,Africa,2023,4187.61,0.54,67.39,87.64,63.7,1.82,3.96,38.3,9.39,9.48,48.51,0.93,49.95,11.31,25.58,77.15,139.0,3.6
Malawi,MWI,Africa,2000,224.22,0.34,46.17,64.13,0.13,0.14,5.46,98.9,3.61,2.35,65.8,0.08,14.68,5.04,2.94,53.43,506.0,120.02
Malawi,MWI,Africa,2001,215.47,0.34,47.2,64.13,0.16,0.14,5.39,138.5,3.1,2.06,39.9,0.06,14.78,5.22,3.01,53.26,447.0,122.96
Malawi,MWI,Africa,2002,428.21,0.35,48.18,78.4,0.22,0.15,5.36,83.8,3.1,2.7,39.9,0.29,14.87,5.25,3.39,55.19,404.0,126.01
Malawi,MWI,Africa,2003,383.35,0.34,49.6,78.96,0.28,0.18,5.38,76.4,2.21,3.32,39.9,0.03,14.96,5.16,2.7,53.06,346.0,129.21
Malawi,MWI,Africa,2004,404.67,0.36,51.07,80.05,0.35,0.2,5.19,70.1,2.21,4.07,39.9,0.5,15.03,4.96,2.46,54.2,304.0,132.59
Malawi,MWI,Africa,2005,414.36,0.36,52.47,80.86,0.38,0.2,5.38,65.1,2.21,4.3,39.9,0.3,15.1,4.93,2.68,55.82,283.0,136.19
Malawi,MWI,Africa,2006,440.82,0.37,53.65,81.06,0.43,0.19,5.3,61.6,2.21,4.91,39.9,0.6,15.18,4.95,2.67,56.9,286.0,139.99
Malawi,MWI,Africa,2007,475.18,0.37,54.69,80.77,0.97,0.19,5.16,59.1,2.43,5.44,39.9,0.43,15.25,4.88,2.69,56.24,333.0,144.0
Malawi,MWI,Africa,2008,554.05,0.36,55.72,80.56,0.7,0.19,5.2,56.0,2.43,6.11,45.5,0.48,15.32,4.8,2.66,59.64,430.0,148.24
Malawi,MWI,Africa,2009,625.87,0.37,56.71,82.62,1.07,0.24,5.06,53.7,2.43,5.87,45.5,0.43,15.4,4.73,2.33,59.37,512.0,152.69
Malawi,MWI,Africa,2010,683.12,0.38,57.79,83.1,2.26,0.22,5.04,51.5,2.43,5.14,45.5,0.02,15.48,4.78,2.34,59.99,517.0,157.26
Malawi,MWI,Africa,2011,763.06,0.38,58.86,82.26,3.33,0.24,4.8,48.0,2.85,5.32,45.5,0.28,15.55,4.83,2.37,59.12,486.0,161.91
Malawi,MWI,Africa,2012,558.46,0.37,59.87,84.56,4.35,0.24,4.98,45.1,2.53,6.02,45.5,0.57,15.63,4.95,2.78,60.61,447.0,166.63
Malawi,MWI,Africa,2013,496.95,0.38,60.82,82.73,5.05,0.24,5.1,42.6,3.72,8.22,45.5,0.32,15.7,4.98,3.09,63.89,410.0,171.42
Malawi,MWI,Africa,2014,529.51,0.38,61.65,72.83,5.83,0.29,5.12,41.1,3.33,6.9,44.7,0.2,15.77,4.97,3.15,62.34,367.0,176.3
Malawi,MWI,Africa,2015,539.61,0.39,62.32,72.83,6.0,0.27,4.99,39.7,3.85,6.63,44.7,0.22,15.83,4.95,3.48,63.58,354.0,181.22
Malawi,MWI,Africa,2016,450.51,0.38,63.16,72.83,6.3,0.28,4.97,39.1,3.28,7.73,44.7,0.41,15.9,5.01,3.34,63.47,312.0,186.23
Malawi,MWI,Africa,2017,495.77,0.39,63.91,72.83,7.0,0.28,4.7,38.5,2.77,7.58,44.7,0.17,15.96,5.05,3.82,64.31,284.0,191.34
Malawi,MWI,Africa,2018,533.2,0.4,64.46,76.72,8.8,0.28,4.72,38.0,3.32,6.88,38.5,0.01,16.02,5.02,4.66,65.38,267.0,196.52
Malawi,MWI,Africa,2019,580.89,0.39,65.0,76.72,11.06,0.31,4.7,38.3,3.32,6.37,38.5,0.09,16.14,4.96,7.49,61.56,260.0,201.8
Malawi,MWI,Africa,2020,602.51,0.4,65.22,70.15,13.9,0.3,4.62,38.2,3.32,7.04,38.5,0.09,16.3,5.72,7.6,67.02,256.0,207.19
Malawi,MWI,Africa,2021,617.45,0.4,64.78,70.15,15.3,0.31,4.62,38.3,2.75,7.52,38.5,0.53,16.49,5.65,7.6,66.09,286.0,212.64
Malawi,MWI,Africa,2022,604.27,0.4,66.04,70.15,16.85,0.33,4.72,38.6,2.75,6.63,38.5,0.85,16.71,5.02,7.6,65.94,239.0,218.17
Malawi,MWI,Africa,2023,633.21,0.42,67.35,70.15,17.99,0.34,4.62,38.4,2.75,6.53,49.74,0.17,16.97,5.01,7.6,67.04,225.0,223.85
Sierra Leone,SLE,Africa,2000,143.74,0.36,44.83,77.54,0.12,0.17,5.28,123.4,4.95,5.29,40.2,0.03,35.53,4.14,34.17,54.6,1603.0,61.29
Sierra Leone,SLE,Africa,2001,358.32,0.36,45.45,34.83,0.16,0.15,5.37,120.8,2.23,5.22,40.2,0.25,35.76,4.24,39.4,55.17,1518.0,65.01
Sierra Leone,SLE,Africa,2002,389.0,0.36,46.17,34.83,0.18,0.16,5.24,118.2,2.3,5.55,40.2,0.12,36.01,3.91,40.91,54.56,1492.0,68.88
Sierra Leone,SLE,Africa,2003,413.82,0.36,46.78,34.83,0.19,0.18,5.29,115.4,2.11,5.06,40.2,0.27,36.27,3.88,34.62,54.77,1433.0,71.73
Sierra Leone,SLE,Africa,2004,417.75,0.36,47.48,34.83,0.2,0.22,5.24,112.4,2.01,5.24,40.2,0.49,36.55,3.42,40.22,56.65,1366.0,74.2
Sierra Leone,SLE,Africa,2005,462.63,0.37,48.31,34.83,0.22,0.23,5.21,109.3,1.81,5.23,40.2,0.3,36.85,3.73,0.01,57.66,1294.0,76.22
Sierra Leone,SLE,Africa,2006,580.27,0.36,49.55,34.83,0.23,0.23,5.2,105.9,1.81,5.3,40.2,0.49,37.17,3.89,0.03,59.25,1168.0,77.92
Sierra Leone,SLE,Africa,2007,631.89,0.37,50.02,34.83,0.24,0.26,5.17,102.3,1.52,5.32,50.89,0.11,37.51,4.02,0.13,58.59,1132.0,79.65
Sierra Leone,SLE,Africa,2008,705.36,0.37,50.69,83.75,0.25,0.25,5.15,98.6,1.45,5.6,34.0,0.29,37.87,4.13,0.04,59.77,1093.0,81.67
Sierra Leone,SLE,Africa,2009,652.85,0.37,51.31,82.16,0.26,0.24,5.15,94.7,1.72,6.27,34.0,0.5,38.25,4.27,0.06,59.87,1054.0,83.9
Sierra Leone,SLE,Africa,2010,685.04,0.38,51.93,83.83,0.58,0.25,4.94,90.8,1.57,5.64,34.0,0.46,38.64,4.34,0.08,59.99,1018.0,86.21
Sierra Leone,SLE,Africa,2011,761.15,0.38,52.59,44.37,0.9,0.26,5.01,87.0,1.62,6.61,34.0,0.25,39.05,4.39,0.13,59.51,967.0,88.49
Sierra Leone,SLE,Africa,2012,937.5,0.38,53.16,44.37,2.5,0.28,4.87,83.4,1.78,5.93,34.0,0.21,39.46,4.38,0.21,60.63,915.0,90.76
Sierra Leone,SLE,Africa,2013,1117.47,0.39,54.05,44.37,4.0,0.24,4.91,80.1,1.56,8.46,34.0,0.09,39.89,4.38,0.32,60.73,842.0,93.02
Sierra Leone,SLE,Africa,2014,1117.76,0.39,54.28,44.37,6.06,0.3,4.99,77.8,1.74,15.12,34.0,0.62,40.33,4.68,2.02,62.02,821.0,95.27
Sierra Leone,SLE,Africa,2015,964.58,0.4,55.45,49.4,6.34,0.29,4.81,76.9,3.22,12.38,35.7,0.1,40.77,4.48,3.71,63.0,730.0,97.5
Sierra Leone,SLE,Africa,2016,844.42,0.4,56.94,49.4,7.68,0.32,4.89,71.3,1.85,10.05,35.7,0.33,41.23,4.18,3.3,64.07,633.0,99.82
Sierra Leone,SLE,Africa,2017,779.19,0.4,57.76,44.83,9.3,0.34,4.81,68.7,3.02,6.01,35.7,0.44,41.71,3.66,4.61,64.42,578.0,102.23
Sierra Leone,SLE,Africa,2018,845.91,0.41,59.06,48.81,14.42,0.31,4.62,66.3,4.47,5.3,35.7,0.21,42.2,3.19,4.76,64.62,491.0,104.66
Sierra Leone,SLE,Africa,2019,843.71,0.4,59.59,43.58,15.71,0.28,4.53,64.0,4.65,5.71,35.7,0.22,42.7,3.2,4.77,66.11,464.0,107.12
Sierra Leone,SLE,Africa,2020,845.28,0.41,59.69,43.58,17.12,0.34,4.52,61.9,5.35,5.66,35.7,0.29,43.21,3.51,4.77,66.28,422.0,109.62
Sierra Leone,SLE,Africa,2021,885.4,0.42,60.26,43.58,18.65,0.33,4.62,59.9,5.59,5.07,35.7,0.47,43.73,3.55,4.78,65.83,403.0,112.14
Sierra Leone,SLE,Africa,2022,860.37,0.41,61.28,43.58,21.51,0.36,4.53,58.1,4.91,4.8,55.57,0.28,44.27,3.14,4.78,67.09,370.0,114.67
Sierra Leone,SLE,Africa,2023,758.33,0.41,61.79,88.75,23.71,0.34,4.62,56.3,2.62,4.72,50.65,0.53,44.81,3.09,4.78,66.52,354.0,117.21
Guinea,GIN,Africa,2000,518.16,0.37,52.42,29.7,0.1,0.33,5.31,97.3,1.78,4.74,43.0,0.52,30.92,12.23,35.37,55.42,951.0,34.3
Guinea,GIN,Africa,2001,483.09,0.38,52.67,29.7,0.18,0.3,5.28,93.6,1.43,4.88,43.0,0.36,31.22,12.34,38.69,55.38,946.0,34.75
Guinea,GIN,Africa,2002,495.92,0.38,53.2,29.7,0.4,0.38,5.14,90.1,1.78,5.36,43.0,0.66,31.51,13.84,42.02,57.65,916.0,35.3
Guinea,GIN,Africa,2003,566.49,0.39,53.59,29.7,0.45,0.3,5.14,87.0,1.63,4.77,43.0,0.39,31.81,12.36,34.81,57.71,892.0,36.1
Guinea,GIN,Africa,2004,584.9,0.38,53.98,29.7,0.51,0.36,5.26,84.1,1.52,4.78,43.0,0.12,32.1,12.02,41.47,56.69,869.0,36.88
Guinea,GIN,Africa,2005,463.18,0.39,54.42,29.7,0.54,0.34,5.1,81.7,1.27,4.03,39.4,0.19,32.4,14.33,33.56,56.78,843.0,37.63
Guinea,GIN,Africa,2006,446.98,0.39,54.88,29.7,0.64,0.31,5.13,79.6,1.27,3.62,39.4,0.14,32.69,12.6,34.79,59.07,825.0,38.42
Guinea,GIN,Africa,2007,650.15,0.4,55.23,25.31,0.78,0.37,4.93,77.9,1.58,3.48,39.4,0.43,32.97,14.42,44.98,58.66,802.0,39.32
Guinea,GIN,Africa,2008,703.53,0.4,55.7,25.31,0.92,0.43,5.07,76.6,1.58,3.27,39.4,0.85,33.26,14.31,44.41,59.11,772.0,40.29
Guinea,GIN,Africa,2009,662.19,0.4,56.05,25.31,0.94,0.38,4.82,75.4,2.21,3.58,39.4,0.19,33.54,13.01,0.14,58.82,766.0,41.28
Guinea,GIN,Africa,2010,659.24,0.4,56.43,25.31,1.0,0.38,4.79,74.4,2.55,3.43,33.7,0.31,33.81,13.37,0.15,62.85,750.0,42.31
Guinea,GIN,Africa,2011,636.69,0.42,56.78,25.31,2.0,0.46,4.69,73.6,2.29,3.79,33.7,0.03,34.07,13.87,0.17,59.89,728.0,43.37
Guinea,GIN,Africa,2012,699.35,0.41,57.12,25.31,3.1,0.41,4.83,72.9,1.83,3.5,33.7,0.02,34.33,12.52,0.13,63.12,703.0,44.45
Guinea,GIN,Africa,2013,748.46,0.42,57.46,32.0,4.5,0.38,4.71,72.1,2.63,3.46,33.7,0.24,34.58,13.42,0.03,63.65,682.0,45.55
Guinea,GIN,Africa,2014,765.15,0.42,57.58,32.0,6.4,0.45,4.78,72.0,2.42,4.79,33.7,0.05,34.82,12.07,0.02,63.93,664.0,46.69
Guinea,GIN,Africa,2015,747.36,0.42,57.9,32.0,9.2,0.44,4.7,71.2,2.52,5.81,33.7,0.74,35.04,13.14,0.02,65.24,642.0,47.89
Guinea,GIN,Africa,2016,712.0,0.42,58.49,32.0,13.1,0.46,4.77,69.9,2.54,5.4,29.6,0.23,35.31,10.25,0.03,67.07,606.0,49.13
Guinea,GIN,Africa,2017,833.6,0.42,58.72,39.62,18.7,0.42,4.59,69.0,2.32,3.92,29.6,0.32,35.58,13.73,0.04,67.37,582.0,50.41
Guinea,GIN,Africa,2018,933.27,0.43,59.04,39.62,21.83,0.46,4.49,68.1,2.38,3.74,29.6,0.22,35.86,12.58,1.05,66.96,560.0,51.7
Guinea,GIN,Africa,2019,1031.34,0.43,59.38,39.62,23.89,0.45,4.79,67.0,1.86,4.09,29.6,0.62,36.13,11.1,1.03,66.75,548.0,53.05
Guinea,GIN,Africa,2020,1053.66,0.43,59.35,39.62,26.15,0.51,4.43,65.7,2.45,3.9,29.6,0.34,36.48,13.18,0.9,64.66,528.0,54.42
Guinea,GIN,Africa,2021,1244.97,0.44,59.37,39.62,28.61,0.46,4.41,64.4,2.04,3.72,29.6,0.19,36.85,12.84,0.74,70.68,533.0,55.8
Guinea,GIN,Africa,2022,1416.6,0.44,60.43,90.26,31.31,0.45,4.66,62.9,2.01,3.83,47.7,0.81,37.24,12.52,0.74,66.8,500.0,57.2
Guinea,GIN,Africa,2023,1555.49,0.44,60.74,89.97,32.32,0.52,4.33,61.4,1.72,3.69,50.93,0.06,37.65,11.33,0.74,67.18,494.0,58.63
Haiti,HTI,Americas,2000,820.6,0.39,58.18,58.74,0.23,0.38,5.16,71.1,4.46,3.99,59.0,0.8,36.84,8.44,36.08,57.33,440.0,301.28
Haiti,HTI,Americas,2001,748.82,0.39,58.59,58.74,0.34,0.44,5.09,68.8,5.04,3.75,59.0,0.21,38.39,9.73,35.21,56.14,428.0,306.82
Haiti,HTI,Americas,2002,720.97,0.4,59.04,58.74,0.89,0.46,5.07,66.7,4.99,3.43,59.0,0.19,39.97,11.01,34.75,57.43,410.0,312.32
Haiti,HTI,Americas,2003,579.0,0.39,59.44,58.74,1.65,0.48,5.2,64.9,4.36,3.54,59.0,0.46,41.2,12.15,39.47,56.91,385.0,317.85
Haiti,HTI,Americas,2004,683.19,0.41,58.52,58.74,5.4,0.44,4.98,63.2,4.75,3.43,59.0,0.08,41.87,13.42,42.73,62.41,427.0,323.3
Haiti,HTI,Americas,2005,775.85,0.4,60.32,58.74,6.38,0.51,4.93,61.8,4.26,3.31,49.89,1.04,42.58,14.56,38.13,56.71,355.0,328.78
Haiti,HTI,Americas,2006,828.81,0.4,60.74,58.74,6.8,0.47,4.99,60.4,5.04,3.48,50.32,0.08,43.28,15.87,40.48,59.8,368.0,334.42
Haiti,HTI,Americas,2007,984.57,0.41,61.09,82.44,7.2,0.5,4.96,59.1,4.56,3.65,50.6,0.52,43.99,16.8,39.01,59.89,383.0,340.11
Haiti,HTI,Americas,2008,1094.66,0.42,61.28,83.05,7.6,0.49,4.64,58.0,5.21,3.76,52.94,0.32,44.68,16.2,33.88,61.71,394.0,345.82
Haiti,HTI,Americas,2009,1196.85,0.42,61.69,73.95,8.1,0.5,4.66,56.8,4.59,3.5,41.1,0.02,45.38,15.4,45.92,60.25,397.0,351.58
Haiti,HTI,Americas,2010,1209.73,0.42,45.58,73.95,8.37,0.54,4.82,79.3,4.68,4.55,41.1,0.28,46.07,15.24,0.07,61.75,398.0,355.71
Haiti,HTI,Americas,2011,1312.04,0.42,61.58,73.95,9.0,0.54,4.84,54.4,1.75,5.91,41.1,0.13,46.75,14.51,0.1,62.02,409.0,359.76
Haiti,HTI,Americas,2012,1361.39,0.43,62.27,73.95,9.8,0.5,4.62,53.2,1.75,5.56,41.1,0.8,47.43,14.1,0.16,63.83,385.0,365.38
Haiti,HTI,Americas,2013,1457.83,0.43,62.62,73.95,10.6,0.51,4.72,52.0,1.75,4.11,41.1,0.28,48.1,13.7,0.21,65.85,380.0,370.91
Haiti,HTI,Americas,2014,1460.19,0.43,62.97,73.95,11.4,0.57,4.72,50.9,1.75,4.52,41.1,0.88,48.77,13.81,0.24,65.65,373.0,376.39
Haiti,HTI,Americas,2015,1411.13,0.44,63.22,68.01,14.2,0.55,4.61,49.7,1.85,5.08,41.1,1.79,49.43,13.78,0.29,65.27,364.0,381.83
Haiti,HTI,Americas,2016,1318.4,0.44,63.32,68.01,22.8,0.55,4.65,48.5,1.39,4.81,48.68,0.12,50.09,13.9,0.31,65.49,356.0,387.21
Haiti,HTI,Americas,2017,1395.24,0.44,63.83,68.01,27.2,0.59,4.58,47.2,1.5,3.82,50.78,0.36,50.74,13.93,0.38,66.24,351.0,392.52
Haiti,HTI,Americas,2018,1496.38,0.44,64.08,68.01,32.47,0.56,4.49,46.0,1.64,4.32,47.46,0.18,51.37,13.93,0.43,69.02,358.0,397.76
Haiti,HTI,Americas,2019,1352.17,0.44,64.33,68.01,35.76,0.6,4.69,44.7,1.08,3.91,53.34,0.08,52.01,14.1,2.86,68.07,351.0,402.94
Haiti,HTI,Americas,2020,1290.33,0.45,63.77,68.01,39.39,0.57,4.39,43.6,1.11,3.79,53.16,0.35,52.63,15.57,6.14,68.3,346.0,407.98
Haiti,HTI,Americas,2021,1841.33,0.45,62.61,88.74,43.38,0.62,4.49,42.5,1.24,3.58,49.87,1.04,53.25,15.3,7.2,66.17,385.0,412.72
Haiti,HTI,Americas,2022,1760.63,0.46,63.95,89.06,47.77,0.62,4.33,41.3,1.03,3.21,51.02,0.27,53.85,14.54,7.2,68.96,331.0,417.4
Haiti,HTI,Americas,2023,1705.76,0.46,64.94,90.38,47.99,0.64,4.36,40.1,0.96,3.19,48.01,0.38,54.45,14.46,7.2,68.67,328.0,422.26
North Macedonia,MKD,Europe,2000,1861.9,0.51,72.95,96.13,2.49,1.87,4.48,14.2,3.3,8.87,34.3,1.23,58.49,32.2,27.27,64.59,11.0,79.68
North Macedonia,MKD,Europe,2001,1823.02,0.51,73.44,96.13,3.47,2.5,4.4,13.4,3.3,8.38,34.3,0.11,58.09,30.52,34.08,63.83,9.0,80.02
North Macedonia,MKD,Europe,2002,1989.14,0.52,73.04,96.13,17.33,2.06,4.3,12.9,3.3,8.98,38.5,0.46,57.87,31.94,31.66,67.42,10.0,79.44
North Macedonia,MKD,Europe,2003,2445.36,0.51,73.24,96.13,19.07,2.04,4.36,12.6,3.3,9.01,38.7,2.35,57.85,36.69,34.8,67.65,8.0,79.54
North Macedonia,MKD,Europe,2004,2818.58,0.52,73.6,96.13,24.44,2.2,4.27,12.5,3.3,8.47,38.4,0.48,57.85,37.16,18.03,67.47,8.0,79.28
North Macedonia,MKD,Europe,2005,3120.98,0.53,73.7,96.13,26.45,2.03,4.19,12.2,3.3,7.68,39.3,0.64,57.86,37.32,8.97,69.58,7.0,78.86
North Macedonia,MKD,Europe,2006,3440.44,0.52,73.9,85.89,28.62,2.14,4.16,11.6,5.8,7.38,42.6,0.18,57.88,36.39,5.5,68.41,7.0,78.42
North Macedonia,MKD,Europe,2007,4204.11,0.53,73.8,88.31,36.3,2.13,4.28,10.9,5.57,6.57,42.6,0.56,57.91,35.23,0.0,69.17,7.0,78.59
North Macedonia,MKD,Europe,2008,5026.42,0.53,74.4,86.81,46.04,2.12,4.2,10.2,6.3,6.55,46.1,0.34,57.96,33.93,0.0,69.82,6.0,78.14
North Macedonia,MKD,Europe,2009,4799.79,0.53,74.45,86.23,51.77,2.15,4.16,9.6,6.29,6.53,42.8,0.62,58.03,32.35,0.01,69.96,6.0,77.67
North Macedonia,MKD,Europe,2010,4833.37,0.53,75.0,89.3,51.9,2.31,3.97,9.2,5.4,6.71,40.1,0.18,58.12,33.14,0.01,71.22,5.0,77.17
North Macedonia,MKD,Europe,2011,5416.87,0.53,75.1,88.54,56.7,2.0,4.21,9.1,5.53,6.52,39.4,0.29,58.24,31.5,0.02,67.98,5.0,76.82
North Macedonia,MKD,Europe,2012,5049.83,0.54,74.9,89.35,57.45,2.12,4.14,9.2,5.7,6.61,38.1,1.05,58.39,31.1,0.04,70.44,5.0,76.52
North Macedonia,MKD,Europe,2013,5626.26,0.55,75.4,89.28,65.24,2.42,3.91,9.5,5.73,6.72,36.2,0.18,58.58,29.02,0.15,73.26,5.0,76.24
North Macedonia,MKD,Europe,2014,5925.39,0.55,75.45,90.8,68.06,2.13,4.05,9.8,5.3,6.29,35.2,0.51,58.8,28.22,1.58,73.39,4.0,76.03
North Macedonia,MKD,Europe,2015,5262.69,0.55,75.4,91.25,70.38,1.96,3.94,9.8,5.89,6.34,35.6,0.39,59.07,26.4,2.9,72.81,4.0,75.83
North Macedonia,MKD,Europe,2016,5598.49,0.56,75.4,92.81,72.16,2.13,3.9,9.4,6.11,6.38,34.5,0.16,59.38,24.31,3.01,73.67,4.0,75.59
North Macedonia,MKD,Europe,2017,5955.3,0.55,75.95,92.38,74.52,2.07,3.86,8.5,5.37,6.44,34.2,0.67,59.74,22.86,3.32,73.01,4.0,75.28
North Macedonia,MKD,Europe,2018,6713.99,0.56,76.65,91.42,79.17,1.98,3.82,7.4,5.94,6.46,33.0,0.46,60.16,21.21,3.11,75.23,3.0,74.9
North Macedonia,MKD,Europe,2019,6718.86,0.56,76.6,93.02,81.41,2.32,3.81,6.3,5.74,7.07,33.5,0.29,60.63,17.41,3.08,76.12,3.0,74.4
North Macedonia,MKD,Europe,2020,6659.6,0.56,74.4,93.79,81.41,2.33,3.76,5.3,6.23,7.73,33.5,0.23,61.16,16.58,5.18,77.5,7.0,73.6
North Macedonia,MKD,Europe,2021,7620.8,0.57,73.25,93.2,81.87,2.2,3.79,4.4,6.07,8.42,33.5,1.24,61.68,15.8,4.73,75.59,12.0,72.84
North Macedonia,MKD,Europe,2022,7606.24,0.58,74.42,93.7,83.85,2.35,3.76,3.7,6.28,7.42,33.5,0.66,61.95,14.48,4.73,78.76,3.0,72.63
North Macedonia,MKD,Europe,2023,8674.36,0.57,75.32,94.4,88.5,2.46,3.76,3.0,5.46,7.43,50.13,1.03,62.25,13.17,4.73,79.46,3.0,72.47
Montenegro,MNE,Europe,2000,1627.07,0.54,73.4,97.77,0.89,2.4,4.14,12.7,5.22,8.28,44.8,0.8,59.09,30.45,24.73,67.7,11.0,160485828.0
Montenegro,MNE,Europe,2001,1909.6,0.54,73.58,97.77,25.35,2.76,4.33,12.2,5.69,8.15,48.67,0.54,60.14,30.54,28.92,67.89,11.0,163622330.0
Montenegro,MNE,Europe,2002,2106.64,0.54,73.97,97.77,25.35,2.31,4.3,11.5,5.78,8.17,30.2,0.39,61.03,30.36,32.53,68.75,10.0,166492989.0
Montenegro,MNE,Europe,2003,2789.16,0.55,74.06,97.77,25.35,2.69,4.03,10.8,5.51,7.99,30.2,0.48,61.7,30.39,25.82,69.8,10.0,45.73
Montenegro,MNE,Europe,2004,3380.17,0.55,74.21,97.77,25.35,2.79,3.93,10.1,5.16,8.3,30.2,0.31,62.21,30.34,33.27,67.72,9.0,45.73
Montenegro,MNE,Europe,2005,3674.62,0.55,73.98,97.77,27.1,2.97,4.16,9.3,5.68,8.57,30.2,0.52,62.68,30.31,36.21,67.33,8.0,45.73
Montenegro,MNE,Europe,2006,4418.85,0.55,73.84,97.77,28.9,3.03,4.03,8.6,5.37,8.52,30.0,0.62,63.11,24.82,32.95,68.8,8.0,45.73
Montenegro,MNE,Europe,2007,5971.85,0.56,74.34,88.24,30.8,2.68,4.1,7.8,5.24,8.53,31.4,0.16,63.5,19.4,33.68,70.25,8.0,45.79
Montenegro,MNE,Europe,2008,7359.95,0.56,75.14,98.44,32.9,2.78,3.91,7.1,5.98,7.97,30.5,0.19,63.84,17.15,35.47,74.6,8.0,45.87
Montenegro,MNE,Europe,2009,6700.11,0.56,75.14,98.44,35.1,2.8,3.92,6.4,6.22,7.97,31.0,0.69,64.11,19.09,36.91,71.41,8.0,45.97
Montenegro,MNE,Europe,2010,6678.64,0.57,75.99,98.44,37.5,2.5,3.86,5.8,5.62,7.97,28.9,0.65,64.31,19.65,40.01,72.89,7.0,46.05
Montenegro,MNE,Europe,2011,7265.52,0.57,76.08,98.44,35.61,3.41,3.85,5.2,6.02,7.97,30.8,0.07,64.42,19.76,18.33,72.59,7.0,46.12
Montenegro,MNE,Europe,2012,6552.48,0.56,76.3,98.44,56.84,2.61,3.95,4.7,6.13,8.3,41.2,0.42,64.52,19.81,0.0,73.69,7.0,46.2
Montenegro,MNE,Europe,2013,7102.78,0.57,76.49,98.44,60.31,2.35,3.99,4.3,6.08,8.47,39.0,0.06,64.63,19.58,0.0,74.82,7.0,46.29
Montenegro,MNE,Europe,2014,7342.17,0.57,76.34,98.44,63.89,2.62,3.75,3.9,5.79,8.0,38.8,0.4,64.72,18.05,42.94,74.19,7.0,46.38
Montenegro,MNE,Europe,2015,6421.0,0.58,76.6,98.53,68.12,2.76,3.85,3.5,6.05,9.02,39.0,0.57,64.82,17.56,41.92,76.26,7.0,46.44
Montenegro,MNE,Europe,2016,6968.02,0.58,76.54,98.53,69.88,3.01,3.69,3.2,6.13,8.63,38.5,0.41,64.91,17.73,0.01,74.58,6.0,46.49
Montenegro,MNE,Europe,2017,7674.28,0.58,76.69,98.53,71.27,2.43,3.7,3.0,6.08,7.98,36.9,0.15,65.0,16.08,3.94,76.8,7.0,46.54
Montenegro,MNE,Europe,2018,8673.59,0.58,77.89,98.53,71.52,2.54,3.57,2.8,5.83,8.34,36.8,0.62,65.09,15.19,3.75,74.8,7.0,46.58
Montenegro,MNE,Europe,2019,8749.02,0.59,76.68,98.53,73.48,2.9,3.68,2.6,6.0,8.33,35.7,0.63,65.17,15.13,8.62,77.77,6.0,46.6
Montenegro,MNE,Europe,2020,7538.54,0.59,75.93,98.53,77.61,2.88,3.52,2.4,5.99,11.42,35.4,0.92,65.25,17.88,9.42,77.81,15.0,46.59
Montenegro,MNE,Europe,2021,9317.16,0.59,73.82,98.53,82.22,3.2,3.7,2.3,6.06,10.55,34.3,0.76,65.33,16.54,8.55,79.44,15.0,46.47
Montenegro,MNE,Europe,2022,10024.54,0.59,76.19,95.4,88.22,2.65,3.6,2.1,5.23,10.19,34.3,0.46,65.4,14.85,8.55,79.14,13.0,46.36
Montenegro,MNE,Europe,2023,12259.88,0.6,77.59,95.48,88.55,2.82,3.53,2.0,6.47,9.65,34.3,0.75,65.47,13.15,8.55,79.88,6.0,46.36
Bosnia,BIH,Europe,2000,1338.48,0.5,75.29,96.66,1.08,2.23,4.5,8.3,5.52,7.96,30.0,1.93,42.55,25.45,28.78,63.81,11.0,81.25
Bosnia,BIH,Europe,2001,1387.89,0.5,75.57,96.66,1.2,1.73,4.58,7.8,5.88,7.57,30.0,0.15,42.88,26.48,33.63,64.37,11.0,81.63
Bosnia,BIH,Europe,2002,1606.55,0.51,75.99,96.66,2.65,1.99,4.45,7.3,5.48,7.4,30.0,1.22,43.2,27.48,30.65,65.93,10.0,81.8
Bosnia,BIH,Europe,2003,2033.95,0.51,76.45,96.66,3.97,2.05,4.41,6.9,5.49,8.28,34.0,0.54,43.52,28.42,0.0,66.56,10.0,81.61
Bosnia,BIH,Europe,2004,2452.69,0.51,76.49,83.45,15.47,1.7,4.39,6.6,5.56,9.06,34.0,0.63,43.84,29.28,0.0,68.5,10.0,80.88
Bosnia,BIH,Europe,2005,2739.61,0.52,76.42,85.49,21.33,1.76,4.27,6.4,5.72,8.82,34.0,0.23,44.16,30.22,0.0,67.75,9.0,80.01
Bosnia,BIH,Europe,2006,3166.13,0.52,76.03,87.09,25.12,1.7,4.44,6.3,5.77,8.88,34.3,0.12,44.48,31.11,0.0,67.0,9.0,79.36
Bosnia,BIH,Europe,2007,3931.49,0.52,76.16,86.41,27.92,1.99,4.34,6.2,5.14,9.26,34.3,0.27,44.79,28.98,0.0,68.62,9.0,78.39
Bosnia,BIH,Europe,2008,4841.69,0.52,76.3,87.66,34.66,2.11,4.36,6.1,5.69,9.49,34.3,0.6,45.11,23.4,0.0,68.63,8.0,77.1
Bosnia,BIH,Europe,2009,4539.92,0.52,76.7,87.97,37.74,1.87,4.18,6.0,4.97,9.02,34.3,0.67,45.42,24.07,0.0,67.7,8.0,75.78
Bosnia,BIH,Europe,2010,4506.48,0.53,76.83,96.99,42.75,2.12,4.07,6.0,6.24,9.01,33.3,0.24,45.74,27.31,0.0,68.01,8.0,74.44
Bosnia,BIH,Europe,2011,4982.69,0.53,76.96,96.99,43.89,1.97,4.27,5.9,3.31,9.17,33.3,0.16,46.05,27.58,0.01,70.57,7.0,73.08
Bosnia,BIH,Europe,2012,4693.79,0.54,77.04,96.99,45.06,1.91,4.12,5.9,3.31,9.48,33.3,0.6,46.37,28.01,0.01,71.76,7.0,71.68
Bosnia,BIH,Europe,2013,5034.57,0.54,77.13,96.99,48.52,2.11,4.16,5.9,3.31,9.44,33.3,0.32,46.7,27.49,0.01,69.94,7.0,70.52
Bosnia,BIH,Europe,2014,5206.07,0.55,77.09,96.99,49.92,1.94,4.01,5.9,3.31,9.47,32.9,0.04,47.13,27.52,0.06,73.47,7.0,69.63
Bosnia,BIH,Europe,2015,4662.26,0.55,77.07,96.99,52.6,1.94,4.01,5.9,3.02,9.24,32.9,1.44,47.57,27.7,0.07,71.41,7.0,68.72
Bosnia,BIH,Europe,2016,4928.57,0.54,77.12,96.99,60.26,1.68,3.9,5.9,4.26,9.14,32.9,1.23,48.02,25.41,0.14,73.78,7.0,67.83
Bosnia,BIH,Europe,2017,5345.02,0.55,77.39,90.89,64.89,2.11,3.88,6.0,2.84,8.82,32.9,0.31,48.49,20.53,0.17,75.86,7.0,66.97
Bosnia,BIH,Europe,2018,6047.85,0.55,77.94,91.43,70.12,1.87,3.85,6.0,3.89,8.76,32.9,0.15,48.97,18.4,0.69,76.46,7.0,66.15
Bosnia,BIH,Europe,2019,6122.38,0.56,77.39,91.38,69.95,2.08,3.81,5.9,4.04,8.93,30.3,0.07,49.47,15.69,1.67,76.68,6.0,65.34
Bosnia,BIH,Europe,2020,6130.31,0.56,76.04,93.08,73.21,2.29,3.73,5.8,3.02,9.7,30.3,0.64,49.97,15.87,1.9,75.05,7.0,64.44
Bosnia,BIH,Europe,2021,7295.34,0.56,74.57,91.37,75.68,2.04,3.88,5.7,4.14,9.56,30.3,0.51,50.49,14.9,2.68,77.58,13.0,63.38
Bosnia,BIH,Europe,2022,7655.59,0.56,76.78,93.52,78.85,2.14,3.78,5.5,2.97,8.72,30.3,0.44,51.02,12.66,2.68,76.7,12.0,62.59
Bosnia,BIH,Europe,2023,8663.02,0.57,77.85,93.72,83.38,2.19,3.66,5.3,3.25,8.92,30.3,2.14,51.57,10.67,2.68,79.94,6.0,62.21
Belarus,BLR,Europe,2000,1276.29,0.52,68.91,99.59,1.86,2.25,4.35,9.9,6.2,5.28,31.2,1.18,69.92,12.19,0.0,67.51,20.0,49.2
Belarus,BLR,Europe,2001,1244.37,0.52,68.51,99.59,4.3,2.22,4.4,9.2,6.2,5.71,30.6,0.11,70.31,11.56,0.0,65.36,18.0,48.95
Belarus,BLR,Europe,2002,1479.38,0.52,68.06,99.59,8.95,2.1,4.35,8.5,6.2,5.62,30.3,0.38,70.88,10.87,0.0,65.69,16.0,48.64
Belarus,BLR,Europe,2003,1819.53,0.53,68.55,85.48,8.95,1.98,4.18,7.8,5.71,5.77,28.8,0.33,71.31,10.19,0.01,65.3,14.0,48.3
Belarus,BLR,Europe,2004,2378.34,0.52,68.96,86.13,8.95,2.07,4.26,7.2,5.71,5.74,26.5,0.08,71.77,9.46,0.0,67.36,12.0,47.98
Belarus,BLR,Europe,2005,3126.07,0.54,68.85,86.66,16.2,2.09,4.28,6.7,5.87,6.07,27.6,0.83,72.03,8.76,0.0,71.01,9.0,47.64
Belarus,BLR,Europe,2006,3848.22,0.53,69.4,99.62,16.2,2.24,4.16,6.1,6.08,5.57,28.3,0.46,72.61,8.07,0.01,67.84,7.0,47.34
Belarus,BLR,Europe,2007,4735.48,0.53,70.21,99.62,19.7,2.36,4.07,5.6,5.15,5.69,29.6,0.62,73.09,7.41,0.05,70.79,6.0,47.12
Belarus,BLR,Europe,2008,6376.18,0.55,70.46,99.62,23.0,1.74,4.1,5.1,5.15,5.29,27.8,0.3,73.55,6.73,0.1,70.03,4.0,46.96
Belarus,BLR,Europe,2009,5352.49,0.54,70.41,99.62,27.43,2.55,4.09,4.6,4.37,5.39,27.7,0.3,74.19,6.1,0.2,70.72,4.0,46.84
Belarus,BLR,Europe,2010,6034.68,0.55,70.4,99.62,31.8,2.54,4.1,4.2,5.22,5.66,28.6,0.09,74.55,6.05,0.24,70.26,3.0,46.74
Belarus,BLR,Europe,2011,6527.66,0.55,70.55,99.62,39.65,2.58,3.89,3.9,4.68,4.87,27.2,0.26,75.06,6.02,0.3,71.38,2.0,46.63
Belarus,BLR,Europe,2012,6953.22,0.55,71.97,99.62,46.91,2.42,4.0,3.7,4.96,5.25,26.5,0.53,75.53,5.96,0.33,72.75,2.0,46.56
Belarus,BLR,Europe,2013,7998.08,0.56,72.47,90.53,54.17,2.43,3.87,3.5,5.01,5.7,26.6,0.13,75.95,5.94,0.41,74.15,2.0,46.54
Belarus,BLR,Europe,2014,8341.32,0.56,72.97,90.34,59.02,2.22,3.94,3.3,4.82,5.39,27.2,0.39,76.34,5.91,0.39,73.96,2.0,46.55
Belarus,BLR,Europe,2015,5967.06,0.56,73.62,91.84,62.23,2.58,4.02,3.1,4.79,6.07,25.6,0.18,76.63,5.88,0.51,72.46,1.0,46.61
Belarus,BLR,Europe,2016,5039.78,0.56,73.83,99.87,71.11,2.79,3.84,2.9,4.95,5.91,25.3,0.67,76.85,5.84,0.74,74.56,1.0,46.65
Belarus,BLR,Europe,2017,5785.54,0.56,74.13,99.87,74.44,2.29,3.71,2.8,4.8,5.76,25.4,0.31,77.02,5.65,1.01,75.27,1.0,46.6
Belarus,BLR,Europe,2018,6360.04,0.57,74.18,99.87,79.13,2.59,3.69,2.6,4.84,5.53,25.2,0.67,77.21,4.76,1.16,75.75,1.0,46.5
Belarus,BLR,Europe,2019,6837.77,0.58,74.23,99.87,82.79,2.21,3.48,2.4,4.98,5.86,25.3,0.59,77.46,4.16,1.64,77.83,1.0,46.41
Belarus,BLR,Europe,2020,6542.86,0.58,72.14,99.87,85.09,2.54,3.68,2.2,4.86,6.41,24.4,0.6,77.79,4.05,2.46,77.88,2.0,46.21
Belarus,BLR,Europe,2021,7489.72,0.58,72.07,99.87,86.89,2.48,3.67,2.1,4.61,6.57,24.4,0.73,78.13,3.9,2.25,78.94,2.0,45.84
Belarus,BLR,Europe,2022,7994.65,0.58,74.1,99.87,89.51,2.02,3.66,2.0,4.63,6.58,24.4,0.75,78.47,3.57,2.25,77.82,1.0,45.46
Belarus,BLR,Europe,2023,7896.75,0.58,74.18,93.63,91.51,2.72,3.66,1.9,4.91,7.08,24.4,0.43,78.81,3.46,2.25,79.25,1.0,45.22
